clip_filename,source_filename,work_id
0001.mp3,Aaron Copland_An Outdoor Overture.mp3,wrk_36b95ba01ffb75
0002.mp3,Aaron Copland_Clarinet Concerto.mp3,wrk_8ac5126c0ff92f
0003.mp3,Aaron Copland_Connotations.mp3,wrk_15dac9396715b3
0004.mp3,Aaron Copland_Down a Country Lane.mp3,wrk_476d00595733d9
0005.mp3,Aaron Copland_Inscape.mp3,wrk_249268068824d7
0006.mp3,Aaron Copland_John Henry.mp3,wrk_243da284040ea3
0007.mp3,Aaron Copland_Letter from Home.mp3,wrk_dcd03bf3fdd481
0008.mp3,Aaron Copland_Midsummer Nocturne.mp3,wrk_ab58e317fd3040
0009.mp3,Aaron Copland_Music for a Great City.mp3,wrk_0ce2ed2e28afef
0010.mp3,Aaron Copland_Night Thoughts.mp3,wrk_bf0fcd8c063b83
0011.mp3,Aaron Copland_Nocturne.mp3,wrk_7d8889faa418b4
0012.mp3,Aaron Copland_Nonet.mp3,wrk_c4b3d9261b27fa
0013.mp3,Aaron Copland_Organ Symphony.mp3,wrk_158ab5d46df4b5
0014.mp3,Aaron Copland_Passacaglia.mp3,wrk_b24de7f187e160
0015.mp3,Aaron Copland_Piano Concerto.mp3,wrk_c317272ba6da3e
0016.mp3,Aaron Copland_Piano Fantasy.mp3,wrk_46b6fccd9149b5
0017.mp3,Aaron Copland_Piano Quartet.mp3,wrk_13871b6c287e5d
0018.mp3,Aaron Copland_Piano Sonata.mp3,wrk_9c38a38f407bbc
0019.mp3,Aaron Copland_Sextet.mp3,wrk_78ffee8d46a8f6
0020.mp3,Aaron Copland_Sonata for Violin and Piano.mp3,wrk_f11ee1ce5e4071
0021.mp3,Aaron Copland_Statements.mp3,wrk_29617c00b2e9e0
0022.mp3,Aaron Copland_Symphonic Ode.mp3,wrk_2609f2ccdd405a
0023.mp3,Aaron Copland_Symphony No.3.mp3,wrk_f9a3402e4428dc
0024.mp3,Aaron Copland_Three Latin American Sketches.mp3,wrk_8281d6d1292bfc
0025.mp3,Aaron Copland_Three Moods.mp3,wrk_8a351e416d3474
0026.mp3,Aaron Copland_Two Pieces.mp3,wrk_02989017463610
0027.mp3,Aaron Copland_Ukelele Serenade.mp3,wrk_a07ee3a12d7873
0028.mp3,Aaron Copland_Vitebsk.mp3,wrk_3c83669e1d3cc0
0029.mp3,Adrien Trybucki_Amadinda.mp3,wrk_d41a06f39b9ed1
0030.mp3,Adrien Trybucki_Mikropsia.mp3,wrk_00a51713936718
0031.mp3,Adrien Trybucki_Pulsus I.mp3,wrk_d17972854918fd
0032.mp3,Adrien Trybucki_Spira.mp3,wrk_21f1bdf86d2086
0033.mp3,Agata Zubel_Cadenza.mp3,wrk_d10fedbc90a59c
0034.mp3,Agata Zubel_Fireworks.mp3,wrk_16c593d1783b10
0035.mp3,Agata Zubel_Mono-drum.mp3,wrk_ffbc82880923a0
0036.mp3,Agata Zubel_Piano piano but not pianissimo.mp3,wrk_03d72139d7e8e8
0037.mp3,Aida Shirazi_Crystalline Trees.mp3,wrk_6bbbafd5a267e1
0038.mp3,Aida Shirazi_latent.mp3,wrk_aea94c73e62a42
0039.mp3,Aida Shirazi_The Shadow of a Leaf in Water.mp3,wrk_4c0d50a1c2cd23
0040.mp3,Aida Shirazi_umbra.mp3,wrk_b629cea41372b2
0041.mp3,Akira Miyoshi_String Quartet No. 2.mp3,wrk_534b64cd05e079
0042.mp3,Akira Nishimura_String Quartet No. 2.mp3,wrk_2ca6590352cffa
0043.mp3,Alain Bancquart_D'une fougère bleue les veines.mp3,wrk_467e4e47523302
0044.mp3,Alain Bancquart_Desiderio.mp3,wrk_796699b08cad71
0045.mp3,Alain Bancquart_Epilogue.mp3,wrk_f92de5af9a79de
0046.mp3,Alain Bancquart_Etude 237.mp3,wrk_e78032462786b0
0047.mp3,Alain Bancquart_Grande Mélodie.mp3,wrk_cc49686d878f56
0048.mp3,Alain Bancquart_Labyrinthemiroir.mp3,wrk_bc59433f7d9e05
0049.mp3,Alain Bancquart_Ma Manière de chat.mp3,wrk_25f69f6ba87c88
0050.mp3,Alain Bancquart_Piano Sonata No. 1.mp3,wrk_01080912cc0682
0051.mp3,Alain Bancquart_Regarde la Rivière.mp3,wrk_c79b9a0ed53dfc
0052.mp3,Alain Bancquart_Thrène II.mp3,wrk_7816188a2f10a9
0053.mp3,Alain Louvier_2 petites variations sur le Dies Irae.mp3,wrk_1d018671c7d307
0054.mp3,Alain Louvier_Biber and the Beast.mp3,wrk_e44476b26fe858
0055.mp3,Alain Louvier_Chimère bleue.mp3,wrk_4a76989b0309ad
0056.mp3,Alain Louvier_Cinq Ephémères.mp3,wrk_8151ba6ae1199a
0057.mp3,Alain Louvier_Clamavi.mp3,wrk_6adf49b66f051a
0058.mp3,Alain Louvier_Comme la Princesse Salomé est belle ce soir….mp3,wrk_34348afb3d8bb0
0059.mp3,Alain Louvier_Dextres.mp3,wrk_32911ae8387db5
0060.mp3,Alain Louvier_Diurne.mp3,wrk_f2f422330d7b30
0061.mp3,Alain Louvier_Duel.mp3,wrk_850da1743262a4
0062.mp3,Alain Louvier_Etudes pour Agresseurs Livre 2.mp3,wrk_7fd43d63b57f06
0063.mp3,Alain Louvier_Herbier 2.mp3,wrk_f6fee1a49fb8a9
0064.mp3,Alain Louvier_Herbier 5.mp3,wrk_12498d9fa97ae9
0065.mp3,Alain Louvier_La Dormeuse et les Oiseaux de Nuit.mp3,wrk_a9e235bbd3ebdf
0066.mp3,Alain Louvier_Le Dragon Vert.mp3,wrk_5f0623c0bd1c8d
0067.mp3,Alain Louvier_Le Jeu des Sept Musiques.mp3,wrk_e175bc3427ab77
0068.mp3,Alain Louvier_Le Soleil s’est noyé dans son sang qui se fige.mp3,wrk_473c802c54853f
0069.mp3,Alain Louvier_Nonagone.mp3,wrk_680d849c781317
0070.mp3,Alain Louvier_Promenade.mp3,wrk_63e249850995ef
0071.mp3,Alain Louvier_Shima.mp3,wrk_ea690423f7dd2c
0072.mp3,Alain Louvier_Triangle.mp3,wrk_4eadf30f9187fa
0073.mp3,Alain Louvier_…ce qu’ont vu les chevaux d’Alain.mp3,wrk_6e472fbad8cc1e
0074.mp3,Alban Berg_Lyrische Suite.mp3,wrk_0f4b62252efc93
0075.mp3,Alban Berg_String Quartet.mp3,wrk_0d173c3ea8058b
0076.mp3,Alban Berg_Vier Stücke.mp3,wrk_4ed9a76a5c9682
0077.mp3,Alberto Evaristo Ginastera_Cello Concerto No. 1.mp3,wrk_979c2aa2f0904d
0078.mp3,Alberto Evaristo Ginastera_Cello Concerto No. 2.mp3,wrk_b1fdc7100e2f77
0079.mp3,Alberto Evaristo Ginastera_Cello Sonata.mp3,wrk_335af0bc548a1e
0080.mp3,Alberto Evaristo Ginastera_Harp Concerto.mp3,wrk_a0dd94eb67e83d
0081.mp3,Alberto Evaristo Ginastera_Pampeana No. 2.mp3,wrk_b7ad19827509d1
0082.mp3,Alberto Evaristo Ginastera_Piano Concerto No. 1.mp3,wrk_dcdcbafff6f67b
0083.mp3,Alberto Evaristo Ginastera_Piano Concerto No. 2.mp3,wrk_4e062f6718509e
0084.mp3,Alberto Evaristo Ginastera_Piano Sonata No. 1.mp3,wrk_ad84f0d50a9bad
0085.mp3,Alberto Evaristo Ginastera_Piano Sonata No. 2.mp3,wrk_186632c3ca284d
0086.mp3,Alberto Evaristo Ginastera_Piano Sonata No. 3.mp3,wrk_849a68642aed19
0087.mp3,Alberto Evaristo Ginastera_Puneña No. 2.mp3,wrk_4cf71134600c0c
0088.mp3,Alberto Evaristo Ginastera_String Quartet No. 1.mp3,wrk_bf8ae8479d65ca
0089.mp3,Alberto Evaristo Ginastera_String Quartet No. 2.mp3,wrk_dbc6fb03adbb1f
0090.mp3,Alberto Evaristo Ginastera_Violin Concerto.mp3,wrk_a51c099f05f6d9
0091.mp3,Alberto Posadas_Anamorfosis.mp3,wrk_f078461f9a1618
0092.mp3,Alberto Posadas_Anábasis.mp3,wrk_085e66d488efda
0093.mp3,Alberto Posadas_Arborescencias.mp3,wrk_3216597c6a5591
0094.mp3,Alberto Posadas_Bifurcaciones.mp3,wrk_3330a8e16fe57e
0095.mp3,Alberto Posadas_Cripsis.mp3,wrk_d595ca257525a2
0096.mp3,Alberto Posadas_Hylé.mp3,wrk_bfc127132fa907
0097.mp3,Alberto Posadas_Knossos.mp3,wrk_9dc9cdf0a499cf
0098.mp3,Alberto Posadas_La lumière du noir.mp3,wrk_ce441f516d86fe
0099.mp3,Alberto Posadas_Modulaciones.mp3,wrk_9f696503650708
0100.mp3,Alberto Posadas_Nebmaat.mp3,wrk_f8cbd17a8a6adb
0101.mp3,Alberto Posadas_Objetos de la noche.mp3,wrk_e9b2e581478a76
0102.mp3,Alberto Posadas_Ondulado tiempo sonoro.mp3,wrk_8eb1255e494d63
0103.mp3,Alberto Posadas_Oscuro Abismo de llanto y de ternura.mp3,wrk_df0f341712ee0c
0104.mp3,Alberto Posadas_Poética del laberinto.mp3,wrk_20acab684d1037
0105.mp3,Alberto Posadas_Prónomo.mp3,wrk_71059b9b2c4ae7
0106.mp3,Alberto Posadas_Ruinas.mp3,wrk_dca5a7b8b94b95
0107.mp3,Alberto Posadas_Serán Ceniza.mp3,wrk_ff28adab48c763
0108.mp3,Alberto Posadas_Tombeau.mp3,wrk_02a0471065fadf
0109.mp3,Alberto Posadas_Tres pinturas imaginarias.mp3,wrk_e0b0d0fb524af0
0110.mp3,Alberto Posadas_Órbitas.mp3,wrk_75f2ac7e13f543
0111.mp3,Aldo Clementi_AEB.mp3,wrk_66f68f6a1103a4
0112.mp3,Aldo Clementi_B.A.C.H.mp3,wrk_a67b00a426a15f
0113.mp3,Aldo Clementi_Clessidra.mp3,wrk_510f53e888bf51
0114.mp3,Aldo Clementi_Composizione n. 1.mp3,wrk_88e379d55cb915
0115.mp3,Aldo Clementi_Duetto.mp3,wrk_38876f60fe37df
0116.mp3,Aldo Clementi_Etwas.mp3,wrk_d1776d1e0b6ebf
0117.mp3,Aldo Clementi_Informel 2.mp3,wrk_09429e31607e08
0118.mp3,Aldo Clementi_Intavolatura.mp3,wrk_21689fe5a6f926
0119.mp3,Aldo Clementi_Lento.mp3,wrk_de6cdc5f4e72a1
0120.mp3,Aldo Clementi_Replica.mp3,wrk_1a83f88f83e440
0121.mp3,Aldo Clementi_Reticolo - 4.mp3,wrk_456468375e4e7c
0122.mp3,Aldo Clementi_Studi.mp3,wrk_e65b82b7b7074b
0123.mp3,Aldo Clementi_Tre piccoli pezzi.mp3,wrk_f55e4012776b99
0124.mp3,Aldo Clementi_Triplum.mp3,wrk_333a302042f301
0125.mp3,Alessandro Solbiati_Fravi.mp3,wrk_83fc2248280480
0126.mp3,Alessandro Solbiati_Interludi.mp3,wrk_ca7bd44bd4e6ac
0127.mp3,Alessandro Solbiati_Mari.mp3,wrk_2d23c2e6b1e947
0128.mp3,Alessandro Solbiati_Nora.mp3,wrk_75fc67c52cfda2
0129.mp3,Alessandro Solbiati_Quelle pause di luce.mp3,wrk_793913a1b940d1
0130.mp3,Alessandro Solbiati_Sinfonia.mp3,wrk_060b2569236620
0131.mp3,Alessandro Solbiati_Sonata seconda.mp3,wrk_666c3fdea90f60
0132.mp3,Alessandro Solbiati_Sonata.mp3,wrk_f0fdeb2735b80a
0133.mp3,Alessandro Solbiati_Sonetto a Rilke.mp3,wrk_07b8e0df6e3b69
0134.mp3,Alessandro Solbiati_Studio.mp3,wrk_932dd6da0f66fd
0135.mp3,Alessandro Solbiati_Trittico.mp3,wrk_844cbd639edbde
0136.mp3,Alex Mincek_ALI.mp3,wrk_5181247f3d1fac
0137.mp3,Alex Mincek_Flutter.mp3,wrk_6e930f67424a3f
0138.mp3,Alex Mincek_For Petr Kotik.mp3,wrk_d06ce361957aa0
0139.mp3,Alex Mincek_Karate.mp3,wrk_b92f74fa3b7ac2
0140.mp3,Alex Mincek_Nucleus.mp3,wrk_4f5a2852053e08
0141.mp3,Alex Mincek_Pendulum III.mp3,wrk_abb9c6f6a2155f
0142.mp3,Alex Mincek_Pendulum VI - Trigger.mp3,wrk_14150c8793e660
0143.mp3,Alex Mincek_Pendulum VII.mp3,wrk_cea5d66bf73d5f
0144.mp3,Alex Mincek_Poco a Poco.mp3,wrk_4ac2e7ba84b220
0145.mp3,Alex Mincek_String Quartet No. 3.mp3,wrk_d70d5866d293c0
0146.mp3,Alex Paxton_Levels of Affection.mp3,wrk_889c310d1220d2
0147.mp3,Alex Paxton_World Builder Creature.mp3,wrk_94ef32e95d5d47
0148.mp3,Alexander Goehr_String Quartet No. 2.mp3,wrk_8c4c2440c14bc8
0149.mp3,Alexander Goehr_String Quartet No. 3.mp3,wrk_6a0b17d1c5b320
0150.mp3,Alexander Goehr_String Quartet No. 4.mp3,wrk_4867f0b478036b
0151.mp3,Alexandre Jamar_Five Forest Studies.mp3,wrk_2f417dd42db369
0152.mp3,Alexandre Scriabine_Piano Sonata No. 10.mp3,wrk_29f728b3bad7c9
0153.mp3,Alexandre Scriabine_Piano Sonata No. 9.mp3,wrk_a85b9b110f1d23
0154.mp3,Alexandros Markeas_Cinq souvenirs involontaires.mp3,wrk_64a0d289e4afb6
0155.mp3,Alexandros Markeas_Engrenages.mp3,wrk_3a84f06208668e
0156.mp3,Alexandros Markeas_Oneïron.mp3,wrk_0cf08d666668b7
0157.mp3,Alexandros Markeas_Quelques lignes.mp3,wrk_f768a3121549cc
0158.mp3,Alfred Schnittke_Canon in Memoriam Igor Stravinsky.mp3,wrk_0125d82c65a9fa
0159.mp3,Alfred Schnittke_Concerto for Piano Four Hands and Chamber Orchestra.mp3,wrk_8f3975e485e7ab
0160.mp3,Alfred Schnittke_Concerto for Three.mp3,wrk_443fbfbd4077f6
0161.mp3,Alfred Schnittke_Concerto Grosso No. 1.mp3,wrk_fbb203d30b9739
0162.mp3,Alfred Schnittke_Concerto Grosso No. 3.mp3,wrk_79f62f221c2e13
0163.mp3,Alfred Schnittke_Concerto Grosso No. 4 - Symphony No. 5.mp3,wrk_c2cacd0111277f
0164.mp3,Alfred Schnittke_Concerto Grosso n° 6.mp3,wrk_0832392f432b8d
0165.mp3,Alfred Schnittke_Concerto No. 3.mp3,wrk_6292baae16d773
0166.mp3,Alfred Schnittke_Concerto No. 4.mp3,wrk_4f308edc4f2cfc
0167.mp3,Alfred Schnittke_Eight Pieces.mp3,wrk_3c543865de2d41
0168.mp3,Alfred Schnittke_Five Aphorisms.mp3,wrk_230a8100048cdb
0169.mp3,Alfred Schnittke_Improvisation et fugue.mp3,wrk_dbb0665ade8c5d
0170.mp3,Alfred Schnittke_Improvisation.mp3,wrk_0a4c1362c742ec
0171.mp3,Alfred Schnittke_Monologue.mp3,wrk_d42257448055f8
0172.mp3,Alfred Schnittke_Moz-Art à la Haydn.mp3,wrk_0c4add2bc91413
0173.mp3,Alfred Schnittke_Piano Concerto.mp3,wrk_3a2309eb9307b8
0174.mp3,Alfred Schnittke_Piano Quartet.mp3,wrk_d7d1afb52ea853
0175.mp3,Alfred Schnittke_Piano Quintet.mp3,wrk_9b929b967406ab
0176.mp3,Alfred Schnittke_Polka.mp3,wrk_8f6b3273d4219d
0177.mp3,Alfred Schnittke_Polyphonic Tango.mp3,wrk_c64abc445abd21
0178.mp3,Alfred Schnittke_Prelude and Fugue.mp3,wrk_7afae54cf94d3b
0179.mp3,Alfred Schnittke_Quasi una sonata.mp3,wrk_e4da3f7a6345ee
0180.mp3,Alfred Schnittke_Sonata for Violin and Chamber Orchestra.mp3,wrk_0ad6731effa6fd
0181.mp3,Alfred Schnittke_Stille Nacht.mp3,wrk_e263318b848977
0182.mp3,Alfred Schnittke_String Quartet No. 1.mp3,wrk_84dcf87521d044
0183.mp3,Alfred Schnittke_String Quartet No. 2.mp3,wrk_e078c0f39e2147
0184.mp3,Alfred Schnittke_String Quartet No. 3.mp3,wrk_d8eb8ce212924d
0185.mp3,Alfred Schnittke_String Trio.mp3,wrk_a597cc948a39c8
0186.mp3,Alfred Schnittke_Suite in the Old Style.mp3,wrk_cb86b4e739164d
0187.mp3,Alfred Schnittke_Symphony No. 0.mp3,wrk_de611f7f45d3dd
0188.mp3,Alfred Schnittke_Symphony No. 6.mp3,wrk_1a64f5c0956224
0189.mp3,Alfred Schnittke_Symphony No. 7.mp3,wrk_b2d991614cb037
0190.mp3,Alfred Schnittke_Symphony No. 8.mp3,wrk_917fc1488b7f05
0191.mp3,Alfred Schnittke_Symphony No. 9.mp3,wrk_a5197eec824be4
0192.mp3,Alfred Schnittke_Sérénade.mp3,wrk_0175e15ac99eb4
0193.mp3,Alfred Schnittke_Violin Sonata.mp3,wrk_ad8a717da38839
0194.mp3,Alfred Schnittke_À Paganini.mp3,wrk_2a18b6f39bf7ae
0195.mp3,Alireza Farhang_Anagrān.mp3,wrk_9ec30fb09b0d80
0196.mp3,Alireza Farhang_Eiwān.mp3,wrk_aa29bdbfe90a7e
0197.mp3,Alireza Farhang_When I do Count the Clock that Tells the Time.mp3,wrk_5cf8da69b4a671
0198.mp3,Allain Gaussin_Arcane.mp3,wrk_f6639a9a58212b
0199.mp3,Allain Gaussin_Chakra.mp3,wrk_54008642b31e2e
0200.mp3,Allain Gaussin_Eau-forte.mp3,wrk_01706c96b8ba98
0201.mp3,Allain Gaussin_L'Harmonie des Sphères.mp3,wrk_775500e30d8b9f
0202.mp3,Allain Gaussin_Philae.mp3,wrk_8d4f8f88f98482
0203.mp3,Allain Gaussin_Satori.mp3,wrk_661ca5ecf381b1
0204.mp3,Alvin Curran_Era Ora.mp3,wrk_a3d8c001d85fc7
0205.mp3,Alvin Curran_For Cornelius.mp3,wrk_5899d20974a2b4
0206.mp3,Alvin Curran_Inner Cities 1.mp3,wrk_76e6c2e6021248
0207.mp3,Alvin Curran_Inner Cities 10.mp3,wrk_8e9648af2f8b16
0208.mp3,Alvin Curran_Inner Cities 12.mp3,wrk_519c785565b7d0
0209.mp3,Alvin Curran_Inner Cities 2.mp3,wrk_ac4249953d68e9
0210.mp3,Alvin Curran_Inner Cities 4.mp3,wrk_75d0cee6ed0ff5
0211.mp3,Alvin Curran_Inner Cities 5.mp3,wrk_53535422900aef
0212.mp3,Alvin Curran_Inner Cities 6-7.mp3,wrk_9ddb8055f8edc0
0213.mp3,Alvin Curran_Inner Cities 7.5.mp3,wrk_e3f5f96921f688
0214.mp3,Alvin Curran_Inner Cities 8.mp3,wrk_2fb866f1613692
0215.mp3,Alvin Curran_Inner Cities 9.mp3,wrk_ad2b36b037391c
0216.mp3,Alvin Curran_VSTO.mp3,wrk_8a07f538413e3f
0217.mp3,Alvin Lucier_August Moon.mp3,wrk_1f74103dafe2b4
0218.mp3,Alvin Lucier_Fideliotrio.mp3,wrk_f8aae178b30756
0219.mp3,Alvin Lucier_Glacier.mp3,wrk_1cf83cee334225
0220.mp3,Alvin Lucier_Panorama.mp3,wrk_5fdc08a354d19c
0221.mp3,Alvin Lucier_Ricochet Lady.mp3,wrk_ce84f3f3859b6c
0222.mp3,"Alvin Lucier_Step, Slide and Sustain.mp3",wrk_755e38f653371c
0223.mp3,Alvin Singleton_56 Blows (quis Custodiet Custodes).mp3,wrk_088f4069810286
0224.mp3,Alvin Singleton_After Choice.mp3,wrk_efbc37c6f78927
0225.mp3,Alvin Singleton_Argoru I.mp3,wrk_c4e271ef19c82f
0226.mp3,Alvin Singleton_Argoru II.mp3,wrk_52be7f65c42c25
0227.mp3,Alvin Singleton_Argoru III.mp3,wrk_bccf648e14edce
0228.mp3,Alvin Singleton_Argoru VI.mp3,wrk_2b80f059d6af2f
0229.mp3,Alvin Singleton_Argoru VII.mp3,wrk_bbed2a0f482f61
0230.mp3,Alvin Singleton_Argoru VIII.mp3,wrk_1eb1350d25c527
0231.mp3,Alvin Singleton_Cinque.mp3,wrk_8e9148aba5df57
0232.mp3,Alvin Singleton_Extension of a Dream.mp3,wrk_943550197be5fa
0233.mp3,Alvin Singleton_Fifty Times Around The Sun.mp3,wrk_6b3fdcc509c1c3
0234.mp3,Alvin Singleton_Greed Machine.mp3,wrk_d1cfc786cc7e18
0235.mp3,Alvin Singleton_In My Own Skin.mp3,wrk_9aeb345ce41c06
0236.mp3,Alvin Singleton_Jasper Drag.mp3,wrk_1b250fca49fda7
0237.mp3,Alvin Singleton_Mutations.mp3,wrk_eced2b9fdb58fa
0238.mp3,Alvin Singleton_Secret Desire to be Black.mp3,wrk_8ad2266c222b45
0239.mp3,Alvin Singleton_Somehow We Can.mp3,wrk_29e4c38380a2cb
0240.mp3,Anders Eliasson_Disegno.mp3,wrk_3aee812177c0a6
0241.mp3,Anders Hillborg_Bach Materia.mp3,wrk_79dc61e799e542
0242.mp3,Anders Hillborg_Brass Quintet.mp3,wrk_9c29bc574fb501
0243.mp3,Anders Hillborg_Cello Concerto.mp3,wrk_667aef73eba0ef
0244.mp3,Anders Hillborg_Cold Heat.mp3,wrk_2d3d43a080d72d
0245.mp3,Anders Hillborg_Corrente della Primavera.mp3,wrk_2e70e48117daa6
0246.mp3,Anders Hillborg_Duet.mp3,wrk_45b18359148b6f
0247.mp3,Anders Hillborg_Fanfare.mp3,wrk_cafbad77502d52
0248.mp3,Anders Hillborg_Hillborg Miniature.mp3,wrk_253f8fa9a32672
0249.mp3,Anders Hillborg_Hyacintrummet.mp3,wrk_9e4ab57fe6e9de
0250.mp3,Anders Hillborg_Just a minute.mp3,wrk_8c36c1294d6a7a
0251.mp3,Anders Hillborg_Kongsgaard Variations.mp3,wrk_64b5c2d47c1f61
0252.mp3,Anders Hillborg_Sound Atlas.mp3,wrk_99aa3e2d688755
0253.mp3,Anders Hillborg_Tampere Raw.mp3,wrk_c5d05e8280bfdb
0254.mp3,Anders Hillborg_Through Lost Landscapes.mp3,wrk_29ad2f5efc5556
0255.mp3,Anders Hillborg_Violin Concerto No. 1.mp3,wrk_ae10ca77ac1541
0256.mp3,Andrea Sarto_Senza.mp3,wrk_02b2d0ef78e94d
0257.mp3,Andrea Sarto_Tau.mp3,wrk_bffa7cf34cc51d
0258.mp3,Andrea Vigani_Tre Prospettive.mp3,wrk_f93b46fb9759e4
0259.mp3,André Boucourechliev_Concerto.mp3,wrk_2c22cc003e32cf
0260.mp3,André Boucourechliev_Miroir II.mp3,wrk_44a21358bab447
0261.mp3,André Boucourechliev_Nocturnes.mp3,wrk_85cbc5c46f3e18
0262.mp3,André Boucourechliev_Orion II.mp3,wrk_2438a7e1876aed
0263.mp3,André Boucourechliev_Orion III.mp3,wrk_74672aa2a7e228
0264.mp3,André Jolivet_Air de bravoure.mp3,wrk_dfa742b5e93fe7
0265.mp3,André Jolivet_Algeria-Tango.mp3,wrk_72e4e427af25db
0266.mp3,André Jolivet_Arioso barocco.mp3,wrk_169d85da46a0e8
0267.mp3,André Jolivet_Ascèses.mp3,wrk_cb1bed00e3465a
0268.mp3,André Jolivet_Cabrioles.mp3,wrk_fda6f33ea9bc68
0269.mp3,André Jolivet_Concertino.mp3,wrk_3482a34c8f747f
0270.mp3,André Jolivet_Fanfares pour Britannicus.mp3,wrk_81aa7f12074de4
0271.mp3,André Jolivet_Fantaisie-Caprice.mp3,wrk_bcd685c12a983f
0272.mp3,André Jolivet_Fantaisie-Impromptu.mp3,wrk_50d523ab92c9b1
0273.mp3,André Jolivet_Heptade.mp3,wrk_3462932b8c4d61
0274.mp3,André Jolivet_Hymne à l'Univers.mp3,wrk_2444e6e4ae5175
0275.mp3,André Jolivet_Incantation ... Pour que l'image devienne symbole.mp3,wrk_59c64b5619df01
0276.mp3,André Jolivet_La Flèche du Temps.mp3,wrk_2adf3ff8c821b2
0277.mp3,André Jolivet_Mana.mp3,wrk_ef60bce54d957c
0278.mp3,André Jolivet_Mandala.mp3,wrk_7b3255e18b7ae3
0279.mp3,André Jolivet_Nocturne.mp3,wrk_5b72baafc83600
0280.mp3,André Jolivet_Patchinko.mp3,wrk_00ad9a2b5268c6
0281.mp3,André Jolivet_Rhapsodie à sept.mp3,wrk_92e797273a3521
0282.mp3,André Jolivet_Romance barbare.mp3,wrk_53e40dd23c8255
0283.mp3,André Jolivet_Sonata No. 1.mp3,wrk_a3aeba3667a792
0284.mp3,André Jolivet_Suite française.mp3,wrk_b34e310a906803
0285.mp3,André Jolivet_Suite rhapsodique.mp3,wrk_c54ca5460b44af
0286.mp3,André Jolivet_Suite transocéane.mp3,wrk_cf51bc7f35bfb0
0287.mp3,André Jolivet_Suite.mp3,wrk_6e4bd530c6992b
0288.mp3,André Jolivet_Symphonie n°1.mp3,wrk_f953f455104aa5
0289.mp3,André Jolivet_Symphonie.mp3,wrk_32906da0043dfa
0290.mp3,André Jolivet_Symphony No. 3.mp3,wrk_5adef2184259a1
0291.mp3,André Jolivet_Sérénade.mp3,wrk_4607a2d2c0bbcd
0292.mp3,André Jolivet_Tombeau de Robert de Visée.mp3,wrk_ced34b6290c9a2
0293.mp3,André Jolivet_Yin-Yang.mp3,wrk_d0879dd073238c
0294.mp3,Anestis Logothetis_Styx.mp3,wrk_c404ba3c032ff8
0295.mp3,Ann Cleare_Dorchadas.mp3,wrk_15874beca2d1cf
0296.mp3,Ann Cleare_I should live in wires for leaving you behind.mp3,wrk_9b2a2a60b03bf2
0297.mp3,Ann Cleare_luna (the eye that opens the other eye).mp3,wrk_0fe707ad303161
0298.mp3,Anna Korsun_MAREVO.mp3,wrk_b0820a823b1532
0299.mp3,Annesley Black_Folds Dependent.mp3,wrk_3cad167429784b
0300.mp3,Annesley Black_Industrial Drive.mp3,wrk_685d13a41494ca
0301.mp3,Anthony Cheung_Centripedalocity.mp3,wrk_06b2b11d61a428
0302.mp3,"Anthony Cheung_Enjamb, Infuse, Implode.mp3",wrk_2eb597e2aaf1c6
0303.mp3,Anthony Cheung_Flyway Detour.mp3,wrk_5e615ac4dc68b4
0304.mp3,Anthony Cheung_Refrain from Riffing.mp3,wrk_5cf5c712da516d
0305.mp3,Anthony Cheung_Running the Full Gamut.mp3,wrk_b5d27f887200c4
0306.mp3,Anton Webern_Cinq pièces.mp3,wrk_701357147cd2c4
0307.mp3,"Anton Webern_Five Pieces for Orchestra, Op. 10.mp3",wrk_b8af5d3e74f1c3
0308.mp3,Anton Webern_Klavierstück.mp3,wrk_350a6e81a91b24
0309.mp3,"Anton Webern_Konzert, Op. 24.mp3",wrk_2efaef25587dba
0310.mp3,"Anton Webern_Quartett, Op. 22.mp3",wrk_021eb9261bfeb2
0311.mp3,Anton Webern_Quintet for Strings and Piano.mp3,wrk_f24b95cc91697c
0312.mp3,Anton Webern_Rondo.mp3,wrk_d761e6e9cb6b9b
0313.mp3,"Anton Webern_Six Pieces for Orchestra, Op. 6.mp3",wrk_205d09d53fbbc4
0314.mp3,Anton Webern_Streichquartett 1905.mp3,wrk_9695d3bc89a2da
0315.mp3,"Anton Webern_Streichtrio, Op. 20.mp3",wrk_c8d6d7123879bd
0316.mp3,"Anton Webern_String Quartet, Op. 28.mp3",wrk_08ba22c3bc221c
0317.mp3,"Anton Webern_Symphony, Op. 21.mp3",wrk_c172650e8609d1
0318.mp3,"Anton Webern_Variations for Piano, Op. 27.mp3",wrk_2501d2c93e29f8
0319.mp3,"Anton Webern_Vier Stücke für violine und klavier, Op. 7.mp3",wrk_930ddf1ff438e0
0320.mp3,Arnau Brichs_Degrees of Presence.mp3,wrk_8739cc7bb2f571
0321.mp3,Arnau Brichs_Detective silence.mp3,wrk_2079de19b31f0b
0322.mp3,Arnold Schoenberg_Die eiserne Brigade.mp3,wrk_e3bf072e13112e
0323.mp3,Arnold Schoenberg_Drei Stücke für Kammerensemble.mp3,wrk_07c643256e78c7
0324.mp3,Arnold Schoenberg_Fünf Klavierstücke op. 23.mp3,wrk_847c81deace69d
0325.mp3,Arnold Schoenberg_Scherzo.mp3,wrk_d0ee03e8e85fc5
0326.mp3,Arnold Schoenberg_Six Pieces.mp3,wrk_028e48bceb80c9
0327.mp3,Arnold Schoenberg_String Quartet No. 1 Op. 7.mp3,wrk_9f93115a7b0cad
0328.mp3,Arnold Schoenberg_String Quartet No. 3 Op. 30.mp3,wrk_53e7b8951b789e
0329.mp3,Arnold Schoenberg_String Trio Op. 45.mp3,wrk_738c4c43d11520
0330.mp3,Arnold Schoenberg_Suite op. 25.mp3,wrk_e13eb1b348ba63
0331.mp3,Arnold Schoenberg_Variations for Orchestra Op. 31.mp3,wrk_56d5ab42426d08
0332.mp3,Arnold Schoenberg_Violin Concerto Op. 36.mp3,wrk_284a6ada128299
0333.mp3,Arnold Schoenberg_Weihnachtsmusik.mp3,wrk_96294acfab11d4
0334.mp3,Arnulf Herrmann_Direkt Entrückt.mp3,wrk_0a1dd67959c043
0335.mp3,Arnulf Herrmann_Privatsammlung.mp3,wrk_42e496604e920c
0336.mp3,Arthur Lavandier_Le Livre 1.mp3,wrk_a8f05516d310d9
0337.mp3,Arturo Fuentes_Interludi Continui.mp3,wrk_768d1ac6c85806
0338.mp3,Asbjørn Schaathun_Lament.mp3,wrk_ec56fa37f7bd47
0339.mp3,Ash Fure_Something to Hunt.mp3,wrk_cc0f2bfec2c751
0340.mp3,Augusta Read Thomas_Amalgam.mp3,wrk_1f3145f2535b01
0341.mp3,Augusta Read Thomas_Angel Tears & Earth Prayers.mp3,wrk_22450776aa50ea
0342.mp3,Augusta Read Thomas_Bassoon Concertino.mp3,wrk_c34e6988c2cb81
0343.mp3,Augusta Read Thomas_Bebop Riddle.mp3,wrk_f2e6e035a5ec23
0344.mp3,Augusta Read Thomas_Bell Illuminations.mp3,wrk_03b528bf11faae
0345.mp3,Augusta Read Thomas_Brio.mp3,wrk_a8e54304fb3f94
0346.mp3,Augusta Read Thomas_Capricci - Hummingbird Romance.mp3,wrk_13c7c26de65b45
0347.mp3,Augusta Read Thomas_Caprice.mp3,wrk_9f1875762781d1
0348.mp3,Augusta Read Thomas_Ceremonial.mp3,wrk_29b3d0e2dbb613
0349.mp3,Augusta Read Thomas_Chi.mp3,wrk_c5765094798126
0350.mp3,Augusta Read Thomas_Con Moto.mp3,wrk_77e55c36432866
0351.mp3,Augusta Read Thomas_Crescat Scientia; Vita Excolatur.mp3,wrk_8b5e9c9022b70d
0352.mp3,Augusta Read Thomas_D(i)agon(als).mp3,wrk_85a8da3b7e7341
0353.mp3,Augusta Read Thomas_Enchanted Invocation.mp3,wrk_288aa8e5d5704f
0354.mp3,Augusta Read Thomas_Euterpe's Caprice.mp3,wrk_7c313970ff3625
0355.mp3,Augusta Read Thomas_Fanfare of Hope and Solidarity.mp3,wrk_e06817cea2c335
0356.mp3,Augusta Read Thomas_Hemke Concerto Prisms of Light.mp3,wrk_cbdc9f615a199e
0357.mp3,Augusta Read Thomas_Incantation.mp3,wrk_b17de61b414c2c
0358.mp3,Augusta Read Thomas_Jeu d'Esprit.mp3,wrk_2e0ec779fb4efb
0359.mp3,Augusta Read Thomas_Klee Musings.mp3,wrk_1e5b53205d5b48
0360.mp3,Augusta Read Thomas_Magic Box.mp3,wrk_5a32e01d6d4147
0361.mp3,Augusta Read Thomas_Memory - Swells.mp3,wrk_8740c9bd064167
0362.mp3,Augusta Read Thomas_Of Paradise and Light.mp3,wrk_1711ac4afd13b9
0363.mp3,Augusta Read Thomas_Passion Prayers.mp3,wrk_0caff95e4e96b0
0364.mp3,Augusta Read Thomas_Pilgrim Soul.mp3,wrk_05bffe4c5cddf8
0365.mp3,Augusta Read Thomas_Rainbow Bridge to Paradise.mp3,wrk_40372a6ca37dfa
0366.mp3,Augusta Read Thomas_Rings of Light.mp3,wrk_5c937ffaf321fe
0367.mp3,Augusta Read Thomas_Ripple Effects.mp3,wrk_69e6a21bf9be04
0368.mp3,Augusta Read Thomas_Rush.mp3,wrk_0510f4320de2ad
0369.mp3,Augusta Read Thomas_Scat.mp3,wrk_b3dea3914365ce
0370.mp3,Augusta Read Thomas_Selene - Moon Chariot Rituals.mp3,wrk_d8937eb59f07cc
0371.mp3,Augusta Read Thomas_Silent Moon.mp3,wrk_3cdb5308aa235c
0372.mp3,Augusta Read Thomas_Star Box.mp3,wrk_7c2f1383baf7b9
0373.mp3,Augusta Read Thomas_Sun Threads.mp3,wrk_7488e3cfcf8aab
0374.mp3,Augusta Read Thomas_Sunburst - a fanfare for orchestra.mp3,wrk_5a0f264266c259
0375.mp3,Augusta Read Thomas_Toft Serenade.mp3,wrk_daf1e453c6b25e
0376.mp3,Augusta Read Thomas_Two Thoughts About The Piano.mp3,wrk_a71a1ee9b74ade
0377.mp3,Augusta Read Thomas_Venus Enchanted.mp3,wrk_020b075339e6f3
0378.mp3,Augusta Read Thomas_Violin Concerto #3 - Juggler in Paradise.mp3,wrk_5f2f59e5a186d3
0379.mp3,Augustin Braud_Contrechoqué.mp3,wrk_b29ecb267eecc1
0380.mp3,Augustin Braud_Dans les pas de la main.mp3,wrk_4fc558210240b8
0381.mp3,Augustin Braud_GOLEM.mp3,wrk_e5603c048a0f61
0382.mp3,Augustin Braud_Hexis.mp3,wrk_f266f9d94bdfe7
0383.mp3,Augustin Braud_…repêcher les étincelles de sens négligées….mp3,wrk_b7b2abd165586d
0384.mp3,Aureliano Cattaneo_Blut.mp3,wrk_0f29e0391aa557
0385.mp3,Aureliano Cattaneo_Chiaroscuro.mp3,wrk_83c8e4178b052c
0386.mp3,Aureliano Cattaneo_Clarpa.mp3,wrk_78d5f33a6baa9e
0387.mp3,Aureliano Cattaneo_Double.mp3,wrk_3c91f4d2710081
0388.mp3,Aureliano Cattaneo_Insieme.mp3,wrk_84fc04e9c30f47
0389.mp3,Aureliano Cattaneo_Not Alone We Fly.mp3,wrk_81216a1d1ebf5d
0390.mp3,Aureliano Cattaneo_Selfportrait with orchestra.mp3,wrk_f10f6c209bce0a
0391.mp3,Aureliano Cattaneo_Trio IV.mp3,wrk_305c34faaa65d9
0392.mp3,Aureliano Cattaneo_Trio.mp3,wrk_d58c39e0eda5eb
0393.mp3,Aurélien Dumont_Beati Pacifici.mp3,wrk_a4f212d929bbe3
0394.mp3,Aurélien Dumont_Frousse.mp3,wrk_472bec73993016
0395.mp3,Barbara Kolb_Appello.mp3,wrk_48c532341d03f9
0396.mp3,Bastien David_Avec.mp3,wrk_79f7ecc53cf6e7
0397.mp3,Bastien David_Instinct.mp3,wrk_6f7962bd058511
0398.mp3,Bastien David_Nuées d'encre.mp3,wrk_66143cf075a032
0399.mp3,Bastien David_Riff (augmenté).mp3,wrk_281beb50a7aa9f
0400.mp3,Bastien David_Sanguine.mp3,wrk_d8330eebbbc7f6
0401.mp3,Bastien David_Six chansons laissées sans voix.mp3,wrk_f2d54b09bf9071
0402.mp3,Bastien David_Urban song.mp3,wrk_48acb65691a1a5
0403.mp3,Bastien David_Vendre le ciel aux ténèbres.mp3,wrk_bcca48a35c1b0e
0404.mp3,Beat Furrer_...cold and calm and moving.mp3,wrk_56c87d4dfb0092
0405.mp3,Beat Furrer_A due.mp3,wrk_de66f798131318
0406.mp3,Beat Furrer_Antichesis.mp3,wrk_d0b11b3a27d532
0407.mp3,Beat Furrer_apoklisis.mp3,wrk_ca9f18faad5e07
0408.mp3,Beat Furrer_Concerto.mp3,wrk_7e41eb97c2af02
0409.mp3,Beat Furrer_Ensemble.mp3,wrk_0bc1aeade19172
0410.mp3,Beat Furrer_Gaspra.mp3,wrk_d44142bae26fdf
0411.mp3,Beat Furrer_In's Offene.mp3,wrk_db41cc77121987
0412.mp3,Beat Furrer_Ira-Arca.mp3,wrk_d0a69a322f411f
0413.mp3,Beat Furrer_Lied.mp3,wrk_180abd9ea9daec
0414.mp3,Beat Furrer_Music for Mallets.mp3,wrk_1c0dd609c0b270
0415.mp3,Beat Furrer_Phaos.mp3,wrk_c00c8e0f9f060e
0416.mp3,Beat Furrer_Presto.mp3,wrk_ff3646ad43a561
0417.mp3,Beat Furrer_Quartett.mp3,wrk_39d9d26ddc5be4
0418.mp3,Beat Furrer_Retour an dich.mp3,wrk_426049e7a89f61
0419.mp3,Beat Furrer_Solo.mp3,wrk_df1ea253b3cb85
0420.mp3,Beat Furrer_Spur.mp3,wrk_d68324befe782b
0421.mp3,Beat Furrer_Still.mp3,wrk_f557aa3ccae863
0422.mp3,Beat Furrer_String Quartet No. 1.mp3,wrk_72a731ffa6736c
0423.mp3,Beat Furrer_String Quartet No. 2.mp3,wrk_a3f4be246656e0
0424.mp3,Beat Furrer_Studie für Klavier.mp3,wrk_f4b5a183c97a1d
0425.mp3,Beat Furrer_Trio.mp3,wrk_4aa62133c5ba4e
0426.mp3,Benedict Mason_Double concerto.mp3,wrk_b6b5ca4053afd9
0427.mp3,Benjamin Britten_Alla Marcia.mp3,wrk_867825723718d6
0428.mp3,Benjamin Britten_An American Overture.mp3,wrk_d95016992c873a
0429.mp3,Benjamin Britten_Canadian Carnival.mp3,wrk_be6ba8cd856015
0430.mp3,Benjamin Britten_Elegy for Solo Viola.mp3,wrk_b4559f25237f6c
0431.mp3,Benjamin Britten_Fanfare for St Edmundsbury.mp3,wrk_d508280bfb83c5
0432.mp3,Benjamin Britten_Four Sea Interludes from Peter Grimes.mp3,wrk_28ff6eecf26abe
0433.mp3,Benjamin Britten_Holiday Diary.mp3,wrk_100c31648b906a
0434.mp3,Benjamin Britten_Introduction and Rondo alla Burlesca.mp3,wrk_d893c1ffc1fd81
0435.mp3,Benjamin Britten_Irish Reel.mp3,wrk_d9005552a36f79
0436.mp3,Benjamin Britten_Lachrymae.mp3,wrk_4077bd60e91328
0437.mp3,Benjamin Britten_Night Piece (Notturno).mp3,wrk_5a094f80d594ef
0438.mp3,Benjamin Britten_Nocturnal after John Dowland.mp3,wrk_5f567996a83efd
0439.mp3,Benjamin Britten_Passacaglia from Peter Grimes.mp3,wrk_064780c0d97e0b
0440.mp3,Benjamin Britten_Phantasy.mp3,wrk_8d7d5af03ca50a
0441.mp3,Benjamin Britten_Prelude and Fugue on a Theme of Vittoria.mp3,wrk_31f25f47319150
0442.mp3,Benjamin Britten_Prelude and Fugue.mp3,wrk_bf94c126abb858
0443.mp3,Benjamin Britten_Reflection.mp3,wrk_aacdc529803367
0444.mp3,Benjamin Britten_Reveille.mp3,wrk_840db51191abe8
0445.mp3,Benjamin Britten_Rhapsody.mp3,wrk_9491aed1e03132
0446.mp3,Benjamin Britten_Scottish Ballad.mp3,wrk_1607a24b0d1bb1
0447.mp3,Benjamin Britten_Second Suite for Cello.mp3,wrk_89dccccd171c37
0448.mp3,Benjamin Britten_Simple Symphony.mp3,wrk_8ddd82081d75cd
0449.mp3,Benjamin Britten_Sinfonia da Requiem.mp3,wrk_3f114cc06a110e
0450.mp3,Benjamin Britten_Sinfonietta.mp3,wrk_eeb0fa9bbdb337
0451.mp3,Benjamin Britten_String Quartet in D.mp3,wrk_3ac67309c11556
0452.mp3,Benjamin Britten_String Quartet No. 1.mp3,wrk_b3f9475153b9a6
0453.mp3,Benjamin Britten_String Quartet No. 2.mp3,wrk_fe05f724052b9d
0454.mp3,Benjamin Britten_String Quartet No. 3.mp3,wrk_8b026961207796
0455.mp3,Benjamin Britten_Suite for Harp.mp3,wrk_ee7cf01805ce7c
0456.mp3,Benjamin Britten_Symphony for Cello and Orchestra.mp3,wrk_f7f64fca10499b
0457.mp3,Benjamin Britten_Twelve Variations.mp3,wrk_5d075709d0d4fd
0458.mp3,Benjamin Britten_Two Insect Pieces.mp3,wrk_6574ba8b542450
0459.mp3,Benjamin Britten_Violin Concerto.mp3,wrk_e08f9864235b24
0460.mp3,Benoît Mernier_Les Niais de Sologne.mp3,wrk_99862ee083aed0
0461.mp3,Benoît Mernier_Toccata.mp3,wrk_47f3c4c6c3deb5
0462.mp3,Benoît Mernier_Trio.mp3,wrk_5d2595b11997fe
0463.mp3,Benoît Mernier_Ustica.mp3,wrk_117ced23e53eda
0464.mp3,Bernard Cavanna_Alte Musik.mp3,wrk_76c215b0a7e2f3
0465.mp3,Bernard Cavanna_Concerto pour violon.mp3,wrk_4379a555c90245
0466.mp3,Bernard Cavanna_Fauve.mp3,wrk_0deece6a09f5bc
0467.mp3,Bernard Cavanna_Sonatine 43.mp3,wrk_3f076cf607356c
0468.mp3,Bernard Cavanna_Sonatine Elements.mp3,wrk_2d6056ae22cab8
0469.mp3,Bernard de Vienne_Ubuhuha.mp3,wrk_b3aaea12dc1217
0470.mp3,Bernd Alois Zimmermann_Antiphonen.mp3,wrk_cf5131980dd9c6
0471.mp3,Bernd Alois Zimmermann_Canto di speranza.mp3,wrk_1bb868ba5ab670
0472.mp3,Bernd Alois Zimmermann_Dialoge.mp3,wrk_5ceea500185bf7
0473.mp3,Bernd Alois Zimmermann_Intercomunicazione.mp3,wrk_880e44163d62a2
0474.mp3,Bernd Alois Zimmermann_Konzert für Orchester.mp3,wrk_12ed79243a8423
0475.mp3,Bernd Alois Zimmermann_Photoptosis.mp3,wrk_e658eaacb40cf9
0476.mp3,Bernd Alois Zimmermann_Sinfonie in einem Satz.mp3,wrk_c42f336cb2c0f3
0477.mp3,Bernd Alois Zimmermann_Solo Cello Sonata.mp3,wrk_0a2e9bc2c1fb57
0478.mp3,Bernd Alois Zimmermann_Sonate für Viola solo.mp3,wrk_7b40d7952db9a9
0479.mp3,Bernd Alois Zimmermann_Stille und Umkehr.mp3,wrk_146137eb9c43a5
0480.mp3,Bernd Alois Zimmermann_Tempus loquendi.mp3,wrk_125e409f0fd6d3
0481.mp3,Bernd Alois Zimmermann_Vier kurze Studien.mp3,wrk_3caacfe8605fea
0482.mp3,Bernd Alois Zimmermann_Violin Sonata.mp3,wrk_75762a387b1d60
0483.mp3,Bernhard Gander_Dirty Angel.mp3,wrk_db05d88dc23f57
0484.mp3,Bernhard Gander_Dirty Wings.mp3,wrk_95b52db1b92900
0485.mp3,Bernhard Gander_Lovely monster.mp3,wrk_1bfe9761d26e89
0486.mp3,Bernhard Gander_morbidable.mp3,wrk_b8864b22536fc5
0487.mp3,Bernhard Gander_Peter Parker.mp3,wrk_f163cf539290ee
0488.mp3,Bernhard Gander_Schlechtecharakterstücke.mp3,wrk_7d11d8b7faaf34
0489.mp3,Bernhard Lang_DifferenzWiederholung 1.2.mp3,wrk_f34ee567721045
0490.mp3,Bernhard Lang_DifferenzWiederholung 1.mp3,wrk_9c730bb06ad256
0491.mp3,Bernhard Lang_DifferenzWiederholung 3.mp3,wrk_879c31bc14bfb8
0492.mp3,Bernhard Lang_Loop Study #3.mp3,wrk_31ca8efeacc2e9
0493.mp3,Bernhard Lang_Monadologie V.mp3,wrk_4cef4ba0c7efa4
0494.mp3,Bernhard Lang_Monadologie XXIX 'London in the Rain'.mp3,wrk_ad61874e8a57e8
0495.mp3,Bernhard Lang_Schrift 1.mp3,wrk_07131ac0321bd8
0496.mp3,Betsy Jolas_Autour.mp3,wrk_2f423343d6fd41
0497.mp3,Betsy Jolas_B for Sonata.mp3,wrk_b4f32c0458b615
0498.mp3,Betsy Jolas_Chanson d'approche.mp3,wrk_770bb6f6f46ef0
0499.mp3,Betsy Jolas_Fusain.mp3,wrk_8b1ddf001e486f
0500.mp3,Betsy Jolas_J.D.E.mp3,wrk_9b849c17ad6fe3
0501.mp3,Betsy Jolas_Leçons du petit jour.mp3,wrk_fc1e8585390c3a
0502.mp3,Betsy Jolas_Music for Joan.mp3,wrk_490bf90a87d472
0503.mp3,Betsy Jolas_Music to go.mp3,wrk_3ee8fd92b43a07
0504.mp3,Betsy Jolas_Musique de jour.mp3,wrk_fa70efe13a7236
0505.mp3,Betsy Jolas_Musique pour Delphine.mp3,wrk_5754db6d3415fe
0506.mp3,Betsy Jolas_Musique pour Xavier.mp3,wrk_f6dc5755e86655
0507.mp3,Betsy Jolas_Onze Lieder.mp3,wrk_abfeeed7643a92
0508.mp3,Betsy Jolas_Petite sonnerie de juin.mp3,wrk_c601d0c7cce149
0509.mp3,Betsy Jolas_Petite suite sérieuse pour concert de famille.mp3,wrk_7056c04cccc196
0510.mp3,Betsy Jolas_Pièce pour Saint Germain.mp3,wrk_8877a4fc25313a
0511.mp3,Betsy Jolas_Pièce pour.mp3,wrk_1eb5c3d71c2f39
0512.mp3,Betsy Jolas_Points d'aube.mp3,wrk_1efabe58145c0a
0513.mp3,Betsy Jolas_Quatre duos.mp3,wrk_c79e3dcd178398
0514.mp3,Betsy Jolas_Quatre pièces en marge.mp3,wrk_47f48654c00614
0515.mp3,Betsy Jolas_Remember.mp3,wrk_bb6b377e7d6a2a
0516.mp3,Betsy Jolas_Scion.mp3,wrk_b387508e75bf99
0517.mp3,Betsy Jolas_Stances.mp3,wrk_9ce87a56fd7a45
0518.mp3,Betsy Jolas_Tranche.mp3,wrk_61df962ea71ce5
0519.mp3,Betsy Jolas_Trio 88.mp3,wrk_2f7a6b5657f5b1
0520.mp3,Betsy Jolas_Trio sopra Et sola facta.mp3,wrk_fa97f5a3b30df3
0521.mp3,Betsy Jolas_Trio « Les Heures ».mp3,wrk_d68a091fa79853
0522.mp3,Betsy Jolas_Trois études campanaires.mp3,wrk_b1036566ab6e04
0523.mp3,Betsy Jolas_Wanderlied.mp3,wrk_aa325deaca8d5f
0524.mp3,Betsy Jolas_Épisode cinquième.mp3,wrk_d81408f79ad9d7
0525.mp3,Betsy Jolas_Épisode I.mp3,wrk_01e56a32469754
0526.mp3,Betsy Jolas_Épisode neuvième « Fortem magnum coloratum ».mp3,wrk_fead6b87abdf5d
0527.mp3,Betsy Jolas_Épisode quatrième.mp3,wrk_65f99a7d98aa69
0528.mp3,Betsy Jolas_Épisode sixième.mp3,wrk_071cd3c8acb52a
0529.mp3,Betsy Jolas_Épisode troisième.mp3,wrk_5d8efe9ad40e02
0530.mp3,Betsy Jolas_Études aperçues.mp3,wrk_e559a989e3e8c2
0531.mp3,Betsy Jolas_Ô Bach !.mp3,wrk_d3c9180a678e91
0532.mp3,Bohuslav Martinu_String Quartet No. 1.mp3,wrk_e7f40ab1ab96f0
0533.mp3,Bohuslav Martinu_String Quartet No. 2.mp3,wrk_5dc463972f0285
0534.mp3,Bohuslav Martinu_String Quartet No. 3.mp3,wrk_f188e804b7abc0
0535.mp3,Bohuslav Martinu_String Quartet No. 4.mp3,wrk_06523de930a629
0536.mp3,Bohuslav Martinu_String Quartet No. 5.mp3,wrk_9bb73a3b08b171
0537.mp3,Bohuslav Martinu_String Quartet No. 6.mp3,wrk_bf07c40d31321d
0538.mp3,Bohuslav Martinu_String Quartet No. 7.mp3,wrk_94bf17b6f83162
0539.mp3,Brian Ferneyhough_Allgebrah.mp3,wrk_fb60b31936482e
0540.mp3,Brian Ferneyhough_Bone Alphabet.mp3,wrk_bc0bce4c825f15
0541.mp3,Brian Ferneyhough_Carceri d'Invenzione IIb.mp3,wrk_845fa428f04f8b
0542.mp3,Brian Ferneyhough_Carceri d'Invenzione III.mp3,wrk_1bb405703f657c
0543.mp3,Brian Ferneyhough_Cassandra's Dream Song.mp3,wrk_58cbd5712959ee
0544.mp3,Brian Ferneyhough_Christus Resurgens.mp3,wrk_c8e873db10d06d
0545.mp3,Brian Ferneyhough_Chronos-Aion.mp3,wrk_8e7caea18ce7ba
0546.mp3,Brian Ferneyhough_Coloratura.mp3,wrk_f7c791c6db691a
0547.mp3,Brian Ferneyhough_Epicycle.mp3,wrk_bd2cf3c386eb12
0548.mp3,Brian Ferneyhough_Exordium.mp3,wrk_caffd1ea4a4745
0549.mp3,Brian Ferneyhough_Flurries.mp3,wrk_8990eb1c70d32a
0550.mp3,Brian Ferneyhough_Four Miniatures.mp3,wrk_8bb494610c2d25
0551.mp3,Brian Ferneyhough_Funérailles.mp3,wrk_75ac30789f9d74
0552.mp3,Brian Ferneyhough_In nomine a 3.mp3,wrk_40d8f5ca544ada
0553.mp3,Brian Ferneyhough_Incipits.mp3,wrk_abe3805b3ad648
0554.mp3,Brian Ferneyhough_Inconjunctions.mp3,wrk_bb2cc0d57dfbfe
0555.mp3,Brian Ferneyhough_Intermedio alla ciaccona.mp3,wrk_e15b0545037b48
0556.mp3,Brian Ferneyhough_Kurze Schatten II.mp3,wrk_5b3581601da3fe
0557.mp3,Brian Ferneyhough_Lemma-Icon-Epigram.mp3,wrk_4c6b716624eca3
0558.mp3,Brian Ferneyhough_Liber Scintillarum.mp3,wrk_7910105a47c3ad
0559.mp3,Brian Ferneyhough_Mort subite.mp3,wrk_d025957f33bb41
0560.mp3,Brian Ferneyhough_O lux.mp3,wrk_e85698ea01a99f
0561.mp3,Brian Ferneyhough_Prometheus.mp3,wrk_cfd6fcffd20b22
0562.mp3,Brian Ferneyhough_Renvoi Shards.mp3,wrk_b30145de273815
0563.mp3,Brian Ferneyhough_Sieben Sterne.mp3,wrk_0034756a591c3e
0564.mp3,Brian Ferneyhough_Sisyphus Redux.mp3,wrk_2761aa79929d9c
0565.mp3,Brian Ferneyhough_Sonata.mp3,wrk_c94b7805157042
0566.mp3,Brian Ferneyhough_Sonatas for String Quartet.mp3,wrk_22608357a93210
0567.mp3,Brian Ferneyhough_Sonatina.mp3,wrk_f451d6c16e2b10
0568.mp3,Brian Ferneyhough_String Quartet No. 2.mp3,wrk_ca9e696d6989ab
0569.mp3,Brian Ferneyhough_String Quartet No. 3.mp3,wrk_ae0409a8fd0705
0570.mp3,Brian Ferneyhough_String Quartet No. 5.mp3,wrk_0c7e613b0fcf50
0571.mp3,Brian Ferneyhough_String Quartet No. 6.mp3,wrk_149767a1161a0c
0572.mp3,Brian Ferneyhough_String Trio.mp3,wrk_e51be4135e9a80
0573.mp3,Brian Ferneyhough_Superscriptio.mp3,wrk_e6db3ce01d61c7
0574.mp3,Brian Ferneyhough_Terrain.mp3,wrk_ea5b09630744be
0575.mp3,Brian Ferneyhough_Three Pieces.mp3,wrk_75b5c2d48e5237
0576.mp3,Brian Ferneyhough_Time and Motion Study I.mp3,wrk_34cb6da7d828d5
0577.mp3,Brian Ferneyhough_Trittico per G.S.mp3,wrk_70a47aecc85d9e
0578.mp3,Brian Ferneyhough_Unity Capsule.mp3,wrk_92cb62aa5976b7
0579.mp3,Brian Ferneyhough_Unsichtbare Farben.mp3,wrk_b816edfcb4313b
0580.mp3,Brice Pauset_Adagio dialettico.mp3,wrk_c8c6abbf00047e
0581.mp3,Brice Pauset_Cinq Canons.mp3,wrk_1f0b81353694a7
0582.mp3,Brice Pauset_Theorie der Tränen - Schlamm.mp3,wrk_d0f8446835167b
0583.mp3,Brice Pauset_Vier Variationen.mp3,wrk_02767b402f92fd
0584.mp3,Brice Pauset_Vita Nova (sérénades).mp3,wrk_654e0c61c8ea42
0585.mp3,Brigitta Muntendorf_shivers on speed.mp3,wrk_ec8d2df7e5eab4
0586.mp3,Bronius Kutavicius_Anno cum tettigonia.mp3,wrk_78aea1d09a32a9
0587.mp3,Bronius Kutavicius_String Quartet No. 1.mp3,wrk_41cda9af0e0ef0
0588.mp3,Bruno Maderna_Aulodia per Lothar.mp3,wrk_56eb707812c861
0589.mp3,Bruno Maderna_Aura.mp3,wrk_24a45e80a49c23
0590.mp3,Bruno Maderna_Composizione in tre tempi.mp3,wrk_0ca1cdf61beb38
0591.mp3,Bruno Maderna_Composizione No. 1.mp3,wrk_acbbdf7ad553e4
0592.mp3,Bruno Maderna_Composizione No. 2.mp3,wrk_f7300d837cab87
0593.mp3,Bruno Maderna_Concerto for Two Pianos and Instruments.mp3,wrk_2f6f72978d7c33
0594.mp3,Bruno Maderna_Dialodia.mp3,wrk_c9bf45d2d8fa8e
0595.mp3,Bruno Maderna_Divertimento in due tempi.mp3,wrk_ee51e7bb8d644b
0596.mp3,Bruno Maderna_Giardino religioso.mp3,wrk_401151d587561a
0597.mp3,Bruno Maderna_Honeyrêves.mp3,wrk_992746b6b8ed41
0598.mp3,Bruno Maderna_Improvvisazione No. 1.mp3,wrk_eaece899ec6307
0599.mp3,Bruno Maderna_Improvvisazione No. 2.mp3,wrk_a406986d72e1ea
0600.mp3,Bruno Maderna_Pièce pour Ivry.mp3,wrk_f097abdc664bb9
0601.mp3,Bruno Maderna_Quartetto per archi in due tempi.mp3,wrk_1fd75fe1b0991b
0602.mp3,Bruno Maderna_Quartetto per archi.mp3,wrk_97b07c3f2d8c3f
0603.mp3,Bruno Maderna_Serenata No. 2.mp3,wrk_25803c57749684
0604.mp3,Bruno Maderna_Serenata per un Satellite.mp3,wrk_0bada681029094
0605.mp3,Bruno Maderna_Stele per Diotima.mp3,wrk_7e85a1aec5face
0606.mp3,Bruno Maderna_Viola.mp3,wrk_161c1a80657cfd
0607.mp3,Bruno Maderna_Widmung.mp3,wrk_b77bf75d6de1cd
0608.mp3,Bruno Maderna_Y después.mp3,wrk_411f05f02f28c5
0609.mp3,Bruno Mantovani_Appel d'air.mp3,wrk_2227e576ceb749
0610.mp3,Bruno Mantovani_Cello Concerto.mp3,wrk_87a87fb7ee4adb
0611.mp3,Bruno Mantovani_Concerto de chambre n° 2.mp3,wrk_58d471827eab2b
0612.mp3,Bruno Mantovani_D'un rêve parti.mp3,wrk_fa89e278867db4
0613.mp3,Bruno Mantovani_Face à face.mp3,wrk_ccf870d70b7527
0614.mp3,Bruno Mantovani_Früh.mp3,wrk_b7ac349eb9b619
0615.mp3,Bruno Mantovani_Haunted nights.mp3,wrk_aa869864f18f2d
0616.mp3,Bruno Mantovani_Jazz connotation.mp3,wrk_d6e8e4b258b133
0617.mp3,Bruno Mantovani_L'Incandescence de la bruine.mp3,wrk_9076b8f5488c2f
0618.mp3,Bruno Mantovani_L'ère de rien.mp3,wrk_fee2bdbfe8a101
0619.mp3,Bruno Mantovani_Le Sette Chiese.mp3,wrk_3ef52267421672
0620.mp3,Bruno Mantovani_Metal.mp3,wrk_c6a7d6e6f574af
0621.mp3,Bruno Mantovani_Mit ausdruck.mp3,wrk_c90e2ace8a1760
0622.mp3,"Bruno Mantovani_Moi, jeu.mp3",wrk_be6446254cb8f5
0623.mp3,Bruno Mantovani_O Salutaris Hostia.mp3,wrk_489a72bca784a9
0624.mp3,Bruno Mantovani_Spirit of Alberti.mp3,wrk_c6b3ef0a55694b
0625.mp3,Bruno Mantovani_Symphony No. 1.mp3,wrk_9036d9d2c884ad
0626.mp3,Bruno Mantovani_The worst of.mp3,wrk_5714d5f6497432
0627.mp3,Bruno Mantovani_Time Stretch.mp3,wrk_6d43f60662cc5c
0628.mp3,Bruno Mantovani_Troisième Round.mp3,wrk_b0325d60601cb1
0629.mp3,Bruno Mantovani_Turbulences.mp3,wrk_ee4381581bfbfb
0630.mp3,Bruno Mantovani_Un Souffle.mp3,wrk_c373e505baf9d9
0631.mp3,Bára Gísladóttir_HAF - köf(n)un.mp3,wrk_c86794423678ca
0632.mp3,Bára Gísladóttir_Music to accompany your sweet splatter dreams.mp3,wrk_a710d1eaf352bb
0633.mp3,Bára Gísladóttir_Rooftops of Prague.mp3,wrk_5e3a7b8a1fdbe4
0634.mp3,Bára Gísladóttir_tif.mp3,wrk_a68d09134be7b3
0635.mp3,Bára Gísladóttir_VAPE.mp3,wrk_754b804523d1c2
0636.mp3,Béla Bartók_Etudes.mp3,wrk_8db8b79254b5ae
0637.mp3,Béla Bartók_Im Freien.mp3,wrk_4ef5ddfcead043
0638.mp3,Béla Bartók_Piano Sonata.mp3,wrk_23a41cd61330cd
0639.mp3,Béla Bartók_Solo Violin Sonata.mp3,wrk_6ba434f79e212c
0640.mp3,Béla Bartók_String Quartet No. 2.mp3,wrk_45b34c57981149
0641.mp3,Béla Bartók_String Quartet No. 3.mp3,wrk_ef7881b7467a24
0642.mp3,Béla Bartók_String Quartet No. 4.mp3,wrk_29d15638e4045c
0643.mp3,Béla Bartók_String Quartet No. 5.mp3,wrk_f6054425a8bc4e
0644.mp3,Béla Bartók_String Quartet No. 6.mp3,wrk_0952c2c98a7442
0645.mp3,Béla Bartók_Violin Sonata No. 1.mp3,wrk_94a060b2f1837d
0646.mp3,Béla Bartók_Violin Sonata No. 2.mp3,wrk_6cc671e03d966a
0647.mp3,Camille Pépin_Autumn Rhythm.mp3,wrk_0098ca6bfc2fcf
0648.mp3,Camille Pépin_Aux confins de l'orage.mp3,wrk_9e789fe97293fc
0649.mp3,Camille Pépin_Avant les clartés de l'aurore.mp3,wrk_44c149043e2c54
0650.mp3,Camille Pépin_Feuilles d'eau de Silvacane.mp3,wrk_5a7b6a0b62cbe3
0651.mp3,Camille Pépin_Indra.mp3,wrk_972f84134035dd
0652.mp3,Camille Pépin_Inlandsis.mp3,wrk_5d6693de30e2da
0653.mp3,Camille Pépin_Iridescence - glace.mp3,wrk_a08e0ca4f36f09
0654.mp3,Camille Pépin_Kono-Hana.mp3,wrk_81e488e38fa636
0655.mp3,Camille Pépin_Laniakea.mp3,wrk_0955fa24873346
0656.mp3,Camille Pépin_Les Eaux célestes.mp3,wrk_28d82fcb789130
0657.mp3,Camille Pépin_Luna.mp3,wrk_2a9d9de56b3fc9
0658.mp3,Camille Pépin_Number 1.mp3,wrk_395f4a6f8d94e3
0659.mp3,"Camille Pépin_Pluie, larmes de la Terre.mp3",wrk_ba5a8d6c2d8c57
0660.mp3,"Camille Pépin_Si je te quitte, nous nous souviendrons.mp3",wrk_e760b914f1c98f
0661.mp3,Camille Pépin_The Road not taken.mp3,wrk_4842d845b52885
0662.mp3,Camille Pépin_Vajrayana.mp3,wrk_a44b23557af30b
0663.mp3,Carlos Caires_Crossfade.mp3,wrk_9395cdf1035f6d
0664.mp3,Carlos de Castellarnau_Fixacions II.mp3,wrk_6a0f078e119cd3
0665.mp3,Carlos de Castellarnau_Trames.mp3,wrk_7703e413417a4a
0666.mp3,Carola Bauckholt_Atempause.mp3,wrk_ce7c9492a4ac63
0667.mp3,Carola Bauckholt_Aus dem Geröll.mp3,wrk_6005499848962e
0668.mp3,Carola Bauckholt_Balsam.mp3,wrk_f05080d003f742
0669.mp3,Carola Bauckholt_Cellotrio.mp3,wrk_8e0fa32fbf5088
0670.mp3,Carola Bauckholt_Die Flunder.mp3,wrk_3aa22e2a0eec9e
0671.mp3,Carola Bauckholt_Geräuschtöne.mp3,wrk_65c0cb6a2cabce
0672.mp3,Carola Bauckholt_Hirn & Ei.mp3,wrk_97c3874d3b7c7b
0673.mp3,Carola Bauckholt_Keil.mp3,wrk_b2b70b1a803fb6
0674.mp3,Carola Bauckholt_Klarinettentrio.mp3,wrk_cf4e8e3edf78b5
0675.mp3,Carola Bauckholt_Liebeslied.mp3,wrk_54a1cf3658c56d
0676.mp3,Carola Bauckholt_Luftwurzeln.mp3,wrk_48a0e97b1aa5af
0677.mp3,Carola Bauckholt_mehr oder weniger.mp3,wrk_606b2f8a5cad85
0678.mp3,Carola Bauckholt_Nestwärme.mp3,wrk_5b5f192b4ded5d
0679.mp3,Carola Bauckholt_sottovoce.mp3,wrk_448a20915aa5f0
0680.mp3,Carola Bauckholt_Streichtrio.mp3,wrk_64b10f13a21a75
0681.mp3,Carola Bauckholt_Treibstoff.mp3,wrk_dc1e6e113febda
0682.mp3,Caroline Shaw_Blueprint.mp3,wrk_21725f29d68254
0683.mp3,Caroline Shaw_Boris Kerner.mp3,wrk_5fdec97d99f953
0684.mp3,Caroline Shaw_First Essay.mp3,wrk_2c60073f36fabb
0685.mp3,Caroline Shaw_For Claire and Philip.mp3,wrk_e30fbea0344794
0686.mp3,Caroline Shaw_Hello.mp3,wrk_444496ddf23879
0687.mp3,Caroline Shaw_In manus tuas.mp3,wrk_40b71a62136f35
0688.mp3,Caroline Shaw_Limestone & Felt.mp3,wrk_5bf80e381d38ae
0689.mp3,Caroline Shaw_mit gutem humor.mp3,wrk_ab3a29f22e3f80
0690.mp3,Caroline Shaw_Plan & Elevation - The Grounds of Dumbarton Oaks.mp3,wrk_84d0efea546949
0691.mp3,Caroline Shaw_Punctum.mp3,wrk_9e9548750de19c
0692.mp3,Caroline Shaw_Ritornello.sq.2.j.a.mp3,wrk_73925feb7360e5
0693.mp3,Caroline Shaw_Schisma.mp3,wrk_b24a9aa80c4ab8
0694.mp3,Caroline Shaw_Stucco & Brocatelle.mp3,wrk_38dd1d979d5bf7
0695.mp3,Caroline Shaw_Taxidermy.mp3,wrk_71147458178d78
0696.mp3,Caroline Shaw_Thousandth Orange.mp3,wrk_953010eeb5c358
0697.mp3,Caroline Shaw_Valencia.mp3,wrk_b520eadcbddd22
0698.mp3,Charlemagne Palestine_Cathédrale de Strasbourg.mp3,wrk_25894b0d1e0e0b
0699.mp3,Charlemagne Palestine_Duo C Z #1.mp3,wrk_842971246685fb
0700.mp3,Charlemagne Palestine_Schlingen-Blängen.mp3,wrk_fa72d6ba78191d
0701.mp3,Charlemagne Palestine_Schlongo!!!daLUVdrone.mp3,wrk_2464337f1e6c4c
0702.mp3,Charlemagne Palestine_Short And Sweet.mp3,wrk_2d9bf39948d2f1
0703.mp3,Charlemagne Palestine_Solo C #1.mp3,wrk_d0c7c008215213
0704.mp3,Charlemagne Palestine_The Apocalypse Will Blossom.mp3,wrk_912ab9cdfcb428
0705.mp3,Charlemagne Palestine_Timbral Assault.mp3,wrk_51c37181ab42f6
0706.mp3,Charles Ives_A Set of Three Short Pieces.mp3,wrk_8b9eee708a5ea2
0707.mp3,Charles Ives_Central Park in the Dark.mp3,wrk_3a0d3b878e2dea
0708.mp3,Charles Ives_Chromâtimelôdtune.mp3,wrk_c2113946ea7777
0709.mp3,Charles Ives_Country Band March.mp3,wrk_a82acc8d46302f
0710.mp3,Charles Ives_Decoration day.mp3,wrk_266c2acaa8be2e
0711.mp3,Charles Ives_From the Steeples and the Mountains.mp3,wrk_54250417c8298b
0712.mp3,Charles Ives_Hallowe'en.mp3,wrk_8c5e3304cfb018
0713.mp3,Charles Ives_In Re Con Moto et al.mp3,wrk_fa365589fe302f
0714.mp3,Charles Ives_March - The Circus Band.mp3,wrk_5afb2504606f21
0715.mp3,"Charles Ives_March No. 1 for Piano, with Year of Jubilee.mp3",wrk_bb6972e7cc1ff9
0716.mp3,"Charles Ives_March No. 2 for Piano, with Son of a Gambolier.mp3",wrk_3db6fa487b90ac
0717.mp3,"Charles Ives_March No. 3 for Piano, with Omega Lambda Chi.mp3",wrk_9874ccaaef7162
0718.mp3,"Charles Ives_March No. 6 for Piano, with Here's to Good Old Yale.mp3",wrk_79c6afe15642f4
0719.mp3,"Charles Ives_Minuetto, Op. 4.mp3",wrk_7ed698e8f51d10
0720.mp3,Charles Ives_Orchestral Set No. 1 - Three Places in New England.mp3,wrk_9bb92ece260699
0721.mp3,Charles Ives_Overture and March 1776.mp3,wrk_62775f72779949
0722.mp3,Charles Ives_Postlude in F.mp3,wrk_5f57089aa4e577
0723.mp3,Charles Ives_Robert Browning Overture.mp3,wrk_82ed963a0a97e5
0724.mp3,Charles Ives_Scherzo - All the Way Around and Back.mp3,wrk_c483d246540008
0725.mp3,Charles Ives_Scherzo - Over the Pavements.mp3,wrk_d92f5aaf6a706c
0726.mp3,Charles Ives_Set No. 3.mp3,wrk_c061ca38e295df
0727.mp3,Charles Ives_Set of Five Take-Offs.mp3,wrk_709fe6c1813074
0728.mp3,Charles Ives_Some South-Paw Pitching.mp3,wrk_e9fd647d85cd55
0729.mp3,Charles Ives_Sonata No. 1 for Piano.mp3,wrk_aef31333db9b66
0730.mp3,Charles Ives_Sonata No. 1 for Violin and Piano.mp3,wrk_a1fc49f59b1135
0731.mp3,"Charles Ives_Sonata No. 2 for Piano - Concord, Mass., 1840-60.mp3",wrk_a9d15fafc85429
0732.mp3,Charles Ives_Sonata No. 2 for Violin and Piano.mp3,wrk_e148dab67d60b3
0733.mp3,Charles Ives_Sonata No. 3 for Violin and Piano.mp3,wrk_26e061766e86ae
0734.mp3,Charles Ives_String Quartet No. 1 - From the Salvation Army.mp3,wrk_e9f392510043c6
0735.mp3,Charles Ives_String Quartet No. 2.mp3,wrk_5a1d2ec15563dd
0736.mp3,Charles Ives_Study No. 16 - Andante cantabile.mp3,wrk_29dba0f4633b21
0737.mp3,Charles Ives_Study No. 21 - Some Southpaw Pitching.mp3,wrk_12c2bbcc769a4e
0738.mp3,Charles Ives_Symphony No. 2.mp3,wrk_3299f1fcd44744
0739.mp3,Charles Ives_Symphony No. 4.mp3,wrk_182baf5943d32f
0740.mp3,Charles Ives_The Celestial Railroad.mp3,wrk_56fcb2e2bc0685
0741.mp3,Charles Ives_The Fourth of July.mp3,wrk_40edbe0a80a48d
0742.mp3,Charles Ives_The Unanswered Question.mp3,wrk_9ce72c94e8f48c
0743.mp3,Charles Ives_Three Improvisations.mp3,wrk_6849f9fffb7546
0744.mp3,Charles Ives_Three Quarter-Tone Pieces.mp3,wrk_21b1a61205510f
0745.mp3,Charles Ives_Three-Page Sonata.mp3,wrk_7e9c01d8f1cfa5
0746.mp3,"Charles Ives_Trio for Violin, Cello, and Piano.mp3",wrk_80b2807b2da3e9
0747.mp3,Charles Ives_Variations on America.mp3,wrk_19edb4cd759e6e
0748.mp3,Charles Ives_Varied Air and Variations.mp3,wrk_74f4cb3e90d9ce
0749.mp3,Charles Ives_Waltz-Rondo.mp3,wrk_49eeb6cb69a342
0750.mp3,Charles Ives_Washington's Birthday.mp3,wrk_3e9f8f8c59cbb1
0751.mp3,Charles Ives_Yale-Princeton Football Game.mp3,wrk_657068f43cede9
0752.mp3,Charlotte Bray_A Dark Doorway.mp3,wrk_1eec7b5a0edc14
0753.mp3,Charlotte Bray_A Lost Place.mp3,wrk_ead642f37b79da
0754.mp3,Charlotte Bray_April 21st.mp3,wrk_460b450139cbc6
0755.mp3,Charlotte Bray_Caught in Treetops.mp3,wrk_34f37884edf030
0756.mp3,Charlotte Bray_Circling Point.mp3,wrk_68abbd4a57984c
0757.mp3,Charlotte Bray_Fanfare for Birmingham.mp3,wrk_c716781c7cc3f4
0758.mp3,Charlotte Bray_From the Innermost Places.mp3,wrk_9f461819dc2ab0
0759.mp3,Charlotte Bray_Mid-Oceaned.mp3,wrk_dc1352b10a907d
0760.mp3,Charlotte Bray_Nothing Ever Truly Ends.mp3,wrk_14ebecfdfa0bde
0761.mp3,Charlotte Bray_on the Other Shore.mp3,wrk_a4e1d0f29097ad
0762.mp3,Charlotte Bray_Secret.mp3,wrk_72016d62b4d4be
0763.mp3,Charlotte Bray_That Crazed Smile.mp3,wrk_e8c6df5d541c6a
0764.mp3,Charlotte Bray_The Sun and Her Flowers.mp3,wrk_5afd5087398002
0765.mp3,Charlotte Bray_This other Eden.mp3,wrk_a6eed2b0e879ed
0766.mp3,Charlotte Bray_Those Secret Eyes.mp3,wrk_5ea9251bcd58ab
0767.mp3,Charlotte Bray_Trail of Light.mp3,wrk_4e6d4f6f997dae
0768.mp3,Charlotte Bray_Voyage.mp3,wrk_940dafb61d2a04
0769.mp3,Chaya Czernowin_Afatsim.mp3,wrk_899253fdec381e
0770.mp3,Chaya Czernowin_Die Kreuzung.mp3,wrk_0949ee6e2d24ee
0771.mp3,Chaya Czernowin_Fast Darkness II - I freeze and melt.mp3,wrk_869e4a01da941b
0772.mp3,Chaya Czernowin_Fast Darkness III - Moonwords.mp3,wrk_64e272ad93541e
0773.mp3,Chaya Czernowin_Gradual edge.mp3,wrk_681d60c4b26fb3
0774.mp3,Chaya Czernowin_Guardian.mp3,wrk_08a1bafb1bf9a5
0775.mp3,Chaya Czernowin_On the Face of the Deep.mp3,wrk_af10539ed3b805
0776.mp3,Chaya Czernowin_Once I blinked nothing was the same.mp3,wrk_fd972f3f7c5154
0777.mp3,Chaya Czernowin_Sheva.mp3,wrk_63f8316da2e02f
0778.mp3,Chaya Czernowin_String Quartet.mp3,wrk_63adbd02bb3617
0779.mp3,Chaya Czernowin_The hour glass bleeds still.mp3,wrk_e9f1f7a1d30915
0780.mp3,Chiyoko Szlavnics_Gradients of Detail.mp3,wrk_81c9f3650aa9d7
0781.mp3,Chiyoko Szlavnics_Her Teeth Were White.mp3,wrk_95768d85304644
0782.mp3,Christian Mason_...just as the sun is always.mp3,wrk_0898c6cc84f25e
0783.mp3,Christian Mason_An Ocean of Years.mp3,wrk_76e9958b879db8
0784.mp3,Christian Mason_Heaven's chimes are slow.mp3,wrk_00ec03b36fd8f2
0785.mp3,Christian Mason_Noctilucence.mp3,wrk_e5fbb22d0c785b
0786.mp3,Christian Mason_Open to infinity - a grain of sand.mp3,wrk_f5fff2c5cf1f92
0787.mp3,Christian Mason_Sardinian Songbook.mp3,wrk_4deb9344c908bc
0788.mp3,Christian Mason_Shadowy fish.mp3,wrk_c691968c302703
0789.mp3,Christian Mason_This present moment used to be the unimaginable future.mp3,wrk_a90d9ee6e20fb5
0790.mp3,Christian Mason_Tuvan Songbook.mp3,wrk_f6b7d642c8011f
0791.mp3,Christian Mason_When joy became mixed with grief.mp3,wrk_14f72abd93e18d
0792.mp3,Christian Mason_Zwischen den Sternen.mp3,wrk_dd0e74df99d4fe
0793.mp3,"Christian Wolff_Cello Song Variations ('Hallelujah, I'm a Bum').mp3",wrk_0717bace48aa2e
0794.mp3,Christian Wolff_Cello Suite Variation.mp3,wrk_bb348fab49d02a
0795.mp3,Christian Wolff_Duo 6.mp3,wrk_aab62717cc76ba
0796.mp3,Christian Wolff_For Morty.mp3,wrk_60e225c4a03a9f
0797.mp3,Christian Wolff_For Piano (I).mp3,wrk_bdb1d19fa154e3
0798.mp3,Christian Wolff_For Piano (II).mp3,wrk_acf26e3016e7ac
0799.mp3,"Christian Wolff_John, David.mp3",wrk_a4b9a35b320f8b
0800.mp3,Christian Wolff_Look She Said.mp3,wrk_be13a05047ee51
0801.mp3,Christian Wolff_Merce.mp3,wrk_86ec055c532872
0802.mp3,Christian Wolff_Mountain Messengers.mp3,wrk_acb84c64c4a356
0803.mp3,"Christian Wolff_Old Shoe, New Shoe.mp3",wrk_8a9327d1425c36
0804.mp3,Christian Wolff_One Cellist.mp3,wrk_46a052aa7b47fc
0805.mp3,Christian Wolff_Serenade.mp3,wrk_b4824ae5bad95c
0806.mp3,Christian Wolff_Spring.mp3,wrk_4ddd767a4c0c43
0807.mp3,Christian Wolff_Touch.mp3,wrk_facf7cf9fa86de
0808.mp3,Christian Wolff_Violist and Percussionist.mp3,wrk_08b790a3cf2fbc
0809.mp3,Christophe Bertrand_Arashi.mp3,wrk_401614227f7d09
0810.mp3,Christophe Bertrand_Aus.mp3,wrk_e92f054c2205a6
0811.mp3,Christophe Bertrand_Ektra.mp3,wrk_d3a2da9d5adebb
0812.mp3,Christophe Bertrand_Haos.mp3,wrk_0070efb64ebccf
0813.mp3,Christophe Bertrand_Haïku.mp3,wrk_fed6c61de34e3e
0814.mp3,Christophe Bertrand_Hendeka.mp3,wrk_ad95ef19d6b78f
0815.mp3,Christophe Bertrand_La Chute Du Rouge.mp3,wrk_78718740e58101
0816.mp3,Christophe Bertrand_Mana.mp3,wrk_6c04ff0da43446
0817.mp3,Christophe Bertrand_Sanh.mp3,wrk_c44f1e0f45a6ba
0818.mp3,Christophe Bertrand_Satka.mp3,wrk_1c66b5ae4a7d34
0819.mp3,Christophe Bertrand_Scales.mp3,wrk_c4592762d2fed7
0820.mp3,Christophe Bertrand_Skiaï.mp3,wrk_d8b53775b3c505
0821.mp3,Christophe Bertrand_String Quartet No. 1.mp3,wrk_50566d1c5df3fc
0822.mp3,Christophe Bertrand_Vertigo.mp3,wrk_ea74a081376977
0823.mp3,Christophe Bertrand_Yet.mp3,wrk_ecf2e37a5aa04d
0824.mp3,Christophe de Coudenhove_Fusion.mp3,wrk_e0af9a6a98c989
0825.mp3,Christophe de Coudenhove_Je ne sais pas encore.mp3,wrk_6aa81328208a0b
0826.mp3,Christophe de Coudenhove_Matières orchestrales.mp3,wrk_b19d283baee36a
0827.mp3,Christopher Fox_An extraordinary mildness.mp3,wrk_ea352ecfa06c0a
0828.mp3,Christopher Fox_Block.mp3,wrk_cb7f60ded39005
0829.mp3,Christopher Fox_Chile.mp3,wrk_675550f276bd78
0830.mp3,Christopher Fox_Reeling.mp3,wrk_bfe1955de5dd75
0831.mp3,Christopher Fox_schwärme.mp3,wrk_a0b6e9d09b16a8
0832.mp3,Christopher Fox_The Missouri Harmony.mp3,wrk_5f2f52b3623b81
0833.mp3,Christopher Trapani_Leaving Lute.mp3,wrk_12f8575da2ff24
0834.mp3,"Christopher Trapani_Passing Through, Staying Put.mp3",wrk_ab883b1fc48354
0835.mp3,Christopher Trapani_PolychROME.mp3,wrk_b821d715c714e8
0836.mp3,Christopher Trapani_Sunflower Suite.mp3,wrk_f00739d7425283
0837.mp3,Claire-Mélanie Sinnhuber_Hélium.mp3,wrk_cfbd854efe4753
0838.mp3,Claire-Mélanie Sinnhuber_Les roses héroïques.mp3,wrk_322148668a1705
0839.mp3,Claire-Mélanie Sinnhuber_Lubie.mp3,wrk_90cded9cdcb3ce
0840.mp3,Claire-Mélanie Sinnhuber_Qui-vive.mp3,wrk_171a1c7a51573a
0841.mp3,Claire-Mélanie Sinnhuber_Sixième heure.mp3,wrk_a20f9c262eb7e2
0842.mp3,Claire-Mélanie Sinnhuber_Toccata.mp3,wrk_ced2e0a45d2d43
0843.mp3,Claire-Mélanie Sinnhuber_Tracasseries.mp3,wrk_f1acaf50c7844e
0844.mp3,Clara Iannotta_Al di là del bianco.mp3,wrk_39753fe048667f
0845.mp3,Clara Iannotta_Limun.mp3,wrk_b72b50a184d33d
0846.mp3,Clara Iannotta_The people here go mad. They blame the wind.mp3,wrk_75f255bfc62d6b
0847.mp3,Clara Olivares_Altérations du Vitrail.mp3,wrk_603ac1ca4c6f7a
0848.mp3,Clara Olivares_Après la lave.mp3,wrk_1b0a509006708c
0849.mp3,Clara Olivares_Children's Dinner.mp3,wrk_30d385bfade6f2
0850.mp3,Clara Olivares_Murs et racines.mp3,wrk_5d2628367fbb1c
0851.mp3,Clara Olivares_Or bleu.mp3,wrk_c50b728dffd0e0
0852.mp3,Clara Olivares_Pierre Clouée.mp3,wrk_579e6110c69383
0853.mp3,Claude Debussy_En Blanc et Noir.mp3,wrk_accfd076003577
0854.mp3,Claude Debussy_Images II.mp3,wrk_1db0d3dca04f1d
0855.mp3,Claude Debussy_Lindaraja.mp3,wrk_ca0ce4b3e83617
0856.mp3,Claude Debussy_Reflets dans l'eau.mp3,wrk_210065603e37e5
0857.mp3,Claude Debussy_Sonate pour violon et piano.mp3,wrk_1329b3221fae4b
0858.mp3,Claude Debussy_Syrinx.mp3,wrk_e380afa303d956
0859.mp3,Claude Ledoux_Courbes d'étoiles III - L'Étoile Sombre de Kobe.mp3,wrk_9a9c38446b5173
0860.mp3,Claude Ledoux_Courbes d'étoiles VI.mp3,wrk_34b8eadb6e5e3e
0861.mp3,Claude Ledoux_Heavy Funk !.mp3,wrk_20b93f820a10d8
0862.mp3,Claude Ledoux_Japanese E-mail 1 - To - Dai Fujikura.mp3,wrk_506fba804d8509
0863.mp3,Claude Ledoux_Japanese E-mail 2 - To - Sachiko Nomura.mp3,wrk_4951101cbc7e81
0864.mp3,Claude Ledoux_Las Lagrimas de un Angel.mp3,wrk_6bdce53e257e14
0865.mp3,Claude Ledoux_Miroirs de la transparence.mp3,wrk_11c0420f9681e7
0866.mp3,Claude Ledoux_Sanaalijal.mp3,wrk_42674f85eca1b3
0867.mp3,Claude Ledoux_Wait and hear.mp3,wrk_3002f77a6171dd
0868.mp3,Claude Ledoux_Ô Loli's Dream.mp3,wrk_839bda83654bdf
0869.mp3,Claude Vivier_Désintégration.mp3,wrk_266ddae1ca1959
0870.mp3,Claude Vivier_Et je reverrai cette ville étrange.mp3,wrk_b1a6805f19d5c6
0871.mp3,Claude Vivier_Greeting Music.mp3,wrk_07f481630ea999
0872.mp3,Claude Vivier_Les communiantes.mp3,wrk_132fa97edb1b1d
0873.mp3,Claude Vivier_Orion.mp3,wrk_c39172a69e882b
0874.mp3,Claude Vivier_Paramirabo.mp3,wrk_dec3dde20e712e
0875.mp3,Claude Vivier_Pianoforte.mp3,wrk_6e9623a05d6644
0876.mp3,Claude Vivier_Piece for Violin and Piano.mp3,wrk_6f8952abd44780
0877.mp3,Claude Vivier_Pièce pour flûte et piano.mp3,wrk_aaef37f7b14903
0878.mp3,Claude Vivier_Pièce pour violon et clarinette.mp3,wrk_aaa18edc567a21
0879.mp3,Claude Vivier_Pour guitare.mp3,wrk_0015ea3baaf9e7
0880.mp3,Claude Vivier_Samarkand.mp3,wrk_ceff54e200c258
0881.mp3,Claude Vivier_Shiraz.mp3,wrk_418451b172438b
0882.mp3,Claude Vivier_Siddhartha.mp3,wrk_f373596f093fff
0883.mp3,Claude Vivier_Zipangu.mp3,wrk_83c97d8f86c162
0884.mp3,Claudia Jane Scroccaro_[S]toccata.mp3,wrk_cab55c6d5f2dd1
0885.mp3,Claudia Jane Scroccaro_Affirming the Consequent.mp3,wrk_0acd0f585901a7
0886.mp3,Claudia Jane Scroccaro_Overdrive.mp3,wrk_c3a94b1c294990
0887.mp3,Conlon Nancarrow_String Quartet No. 1.mp3,wrk_e5313bd26368f7
0888.mp3,Conlon Nancarrow_String Quartet No. 3.mp3,wrk_5af6393238b1d5
0889.mp3,Conrad Beck_Drei Epigramme.mp3,wrk_ee381cbcc051ad
0890.mp3,Cornelius Cardew_First Movement for String Quartet.mp3,wrk_6757871fe47bdc
0891.mp3,Costin Miereanu_Ondes.mp3,wrk_b877367d11d0c4
0892.mp3,Cristóbal Halffter_Anillos.mp3,wrk_cd8ad393efb391
0893.mp3,Cristóbal Halffter_Cadencia.mp3,wrk_0d99ad91ece1a0
0894.mp3,Cristóbal Halffter_Canción callada in memoriam Frederico Mompou.mp3,wrk_412b4c11e4c894
0895.mp3,Cristóbal Halffter_Contando una historia.mp3,wrk_0e32e37629fca5
0896.mp3,Cristóbal Halffter_Debla.mp3,wrk_607a26a9d80328
0897.mp3,Cristóbal Halffter_Ecos de un antiguo piano.mp3,wrk_8ab1ea4c42b0d3
0898.mp3,Cristóbal Halffter_Espacio de guitarra.mp3,wrk_ed45d1f795f5b2
0899.mp3,Cristóbal Halffter_Fandango.mp3,wrk_55471f8aaead40
0900.mp3,Cristóbal Halffter_Halfbéniz.mp3,wrk_56db52d748f076
0901.mp3,Cristóbal Halffter_Odradek.mp3,wrk_ff062df3ff635f
0902.mp3,Cristóbal Halffter_Partita.mp3,wrk_1100b5cd7bbe99
0903.mp3,Cristóbal Halffter_Rapsodia española.mp3,wrk_525f9b2bcb6db1
0904.mp3,Cristóbal Halffter_Secuencias.mp3,wrk_9c86f641ba3436
0905.mp3,Cristóbal Halffter_String Quartet No. 11.mp3,wrk_eec1f2a51f1127
0906.mp3,Cristóbal Halffter_Suspiros de España.mp3,wrk_b9187cb8730fdd
0907.mp3,Cristóbal Halffter_Tiento del primer tono y batalla imperial.mp3,wrk_ddb09bda51aee7
0908.mp3,Cristóbal Halffter_Trio basso.mp3,wrk_f8e2c0f4e20c37
0909.mp3,Cristóbal Halffter_Variationen über das Thema eSACHERe.mp3,wrk_343add0fd7237d
0910.mp3,Dai Fujikura_Ampere.mp3,wrk_e818cd00f79570
0911.mp3,Dai Fujikura_Another Place.mp3,wrk_2dc7ca39cd2d13
0912.mp3,Dai Fujikura_Aquarius.mp3,wrk_afe1709b22f874
0913.mp3,Dai Fujikura_Atom.mp3,wrk_1b3aad04f3f984
0914.mp3,Dai Fujikura_Banitza Groove.mp3,wrk_0d3b9bd2e6b9f5
0915.mp3,Dai Fujikura_Bell (Obi II).mp3,wrk_fbc7744042d0b1
0916.mp3,Dai Fujikura_Bis.mp3,wrk_f9578f59039489
0917.mp3,Dai Fujikura_blast.mp3,wrk_d9c38251f61a34
0918.mp3,Dai Fujikura_Bliss.mp3,wrk_b3e694eacb6363
0919.mp3,Dai Fujikura_Bridging Realms.mp3,wrk_184e6cb82684a4
0920.mp3,"Dai Fujikura_Bright Codes (A, B, C, D).mp3",wrk_4ead18576117c1
0921.mp3,Dai Fujikura_Broken Shackle.mp3,wrk_29b3a58f35d7ae
0922.mp3,Dai Fujikura_Calling.mp3,wrk_74e148d3652a42
0923.mp3,Dai Fujikura_Cello Concerto.mp3,wrk_3bcd074a51c1c1
0924.mp3,Dai Fujikura_Chance Monsoon.mp3,wrk_3f79a0791cfbcb
0925.mp3,Dai Fujikura_Chirping Bird.mp3,wrk_018663beac69a0
0926.mp3,Dai Fujikura_Concerto for Tuba.mp3,wrk_c13d99ed458f46
0927.mp3,Dai Fujikura_Contour.mp3,wrk_89907bcc3ff538
0928.mp3,Dai Fujikura_Cosmic Breath.mp3,wrk_191bec1424ea7b
0929.mp3,Dai Fujikura_Cosmic Maps.mp3,wrk_33a6d28491097d
0930.mp3,Dai Fujikura_Cutting Sky.mp3,wrk_03a8026789e9c1
0931.mp3,Dai Fujikura_dawn passacaglia.mp3,wrk_44ab1faec367c7
0932.mp3,Dai Fujikura_deliquesce.mp3,wrk_c69b3200aeaec7
0933.mp3,Dai Fujikura_Diamond Dust.mp3,wrk_5647e8e56a6fbf
0934.mp3,Dai Fujikura_Dolphins.mp3,wrk_cd1f5fc6cfdeb4
0935.mp3,Dai Fujikura_Double Bass Concerto.mp3,wrk_8878033cb70ac8
0936.mp3,Dai Fujikura_Drunken Master.mp3,wrk_7a100d9f00ddee
0937.mp3,Dai Fujikura_ele.mp3,wrk_0a115b4aa1dbdd
0938.mp3,Dai Fujikura_Engraving.mp3,wrk_687ed0696a67ee
0939.mp3,Dai Fujikura_Fifth Station.mp3,wrk_9f8215446c0b11
0940.mp3,Dai Fujikura_Flare.mp3,wrk_c9220017c2033c
0941.mp3,Dai Fujikura_Floating Fireflies.mp3,wrk_89903bdc992e3a
0942.mp3,Dai Fujikura_Flute Concerto.mp3,wrk_2eea7b6dd300e2
0943.mp3,Dai Fujikura_Gliding Wings.mp3,wrk_2ddfc26644593d
0944.mp3,Dai Fujikura_Glorious Clouds.mp3,wrk_4116654851316a
0945.mp3,Dai Fujikura_Green Tea Concerto.mp3,wrk_bd8fce723e6008
0946.mp3,Dai Fujikura_Halcyon.mp3,wrk_1f28f29506b001
0947.mp3,Dai Fujikura_Half Moon.mp3,wrk_f677685353d4ec
0948.mp3,Dai Fujikura_Half-remembered city.mp3,wrk_5469e93f8f4e32
0949.mp3,Dai Fujikura_Harmonic Flute.mp3,wrk_2e1155fc229ebc
0950.mp3,Dai Fujikura_Hop.mp3,wrk_b8f305f7ca7317
0951.mp3,Dai Fujikura_Ice.mp3,wrk_4ba05c5998cee9
0952.mp3,Dai Fujikura_infinite string.mp3,wrk_161f9f5fde710a
0953.mp3,Dai Fujikura_Inkling.mp3,wrk_c721cf6c64f8e5
0954.mp3,Dai Fujikura_Jack.mp3,wrk_e3dde16e2ef6e3
0955.mp3,Dai Fujikura_Jiai.mp3,wrk_fde7491bc2d02b
0956.mp3,Dai Fujikura_Joule.mp3,wrk_a6fdb51c4475e8
0957.mp3,Dai Fujikura_Kodama.mp3,wrk_b11cc05c81c696
0958.mp3,Dai Fujikura_Korokoro.mp3,wrk_7b5bc723b2014b
0959.mp3,Dai Fujikura_Koto Concerto.mp3,wrk_712fd72ccf5394
0960.mp3,Dai Fujikura_Lila.mp3,wrk_d8e20b71c0d59e
0961.mp3,Dai Fujikura_line by line.mp3,wrk_bd65529322091c
0962.mp3,Dai Fujikura_Luminous.mp3,wrk_7ef083c34ebf99
0963.mp3,Dai Fujikura_Milliampere.mp3,wrk_04738c53d5f0a1
0964.mp3,Dai Fujikura_Mina.mp3,wrk_69522037a323ec
0965.mp3,Dai Fujikura_minimina.mp3,wrk_dcbe3e82f5ee59
0966.mp3,Dai Fujikura_Mirrors.mp3,wrk_ad140c6598980e
0967.mp3,Dai Fujikura_Moment.mp3,wrk_2ab6e083ac1a32
0968.mp3,Dai Fujikura_momiji.mp3,wrk_43061158936e6d
0969.mp3,Dai Fujikura_Moon.mp3,wrk_d4a13950fbd50b
0970.mp3,Dai Fujikura_my butterflies.mp3,wrk_ed5f22a0eb399f
0971.mp3,Dai Fujikura_neo.mp3,wrk_fab298c91b8fba
0972.mp3,Dai Fujikura_nui 2.mp3,wrk_2e2d635720c086
0973.mp3,Dai Fujikura_Nui.mp3,wrk_af30c07adfe55a
0974.mp3,Dai Fujikura_Okeanos Breeze.mp3,wrk_4f7883bb4e6fe1
0975.mp3,Dai Fujikura_osm.mp3,wrk_f6bd4e75568432
0976.mp3,Dai Fujikura_Padong (파동).mp3,wrk_51999992134b73
0977.mp3,Dai Fujikura_Perpetual Spring.mp3,wrk_8f860690e6868e
0978.mp3,Dai Fujikura_Piano Sonata.mp3,wrk_03637e232fa306
0979.mp3,Dai Fujikura_poyopoyo.mp3,wrk_e483da5aa68a95
0980.mp3,Dai Fujikura_Pre.mp3,wrk_99ec4134725753
0981.mp3,Dai Fujikura_Rare Gravity.mp3,wrk_067e51057655f7
0982.mp3,Dai Fujikura_Reach out.mp3,wrk_96bbd5d3b028f7
0983.mp3,Dai Fujikura_Recorder Concerto.mp3,wrk_ce06f1ef1de15f
0984.mp3,Dai Fujikura_repetition recollection.mp3,wrk_859897714791f9
0985.mp3,Dai Fujikura_Returning.mp3,wrk_3788feb0e7ca87
0986.mp3,Dai Fujikura_Ryu.mp3,wrk_f477610588ab17
0987.mp3,Dai Fujikura_Sakana.mp3,wrk_4c2cb0a36bf0eb
0988.mp3,Dai Fujikura_Sarasara.mp3,wrk_0bee23133aa389
0989.mp3,Dai Fujikura_Secret Leaves.mp3,wrk_4688e5865bd89b
0990.mp3,Dai Fujikura_Shakuhachi Concerto.mp3,wrk_ccaa5588a89c41
0991.mp3,Dai Fujikura_Shakuhachi Five.mp3,wrk_c45af806f8dc83
0992.mp3,Dai Fujikura_Shamisen Concerto.mp3,wrk_efa50e28bea6b8
0993.mp3,Dai Fujikura_Sho Concerto.mp3,wrk_e68dfeb02b1c4c
0994.mp3,Dai Fujikura_Sparkler.mp3,wrk_45340778e5b43f
0995.mp3,Dai Fujikura_Stream State.mp3,wrk_64ea1b9e8dafa4
0996.mp3,Dai Fujikura_Tocar y Luchar.mp3,wrk_17534514ec037d
0997.mp3,Dai Fujikura_Trumpet Concerto.mp3,wrk_88334efde435bb
0998.mp3,Dai Fujikura_tsutsumu.mp3,wrk_8f545c41e4d9e0
0999.mp3,Dai Fujikura_twin tweets.mp3,wrk_ffc9c6aeccf607
1000.mp3,Dai Fujikura_Uri.mp3,wrk_d32828f641e135
1001.mp3,Dai Fujikura_Uto.mp3,wrk_3515ebb4ed0f7a
1002.mp3,Dai Fujikura_Water Path.mp3,wrk_857b46e7573e71
1003.mp3,Dai Fujikura_Wave Embraced.mp3,wrk_0a1d7327c2021d
1004.mp3,Dai Fujikura_Wavering World.mp3,wrk_87f976edaae2b6
1005.mp3,Dai Fujikura_Waves.mp3,wrk_c72ee1e3643d97
1006.mp3,Dai Fujikura_Wayfinder.mp3,wrk_fb116c93999433
1007.mp3,Dai Fujikura_Whim.mp3,wrk_3cb6ca260f5b59
1008.mp3,Dai Fujikura_Wind Skein.mp3,wrk_3d4d23d82b8c13
1009.mp3,Dai Fujikura_Yuragi.mp3,wrk_67e4e93b407ae8
1010.mp3,Daniel D'Adamo_Coeli et terrae.mp3,wrk_214654e67ad3b6
1011.mp3,Daniela Terranova_A landscape in my hands.mp3,wrk_b2672976c30125
1012.mp3,Daniela Terranova_Blue over Blue.mp3,wrk_d2b8d73d759c9a
1013.mp3,"Daniela Terranova_Dell'infinito, luci e ombre.mp3",wrk_dd35b25f84bdb9
1014.mp3,Daniela Terranova_Di natura sottile.mp3,wrk_d2bb2712cbcdd9
1015.mp3,Daniela Terranova_Rainbow Dust in the Sky.mp3,wrk_d1ffd539057637
1016.mp3,Daniela Terranova_Sentire con tatto.mp3,wrk_9859347fc059fb
1017.mp3,Daniela Terranova_Variazioni sul bianco.mp3,wrk_3bca76c53420c5
1018.mp3,Daniela Terranova_Wood Metal Strings.mp3,wrk_619625206591f7
1019.mp3,Daniele Ghisi_Come di tempeste.mp3,wrk_677a9d1e673bd6
1020.mp3,Darius Milhaud_A Frenchman in New York.mp3,wrk_4921755413fe05
1021.mp3,Darius Milhaud_Aspen Serenade.mp3,wrk_95ffdc5d7751f2
1022.mp3,Darius Milhaud_Cinq études.mp3,wrk_48790d77675d8c
1023.mp3,Darius Milhaud_Concertino d'Automne.mp3,wrk_f6c709185a0e71
1024.mp3,Darius Milhaud_Concertino d'hiver.mp3,wrk_7397e36f6d3eb0
1025.mp3,Darius Milhaud_Concertino d'été.mp3,wrk_c1b4a40dce562e
1026.mp3,Darius Milhaud_Concertino de printemps.mp3,wrk_dcb15f7a275e7c
1027.mp3,Darius Milhaud_Concerto No. 3.mp3,wrk_e99180898f2082
1028.mp3,Darius Milhaud_Concerto No. 4.mp3,wrk_1b5f0a0cbaec02
1029.mp3,Darius Milhaud_Cortège funèbre.mp3,wrk_a14c4b68dda95d
1030.mp3,Darius Milhaud_Duo.mp3,wrk_c731440d49d057
1031.mp3,Darius Milhaud_Hymne de glorification.mp3,wrk_fb7808c64770c1
1032.mp3,Darius Milhaud_Jeu.mp3,wrk_14c1a369407fc4
1033.mp3,Darius Milhaud_L'Album de Madame Bovary.mp3,wrk_5dfb3789af24b6
1034.mp3,Darius Milhaud_L'homme et son désir.mp3,wrk_37f9dbb2b4516d
1035.mp3,Darius Milhaud_La Cheminée du roi René.mp3,wrk_5e54282f0cfa7a
1036.mp3,Darius Milhaud_Le Bœuf sur le toit.mp3,wrk_714bc1ba7c93c7
1037.mp3,Darius Milhaud_Le Printemps.mp3,wrk_a2cf31f35074fc
1038.mp3,Darius Milhaud_Les rêves de Jacob.mp3,wrk_439addc91419fb
1039.mp3,Darius Milhaud_Meurtre d'un grand chef d'État.mp3,wrk_dd681f8274662d
1040.mp3,Darius Milhaud_Musique pour Prague.mp3,wrk_f81659a99dfff2
1041.mp3,Darius Milhaud_Ouverture philharmonique.mp3,wrk_67fd75b914fab5
1042.mp3,Darius Milhaud_Petite suite.mp3,wrk_7c1ecd6ad4f6ec
1043.mp3,Darius Milhaud_Quatre romances sans paroles.mp3,wrk_7fb2351f255f0e
1044.mp3,Darius Milhaud_Quatuor.mp3,wrk_320ca33a4faccd
1045.mp3,Darius Milhaud_Quintette à vent.mp3,wrk_df49ee8c47ee15
1046.mp3,Darius Milhaud_Septuor à cordes.mp3,wrk_731bf80ca94732
1047.mp3,Darius Milhaud_Sonatine à trois.mp3,wrk_8988636b05a7c0
1048.mp3,Darius Milhaud_String Quartet No. 1.mp3,wrk_540a22e92f0044
1049.mp3,Darius Milhaud_String Quartet No. 14.mp3,wrk_bbf5f365b039d9
1050.mp3,Darius Milhaud_String Quartet No. 18.mp3,wrk_6fb43fe7ae4cbe
1051.mp3,Darius Milhaud_String Quartet No. 2.mp3,wrk_21a0fb1e8a97ad
1052.mp3,Darius Milhaud_String Quartet No. 4.mp3,wrk_e6abd34e7ec274
1053.mp3,Darius Milhaud_String Quartet No. 5.mp3,wrk_e772f4a2225529
1054.mp3,Darius Milhaud_String Quartet No. 6.mp3,wrk_86f9d4f11520ab
1055.mp3,Darius Milhaud_String Quartet No. 7.mp3,wrk_480bdf0a17c1a7
1056.mp3,Darius Milhaud_String Quartet No. 8.mp3,wrk_a1d10d6a3bd245
1057.mp3,Darius Milhaud_String Quartet No. 9.mp3,wrk_80f860be24b61b
1058.mp3,Darius Milhaud_Suite concertante.mp3,wrk_f1c1da04ab2178
1059.mp3,Darius Milhaud_Suite française.mp3,wrk_a9f99a538c3bcb
1060.mp3,Darius Milhaud_Suite provencale.mp3,wrk_104af61b7e8d04
1061.mp3,Darius Milhaud_Symphony No. 10.mp3,wrk_7d7ebf9229381f
1062.mp3,Darius Milhaud_Symphony No. 12.mp3,wrk_802e485ba2b31e
1063.mp3,Darius Milhaud_Symphony No. 6.mp3,wrk_7ba648339a4e2e
1064.mp3,Darius Milhaud_Symphony No. 9.mp3,wrk_f62c32ad4486a6
1065.mp3,Darius Milhaud_Élegie.mp3,wrk_0b26508d0fd84d
1066.mp3,Darius Milhaud_Études.mp3,wrk_e2de9e03cef244
1067.mp3,David Fulmer_...Immaculate sigh of stars.mp3,wrk_b5f6a3cda55dfe
1068.mp3,David Fulmer_Faces of Awilda.mp3,wrk_72c3447326863b
1069.mp3,David Fulmer_Himmelfahrt in die Tiefen der Nacht.mp3,wrk_d4eec181c8e535
1070.mp3,David Fulmer_Original wood.mp3,wrk_93ea3b4683e411
1071.mp3,David Fulmer_Sirens.mp3,wrk_bd061db49d5b6b
1072.mp3,David Fulmer_Star of the north - Requiem for Zhanaozen.mp3,wrk_7cc59dd2f655c9
1073.mp3,David Fulmer_Verlöschend.mp3,wrk_6acee75be1d2da
1074.mp3,David Fulmer_Within his bending sickle's compass come.mp3,wrk_471e93e6ee96ab
1075.mp3,David Hudry_[Im]pulses.mp3,wrk_0571afa34ce28f
1076.mp3,David Hudry_Intersections.mp3,wrk_7132080c66e923
1077.mp3,David Hudry_Verwandlung I.mp3,wrk_2642412f75dc56
1078.mp3,David Lang_almost all the time.mp3,wrk_b402657278e946
1079.mp3,David Lang_before gravity.mp3,wrk_4bf3634b3dacc0
1080.mp3,David Lang_boy.mp3,wrk_4aa18ed4346ac5
1081.mp3,David Lang_broken.mp3,wrk_0a3e9b4a8a35f8
1082.mp3,David Lang_burn notice.mp3,wrk_d4f62784f133ab
1083.mp3,"David Lang_cheating, lying, stealing.mp3",wrk_1c140c72d1ecb9
1084.mp3,David Lang_face so pale.mp3,wrk_2d945af6491e28
1085.mp3,David Lang_grind.mp3,wrk_3b7875147f4bbe
1086.mp3,David Lang_hard hit.mp3,wrk_242651f1fa6f31
1087.mp3,David Lang_how to pray.mp3,wrk_8b39b0fe1cd65e
1088.mp3,David Lang_illumination rounds.mp3,wrk_96bb19b7f95935
1089.mp3,David Lang_light moving.mp3,wrk_71f333b11d22a0
1090.mp3,David Lang_miracle ear.mp3,wrk_fd3bf0fee73b88
1091.mp3,David Lang_my very empty mouth.mp3,wrk_09bcd6a2391cd2
1092.mp3,David Lang_mystery sonatas.mp3,wrk_9edcc337af2905
1093.mp3,David Lang_ordinary.mp3,wrk_86d38bbb69e024
1094.mp3,David Lang_ornament and reproach.mp3,wrk_336f09bd2289d0
1095.mp3,David Lang_pierced.mp3,wrk_4b1365bf62a067
1096.mp3,David Lang_scraping song.mp3,wrk_cd47005e20c885
1097.mp3,David Lang_short fall.mp3,wrk_fd5206d51e2321
1098.mp3,David Lang_sleeper's prayer.mp3,wrk_25bd1869862e00
1099.mp3,David Lang_string of pearls.mp3,wrk_5882903f2dbed5
1100.mp3,David Lang_sweet air.mp3,wrk_b4791dcbdcd86f
1101.mp3,David Lang_this was written by hand.mp3,wrk_00863f45f9de5d
1102.mp3,David Lang_thorn.mp3,wrk_073922e9244ffb
1103.mp3,David Lang_unchained melody.mp3,wrk_23c5399ae37635
1104.mp3,David Lang_vent.mp3,wrk_90aa931643f260
1105.mp3,David Lang_while nailing at random.mp3,wrk_19234270985297
1106.mp3,Denis Cohen_Flexus.mp3,wrk_c93ff3e851cd69
1107.mp3,Denis Cohen_Il sogno di Dedalo.mp3,wrk_d51006398a8f17
1108.mp3,Denis Cohen_Mémoire de vague.mp3,wrk_f5be3e59efa456
1109.mp3,Denis Cohen_Pyramoïdes.mp3,wrk_54bd1c79b33ad1
1110.mp3,Denis Cohen_Étude pour le Poème.mp3,wrk_dea07416199b9b
1111.mp3,Denis Dufour_Dernier quatuor.mp3,wrk_7d1891f1b98aa8
1112.mp3,Denis Dufour_Fluorescence.mp3,wrk_965f7559eb79c4
1113.mp3,Denis Dufour_Tandem oblique.mp3,wrk_29e53e615537c0
1114.mp3,Diana Soh_[Ro]ob[ta]ject[tions].mp3,wrk_93dde7fb3677fd
1115.mp3,Diana Soh_All that we see(m).mp3,wrk_48d96c8542787c
1116.mp3,Diana Soh_Incantare.mp3,wrk_a5d9f2c8f3629d
1117.mp3,"Diana Soh_Still, yet and again.mp3",wrk_3d23fa7060a6a2
1118.mp3,Didem Coskunseven_In Nuce.mp3,wrk_de927170d2cdc5
1119.mp3,Didem Coskunseven_Orada Acan (There Blooms).mp3,wrk_7289f14806d637
1120.mp3,Didem Coskunseven_What makes an ocean.mp3,wrk_800d8352460d0f
1121.mp3,Dieter Ammann_BOOST.mp3,wrk_daca24195fad7b
1122.mp3,Dieter Ammann_CORE.mp3,wrk_01ef3ae8bad46b
1123.mp3,Dieter Ammann_TURN.mp3,wrk_b45c6b9ba69207
1124.mp3,Dieter Mack_Crosscurrents.mp3,wrk_af6d9ca6529cd7
1125.mp3,Dieter Mack_Kebyar Baru.mp3,wrk_b008a1f5ebe2f8
1126.mp3,Dieter Mack_Kebyar.mp3,wrk_f2c23e12054db3
1127.mp3,Dieter Mack_Luft.mp3,wrk_d451cbb28badc0
1128.mp3,Dieter Mack_Mari Marie.mp3,wrk_da5557dfe19ebc
1129.mp3,Dieter Mack_Rafting and beyond.mp3,wrk_8bd90dc26d6e0e
1130.mp3,Dieter Mack_Snells Beach.mp3,wrk_3bfc33b0c370d8
1131.mp3,Dieter Mack_Stream.mp3,wrk_6c67e503f4a4f5
1132.mp3,Dieter Mack_Telu.mp3,wrk_d721b14eb788a5
1133.mp3,Dieter Mack_Trio VII.mp3,wrk_66290d9046f0cf
1134.mp3,Dieter Mack_Wantilan.mp3,wrk_1505db4494402c
1135.mp3,Dieter Schnebel_Orchestra.mp3,wrk_d090a56ccb01ed
1136.mp3,Dieter Schnebel_Sinfonie-Stücke.mp3,wrk_997ed4c054d32b
1137.mp3,Dieter Schnebel_Stücke für Streichinstrumente.mp3,wrk_d5dc76a24a96c9
1138.mp3,Dieter Schnebel_Vier Stücke.mp3,wrk_b2a9f5d33b1115
1139.mp3,Dieter Schnebel_Walzer-Inseln.mp3,wrk_ea1470dffad2cd
1140.mp3,Dmitri Kourliandski_Contra-relief.mp3,wrk_41fdde51e7e824
1141.mp3,Dmitri Kourliandski_FL [falsa lectio] #2.mp3,wrk_3e521bda3388e7
1142.mp3,Dmitri Kourliandski_Possible Places.mp3,wrk_eb0dc01f185064
1143.mp3,Dmitri Kourliandski_prePositions.mp3,wrk_6832e7b409b55c
1144.mp3,Dmitri Kourliandski_PS [passé simple].mp3,wrk_c738be8659e319
1145.mp3,Dmitri Kourliandski_Punctuation marks.mp3,wrk_dfb80215b06980
1146.mp3,Dmitri Kourliandski_Shiver.mp3,wrk_6772dd18c579c8
1147.mp3,Dmitri Kourliandski_Surface.mp3,wrk_5c0781c9d37d09
1148.mp3,Dmitri Kourliandski_Tube space.mp3,wrk_161dc96f9676cf
1149.mp3,Dun Tan_C-A-G-E.mp3,wrk_8013be891e90cf
1150.mp3,Dun Tan_Concerto for String Quartet and Pipa.mp3,wrk_cb3043b314cbb3
1151.mp3,Dun Tan_Contrabass Concerto - Wolf Totem.mp3,wrk_2c78f0055d3b1a
1152.mp3,Dun Tan_Dew Fall Drops.mp3,wrk_166872b7f0610b
1153.mp3,Dun Tan_Eight Colors.mp3,wrk_7e943994256a27
1154.mp3,Dun Tan_Intercourse of Fire and Water.mp3,wrk_8d476467bdc83a
1155.mp3,Dun Tan_Symphonic Poem of 3 Notes.mp3,wrk_25fe54e8dca792
1156.mp3,Dun Tan_Water Concerto.mp3,wrk_7c474b488d0d8f
1157.mp3,Dun Tan_Water Music.mp3,wrk_39d42c3f60a104
1158.mp3,Edgard Varèse_Amériques.mp3,wrk_255568070b98a6
1159.mp3,Edgard Varèse_Arcana.mp3,wrk_5ed9c374ac1756
1160.mp3,Edgard Varèse_Hyperprism.mp3,wrk_f0c38018bb667f
1161.mp3,Edgard Varèse_Intégrales.mp3,wrk_668ca7a48e129d
1162.mp3,Edgard Varèse_Ionisation.mp3,wrk_04ec0b752430e0
1163.mp3,Edgard Varèse_Octandre.mp3,wrk_2c21273a726bfe
1164.mp3,Edison Denisov_Aquarelle.mp3,wrk_d40ec620ab3731
1165.mp3,"Edison Denisov_Concerto for Flute, Oboe, Piano and Percussion.mp3",wrk_82cd266eba1204
1166.mp3,Edison Denisov_Concerto piccolo.mp3,wrk_0c7492ec37f23d
1167.mp3,Edison Denisov_D.S.C.H.mp3,wrk_6cfc610a1b44ad
1168.mp3,Edison Denisov_Five Etudes for Bassoon.mp3,wrk_7474a7783aa896
1169.mp3,Edison Denisov_Four Pieces for Flute and Piano.mp3,wrk_e907ea1f7606f0
1170.mp3,Edison Denisov_Guitar Sonata.mp3,wrk_fc448ef7733848
1171.mp3,Edison Denisov_In Deo Speravit Cor Meum.mp3,wrk_90944c82ae66ff
1172.mp3,Edison Denisov_Piano Concerto.mp3,wrk_ef499b644d8dc1
1173.mp3,Edison Denisov_Reflets.mp3,wrk_0e3d6413ec90a4
1174.mp3,Edison Denisov_Sonata for Flute and Guitar.mp3,wrk_a34803103bd6b2
1175.mp3,Edison Denisov_Sonata for Flute and Harp.mp3,wrk_44af6fe959e2b8
1176.mp3,Edison Denisov_Sonata for Violin and Organ.mp3,wrk_8b8a0ebb5eeac7
1177.mp3,Edison Denisov_Sonate pour flûte et piano.mp3,wrk_a2fb59d36c21f4
1178.mp3,Edison Denisov_Sonate pour saxophone alto et piano.mp3,wrk_00a5e2b448ca78
1179.mp3,Edison Denisov_Symphony.mp3,wrk_5be740cdf8e8e5
1180.mp3,Edison Denisov_Three Pieces for Piano Four Hands.mp3,wrk_b7f71e7cafb4b5
1181.mp3,Edison Denisov_Tod ist ein langer Schlaf.mp3,wrk_085fb325d8447e
1182.mp3,Edison Denisov_Two Pieces for Saxophone Viola and Piano.mp3,wrk_91e26a0a40c7ab
1183.mp3,Edison Denisov_Variations pour piano.mp3,wrk_95978d368509f9
1184.mp3,Edison Denisov_Violin Sonata.mp3,wrk_eaa8dedad75493
1185.mp3,Edith Canat de Chizy_Canto a due.mp3,wrk_112d16f0537fc5
1186.mp3,Edith Canat de Chizy_En mille éclats.mp3,wrk_e15f5e6184cf3b
1187.mp3,Edith Canat de Chizy_En noir et or.mp3,wrk_48ab17ba8f7538
1188.mp3,Edith Canat de Chizy_Exultet.mp3,wrk_f2e60cd0d3c015
1189.mp3,Edith Canat de Chizy_Falaises.mp3,wrk_45a8c78cc78223
1190.mp3,Edith Canat de Chizy_Irisations.mp3,wrk_7ce36607682b1a
1191.mp3,Edith Canat de Chizy_Libertysurf.mp3,wrk_888c9917d9df49
1192.mp3,Edith Canat de Chizy_Moïra.mp3,wrk_c120e47036ce5d
1193.mp3,Edith Canat de Chizy_O God !.mp3,wrk_36038cdae73d73
1194.mp3,Edith Canat de Chizy_Ritmo.mp3,wrk_f51ec519b426d3
1195.mp3,Edith Canat de Chizy_Saxy.mp3,wrk_895561956046da
1196.mp3,Edith Canat de Chizy_Siloël.mp3,wrk_f81cf77d59e926
1197.mp3,Edith Canat de Chizy_Times.mp3,wrk_2755d309d58e27
1198.mp3,Edith Canat de Chizy_Vagues se brisant contre le vent.mp3,wrk_09b471f1a89c76
1199.mp3,Einar Torfi Einarsson_Non-vanishing vacuum state.mp3,wrk_f7771e3f39cd2b
1200.mp3,Einar Torfi Einarsson_Quanta.mp3,wrk_e3eceb4170838a
1201.mp3,Eivind Buene_Johannes Brahms Klarinetten-Trio.mp3,wrk_c7a72042666ffd
1202.mp3,Eivind Buene_Landscape with Ruins.mp3,wrk_dfb0859a6b9fe6
1203.mp3,Eivind Buene_Night Music.mp3,wrk_f5d12cb2ffb240
1204.mp3,Elena Mendoza_Breviario de Espejismos.mp3,wrk_a89c00c23d383c
1205.mp3,Elena Mendoza_Contextos-Juegos.mp3,wrk_c2276b6ee2f7a8
1206.mp3,Elena Mendoza_Contextos.mp3,wrk_ac21b80294ab3a
1207.mp3,Elena Mendoza_Die Macht der Gewohnheit.mp3,wrk_9b3502545b57e3
1208.mp3,Elena Mendoza_Découpé.mp3,wrk_706de1dee3b33b
1209.mp3,Elena Mendoza_Gramática de lo indecible.mp3,wrk_d61abcee339768
1210.mp3,Elena Mendoza_Lo que nunca dijo nadie.mp3,wrk_527fef2df4ca29
1211.mp3,Elena Mendoza_Relato improbable.mp3,wrk_7012f9f82ce2d2
1212.mp3,Elena Mendoza_Se hace saber.mp3,wrk_f33dc1f712b093
1213.mp3,Elena Mendoza_Zwei Szenen.mp3,wrk_674e8a8f30fdb0
1214.mp3,Elena Rykova_Alone against the wall.mp3,wrk_c7117eb5ec9459
1215.mp3,Elena Rykova_TypewritERyk.mp3,wrk_7a1c355221ef56
1216.mp3,Elliott Carter_A Symphony of Three Orchestras.mp3,wrk_22768e17d4635e
1217.mp3,Elliott Carter_Allegro scorrevole.mp3,wrk_b07623677a7ecb
1218.mp3,Elliott Carter_Asko Concerto.mp3,wrk_c05783d6bdcc43
1219.mp3,Elliott Carter_Au Quai.mp3,wrk_36427ce288dcc2
1220.mp3,Elliott Carter_Bariolage.mp3,wrk_75155439665e41
1221.mp3,Elliott Carter_Boston Concerto.mp3,wrk_3108f545d95b2a
1222.mp3,"Elliott Carter_Canon for 4, Homage to William.mp3",wrk_bd6e161af1748f
1223.mp3,Elliott Carter_Canonic Suite.mp3,wrk_5483e3b7c543d3
1224.mp3,Elliott Carter_Caténaires.mp3,wrk_fb334df8d08eff
1225.mp3,Elliott Carter_Cello Concerto.mp3,wrk_ebca8d2a536909
1226.mp3,Elliott Carter_Changes.mp3,wrk_e8a5384e126b1e
1227.mp3,Elliott Carter_Clarinet Concerto.mp3,wrk_e4159a55ad4772
1228.mp3,Elliott Carter_Clarinet Quintet.mp3,wrk_d7a6e9f344c90d
1229.mp3,Elliott Carter_Con leggerezza pensosa.mp3,wrk_a7c433bde42dbd
1230.mp3,Elliott Carter_Concerto for orchestra.mp3,wrk_f072826aa61717
1231.mp3,Elliott Carter_Dialogues II.mp3,wrk_807ca96d439b27
1232.mp3,Elliott Carter_Double concerto.mp3,wrk_4ed206c7a03698
1233.mp3,Elliott Carter_Duo.mp3,wrk_62925e89779e5a
1234.mp3,Elliott Carter_Eight Pieces for Four Timpani.mp3,wrk_138f4f30d99b4d
1235.mp3,Elliott Carter_Enchanted Preludes.mp3,wrk_1bfdea40c45a04
1236.mp3,Elliott Carter_Esprit rudeEsprit doux II.mp3,wrk_99142165e3ec0c
1237.mp3,Elliott Carter_Esprit rudeesprit doux.mp3,wrk_3b21a70ce18ba0
1238.mp3,Elliott Carter_Figment II.mp3,wrk_39d8e943086d60
1239.mp3,Elliott Carter_Figment III.mp3,wrk_c6b8471bf4d2c3
1240.mp3,Elliott Carter_Figment IV.mp3,wrk_cd5fc9f9b0cde3
1241.mp3,Elliott Carter_Figment V.mp3,wrk_c87339b42f155c
1242.mp3,Elliott Carter_Figment.mp3,wrk_3b37caf42673b9
1243.mp3,Elliott Carter_Flute Concerto.mp3,wrk_27fb9c5e4a2205
1244.mp3,Elliott Carter_Fragment No.1.mp3,wrk_000777e05f5b27
1245.mp3,Elliott Carter_Gra.mp3,wrk_3421916cfd44ed
1246.mp3,Elliott Carter_HBHH.mp3,wrk_b39626f3fc62cc
1247.mp3,Elliott Carter_Holiday Overture.mp3,wrk_c6c81bfe1b125a
1248.mp3,Elliott Carter_Horn Concerto.mp3,wrk_6027886f25888a
1249.mp3,Elliott Carter_Immer Neu.mp3,wrk_19643952209b97
1250.mp3,Elliott Carter_Inner Song.mp3,wrk_36eeae8f2ab0cd
1251.mp3,Elliott Carter_Intermittences.mp3,wrk_fe828de4e9717c
1252.mp3,Elliott Carter_Interventions.mp3,wrk_001b0c127b15c1
1253.mp3,Elliott Carter_Luimen.mp3,wrk_ff0ace8d3e051f
1254.mp3,Elliott Carter_Night Fantasies.mp3,wrk_a494a3e19e14a3
1255.mp3,Elliott Carter_Oboe Concerto.mp3,wrk_b9204162e144ac
1256.mp3,Elliott Carter_Oboe Quartet.mp3,wrk_ea6b63b0442b71
1257.mp3,Elliott Carter_Penthode.mp3,wrk_bfa10d9b5e6158
1258.mp3,Elliott Carter_Piano Concerto.mp3,wrk_1e55039f7e6aa5
1259.mp3,Elliott Carter_Piano sonata.mp3,wrk_86c0fea0791732
1260.mp3,Elliott Carter_Retracing V.mp3,wrk_b155eb7a5620b0
1261.mp3,Elliott Carter_Retrouvailles.mp3,wrk_018dc4d68c3089
1262.mp3,Elliott Carter_Riconoscenza.mp3,wrk_05413641d92352
1263.mp3,Elliott Carter_Rigmarole.mp3,wrk_3fc072a5d5743b
1264.mp3,Elliott Carter_Réflexions.mp3,wrk_a6569c568e33af
1265.mp3,Elliott Carter_Scrivo in Vento.mp3,wrk_ac065b901783c4
1266.mp3,Elliott Carter_Shard.mp3,wrk_dc17dd714991fb
1267.mp3,Elliott Carter_Sonata for Cello and Piano.mp3,wrk_fd741c6fa0c395
1268.mp3,"Elliott Carter_Sonata for Flute, Oboe, Cello and Harpsichord.mp3",wrk_57298fa53de173
1269.mp3,Elliott Carter_Steep Steps.mp3,wrk_f8a7e6e4a02d3d
1270.mp3,Elliott Carter_String Quartet No. 1.mp3,wrk_4810557274d31f
1271.mp3,Elliott Carter_String Quartet No. 2.mp3,wrk_9786b596624abc
1272.mp3,Elliott Carter_String Quartet No. 3.mp3,wrk_6b848e7e76e6f5
1273.mp3,Elliott Carter_String Quartet No.4.mp3,wrk_3ed90cbbd6d2e6
1274.mp3,Elliott Carter_String Quartet No.5.mp3,wrk_db9f23764fc0e9
1275.mp3,Elliott Carter_String Trio.mp3,wrk_cb2dc11a53dae3
1276.mp3,Elliott Carter_Symphonia - Sum Fluxae Pretiam Spei.mp3,wrk_1c764ff7f31358
1277.mp3,Elliott Carter_Symphony No. 1.mp3,wrk_fe9249658aec25
1278.mp3,Elliott Carter_Three Illusions for Orchestra.mp3,wrk_6358bdda7f2141
1279.mp3,Elliott Carter_Triple duo.mp3,wrk_40ab408807df99
1280.mp3,Elliott Carter_Two Controversies and a Conversation.mp3,wrk_0e647b60928e71
1281.mp3,Elliott Carter_Violin Concerto.mp3,wrk_1044e62f55191e
1282.mp3,Elliott Carter_Woodwind Quintet.mp3,wrk_67fa070cf4c7ac
1283.mp3,Elżbieta Sikora_Cadenza.mp3,wrk_c9bcfd36e56e16
1284.mp3,Emanuele Palumbo_Le Visage de mon double.mp3,wrk_d24f82de000cba
1285.mp3,Emmanuel Nunes_Aura.mp3,wrk_5835a42948f583
1286.mp3,Emmanuel Nunes_Degrés.mp3,wrk_7d9f6e513433e7
1287.mp3,Emmanuel Nunes_Einspielung I.mp3,wrk_8c80876df7e790
1288.mp3,Emmanuel Nunes_Einspielung II.mp3,wrk_199bf4c383b7d7
1289.mp3,Emmanuel Nunes_Einspielung III.mp3,wrk_6d91602dce0d20
1290.mp3,Emmanuel Nunes_Quodlibet.mp3,wrk_f2a2877e04f13b
1291.mp3,Emmanuel Nunes_Un Calendrier révolu.mp3,wrk_3900a83ea8519d
1292.mp3,Emmanuel Nunes_Versus II.mp3,wrk_3c6d0742cf4a26
1293.mp3,Emmanuel Nunes_Versus III.mp3,wrk_e94a70ceabc582
1294.mp3,"Enno Poppe_17 Etüden für die Flöte, 3. Heft.mp3",wrk_e9119be3ca0a06
1295.mp3,"Enno Poppe_17 Etüden für die Violine, 2. Heft.mp3",wrk_3149d35a747cb3
1296.mp3,Enno Poppe_Altbau.mp3,wrk_2e5cd0f08c4ace
1297.mp3,Enno Poppe_Blumen.mp3,wrk_be7a38a5283660
1298.mp3,Enno Poppe_Buch.mp3,wrk_f243d71bf9b313
1299.mp3,Enno Poppe_Fell.mp3,wrk_fca781ac6a37ed
1300.mp3,Enno Poppe_Fett.mp3,wrk_138e2bbfa64c3b
1301.mp3,Enno Poppe_Filz.mp3,wrk_e09df1f1ce38ea
1302.mp3,Enno Poppe_Gelöschte Lieder.mp3,wrk_c2bcd5e12f8b7e
1303.mp3,Enno Poppe_Herz.mp3,wrk_7f234a4f879342
1304.mp3,Enno Poppe_Hirn.mp3,wrk_8b9f0c651b525c
1305.mp3,Enno Poppe_Holz solo.mp3,wrk_426296de30a61d
1306.mp3,Enno Poppe_Keilschrift.mp3,wrk_6d0d8945d276d8
1307.mp3,Enno Poppe_Knochen.mp3,wrk_e9d1838e73e7a2
1308.mp3,Enno Poppe_Laub.mp3,wrk_a213e8582bcdd2
1309.mp3,Enno Poppe_Markt.mp3,wrk_1bad3ebf896ee9
1310.mp3,Enno Poppe_Obst.mp3,wrk_bb833c95b8d003
1311.mp3,Enno Poppe_Quintett.mp3,wrk_7a52416f3fdc2e
1312.mp3,Enno Poppe_Salz.mp3,wrk_3bb910e6dceab5
1313.mp3,Enno Poppe_Scherben.mp3,wrk_d367e6e35959ef
1314.mp3,Enno Poppe_Schlaf.mp3,wrk_24d9460b26dc27
1315.mp3,Enno Poppe_Schnur.mp3,wrk_c6f96ffb9370fd
1316.mp3,Enno Poppe_Schrauben.mp3,wrk_3ba3ae79a0abe5
1317.mp3,Enno Poppe_Speicher II.mp3,wrk_1f6b6218da8f0b
1318.mp3,Enno Poppe_Speicher IV.mp3,wrk_355b57212989fc
1319.mp3,Enno Poppe_Speicher VI.mp3,wrk_6193e0f4973342
1320.mp3,Enno Poppe_Streik.mp3,wrk_d36cd279b4bdcf
1321.mp3,Enno Poppe_Strom.mp3,wrk_381ed798ad8669
1322.mp3,Enno Poppe_Thema mit 840 Variationen.mp3,wrk_5a755f00e792bc
1323.mp3,Enno Poppe_Tier.mp3,wrk_10e9fc1571e996
1324.mp3,Enno Poppe_Wald.mp3,wrk_2893aeaf55b5b9
1325.mp3,Enno Poppe_Welt.mp3,wrk_7308b6194615ee
1326.mp3,Enno Poppe_Zug.mp3,wrk_0fab3371ec715e
1327.mp3,Eric Maestri_Ess.mp3,wrk_6defdce6a0ec2c
1328.mp3,Eric Montalbetti_6 Intermezzi.mp3,wrk_aa63935488272a
1329.mp3,Eric Montalbetti_Esprit tendre.mp3,wrk_a3a3b5ff14f1aa
1330.mp3,Eric Montalbetti_Ouverture philharmonique.mp3,wrk_283720e34c8abe
1331.mp3,Eric Montalbetti_Trois études après Kandinsky.mp3,wrk_886502907aed25
1332.mp3,Eric Tanguy_Further.mp3,wrk_737e3a838202b6
1333.mp3,Eric Tanguy_Incanto.mp3,wrk_87fbcc6899eb2a
1334.mp3,Eric Tanguy_Invocation.mp3,wrk_9e7f3bd5fc000f
1335.mp3,Eric Tanguy_Le Désir est partout.mp3,wrk_09b4902e24a8f1
1336.mp3,Eric Tanguy_Passacaille.mp3,wrk_37a758fbbdd909
1337.mp3,Eric Tanguy_Quattro Intermezzi.mp3,wrk_36aee678e1a028
1338.mp3,Eric Tanguy_Solo.mp3,wrk_45c444467983c8
1339.mp3,Eric Tanguy_Sonata breve.mp3,wrk_e18dc8a23fb856
1340.mp3,Eric Tanguy_Sonata.mp3,wrk_2b1491005005c5
1341.mp3,Eric Tanguy_Sonate pour violon et violoncelle.mp3,wrk_ed6cff76729009
1342.mp3,Eric Tanguy_Towards.mp3,wrk_726160fd330df8
1343.mp3,Eric Tanguy_Trois Esquisses.mp3,wrk_aab63eb904dc0a
1344.mp3,Ernst Krenek_4 Pieces for Oboe and Piano.mp3,wrk_473b98f24ef480
1345.mp3,Ernst Krenek_Arc of life Lebensbogen.mp3,wrk_aa835ed7888e81
1346.mp3,Ernst Krenek_Auf- und Ablehnung.mp3,wrk_20663542cc7a15
1347.mp3,Ernst Krenek_Basler Maßarbeit.mp3,wrk_77166f8ad93cbc
1348.mp3,Ernst Krenek_Cello Concerto No. 1.mp3,wrk_3d49a7103f8fec
1349.mp3,Ernst Krenek_Concerto grosso n° 2.mp3,wrk_ad72029bd7becc
1350.mp3,Ernst Krenek_Doppelfuge.mp3,wrk_4f293e365e8a26
1351.mp3,Ernst Krenek_Dream Sequence.mp3,wrk_401900791a7a95
1352.mp3,Ernst Krenek_Dyophonie.mp3,wrk_9f3da0bc1fd12a
1353.mp3,Ernst Krenek_Eleven Transparencies.mp3,wrk_6427c1d0a6c3a9
1354.mp3,Ernst Krenek_Flötenstück neunphasig.mp3,wrk_41a22a9a4ccb7d
1355.mp3,Ernst Krenek_From three make seven.mp3,wrk_b50504cc4ce189
1356.mp3,Ernst Krenek_George Washington Variations.mp3,wrk_0a09c9f57b8a5a
1357.mp3,Ernst Krenek_Kitharaulos.mp3,wrk_bfb151bd88399e
1358.mp3,Ernst Krenek_Monologue pour clarinette solo.mp3,wrk_6da7cc96aa25de
1359.mp3,Ernst Krenek_Opus 231.mp3,wrk_b42eed1d672da7
1360.mp3,Ernst Krenek_Opus 239.mp3,wrk_79b28995bbe3ef
1361.mp3,Ernst Krenek_Organ Concerto.mp3,wrk_013dbb27284e6c
1362.mp3,Ernst Krenek_Organ Sonata.mp3,wrk_3439158f286903
1363.mp3,Ernst Krenek_Phantasiestück.mp3,wrk_12db16fc7d1dae
1364.mp3,Ernst Krenek_Piano Concerto No. 2.mp3,wrk_02872ada05e956
1365.mp3,Ernst Krenek_Piano Sonata No. 2.mp3,wrk_2af765d44a6e61
1366.mp3,Ernst Krenek_Piano Sonata No. 4.mp3,wrk_c19eaacddfff66
1367.mp3,Ernst Krenek_Piano Sonata No. 5.mp3,wrk_c19e085b424853
1368.mp3,Ernst Krenek_Piano Sonata No. 7.mp3,wrk_934119d4ab1611
1369.mp3,Ernst Krenek_Potpourri.mp3,wrk_f51244811015eb
1370.mp3,Ernst Krenek_Quaestio temporis.mp3,wrk_3756aec143c3fd
1371.mp3,Ernst Krenek_Sieben leichte Stücke.mp3,wrk_d8b6f91d176b61
1372.mp3,Ernst Krenek_Sinfonietta a Brasileira.mp3,wrk_5de635343c3835
1373.mp3,Ernst Krenek_Solo Viola Sonata.mp3,wrk_a1b8e9a8ca9336
1374.mp3,Ernst Krenek_Sonata.mp3,wrk_4d386fb1de557a
1375.mp3,Ernst Krenek_String Quartet No. 1.mp3,wrk_977c09a3817a99
1376.mp3,Ernst Krenek_String Quartet No. 2.mp3,wrk_fdbe1859024392
1377.mp3,Ernst Krenek_String Quartet No. 3.mp3,wrk_36bc5602e73f68
1378.mp3,Ernst Krenek_String Quartet No. 4.mp3,wrk_d20a5e59c0ef91
1379.mp3,Ernst Krenek_String Quartet No. 5.mp3,wrk_64cdca9796fdcc
1380.mp3,Ernst Krenek_String Quartet No. 6.mp3,wrk_0600eb56823cde
1381.mp3,Ernst Krenek_String Quartet No. 7.mp3,wrk_2d223224246604
1382.mp3,Ernst Krenek_String Quartet No. 8.mp3,wrk_1d4f15230f83e7
1383.mp3,Ernst Krenek_Suite for Cello Solo.mp3,wrk_d7ddb17e00309d
1384.mp3,Ernst Krenek_Suite for Flute and Piano.mp3,wrk_92edb561779b46
1385.mp3,Ernst Krenek_Symphonisches Stück.mp3,wrk_133b53808a663f
1386.mp3,Ernst Krenek_Symphony No. 2.mp3,wrk_9d75d52e61fe51
1387.mp3,Ernst Krenek_Symphony No. 4.mp3,wrk_4f17f6440316cc
1388.mp3,Ernst Krenek_Symphony.mp3,wrk_e96df6e434cdcd
1389.mp3,Ernst Krenek_Sérénade.mp3,wrk_86efb9b611d3f5
1390.mp3,Ernst Krenek_Vier Bagatellen.mp3,wrk_2e17bb94724326
1391.mp3,Ernst Krenek_Viola Sonata.mp3,wrk_19fb66cfd0ceb1
1392.mp3,Ernst Krenek_Violin Concerto No. 1.mp3,wrk_402fe5a749b516
1393.mp3,Ernst Krenek_Violin Concerto No. 2.mp3,wrk_dea9151903dfe3
1394.mp3,Ernst Krenek_Violin Sonata.mp3,wrk_9977b709770efc
1395.mp3,Esa-Pekka Salonen_Catch and release.mp3,wrk_52aacb1a6bea76
1396.mp3,Esa-Pekka Salonen_Concert étude.mp3,wrk_90ac4f6190066c
1397.mp3,Esa-Pekka Salonen_Concertos for alto saxophone and orchestra.mp3,wrk_2122d1cb317854
1398.mp3,Esa-Pekka Salonen_Helix.mp3,wrk_ff32ef7b07f37a
1399.mp3,Esa-Pekka Salonen_Homunculus.mp3,wrk_05f3a98c6387f4
1400.mp3,Esa-Pekka Salonen_Lachen verlernt.mp3,wrk_c889109fc55956
1401.mp3,Esa-Pekka Salonen_Meeting.mp3,wrk_bb3e27e9396be4
1402.mp3,Esa-Pekka Salonen_Nachtlieder.mp3,wrk_0af3b09f06ee10
1403.mp3,Esa-Pekka Salonen_Piano Concerto.mp3,wrk_cb9961ae56f2d8
1404.mp3,Esa-Pekka Salonen_Second meeting.mp3,wrk_2bd63252b74bb4
1405.mp3,Esa-Pekka Salonen_Stockholm Diary.mp3,wrk_65ae11ff7b6c88
1406.mp3,Esa-Pekka Salonen_Violin concerto.mp3,wrk_44625a58b38299
1407.mp3,Esa-Pekka Salonen_Yta II.mp3,wrk_c90ddb2ccc2011
1408.mp3,Esa-Pekka Salonen_Yta III.mp3,wrk_2607d5b6fcd3eb
1409.mp3,Fabien Lévy_A peu près de.mp3,wrk_0f4a5c2cfbbb63
1410.mp3,"Fabien Lévy_Durch, in memoriam Gérard Grisey.mp3",wrk_dfc9e1298c511b
1411.mp3,Fabien Lévy_Lexèmes hirsutes.mp3,wrk_2199589a519d82
1412.mp3,Fabien Lévy_Querwüchsig.mp3,wrk_99beae31964efb
1413.mp3,Fabien Lévy_À propos.mp3,wrk_3d8b6186d31564
1414.mp3,Fabio Nieder_Duale B.mp3,wrk_e3c4c29594e31f
1415.mp3,Fabio Nieder_Five Stanzas for a Love Song.mp3,wrk_97657121159a8f
1416.mp3,Fabio Nieder_Oberton-Elegie in G.mp3,wrk_5b9d06fdf49f3b
1417.mp3,Farnaz Modarresifar_Gabbéh.mp3,wrk_712d8cab810ef6
1418.mp3,Farnaz Modarresifar_Trois pièces pour piano.mp3,wrk_129c102dc0b0f4
1419.mp3,Fausto Romitelli_Ganimede.mp3,wrk_cb56b537fb1626
1420.mp3,Feliz Anne Reyes Macahis_Bardo.mp3,wrk_492c9c9cdd4e65
1421.mp3,Feliz Anne Reyes Macahis_Hibla.mp3,wrk_9deb9c19f33f2f
1422.mp3,Ferruccio Busoni_Sonatina seconda.mp3,wrk_b3ba02d52a975d
1423.mp3,Florent Caron Darras_Cordes enlacées.mp3,wrk_f63f625acade33
1424.mp3,Florent Caron Darras_Rives.mp3,wrk_61bd7480f85061
1425.mp3,"Francesca Verunelli_Accord, chord and tune.mp3",wrk_c598f31357823e
1426.mp3,Francesca Verunelli_In margine.mp3,wrk_ace98f53b1e98c
1427.mp3,Francesca Verunelli_Tune and retune II.mp3,wrk_b76e8e17f45fdd
1428.mp3,Francesca Verunelli_Unfolding II.mp3,wrk_19d2c7d589019d
1429.mp3,Francesco Filidei_Berceuse.mp3,wrk_c1846df4646207
1430.mp3,Francesco Filidei_Concertino d’Autunno.mp3,wrk_50ae46f9485adb
1431.mp3,Francesco Filidei_Corde Vuote.mp3,wrk_a2ea3bba8332f6
1432.mp3,Francesco Filidei_Danza macabra.mp3,wrk_18fbb8bf504dcf
1433.mp3,Francesco Filidei_Erpice.mp3,wrk_1618f6a0ff7010
1434.mp3,Francesco Filidei_Finito ogni gesto.mp3,wrk_c18f34962a9120
1435.mp3,Francesco Filidei_I Funerali dell’Anarchico Serantini.mp3,wrk_1ad35bbbb6aa6f
1436.mp3,Francesco Filidei_Il quadro e la cornice.mp3,wrk_bf7b625e8f24f6
1437.mp3,Francesco Filidei_Killing Bach.mp3,wrk_89d3096e258595
1438.mp3,Francesco Filidei_Ogni Gesto d’Amore.mp3,wrk_95a3d03fe206b3
1439.mp3,Francesco Filidei_Preludio.mp3,wrk_1f6d990cd51e01
1440.mp3,Francesco Filidei_Stèle pour Vierne.mp3,wrk_6ad740c3cd011e
1441.mp3,Francesco Filidei_Walking for K. Haring.mp3,wrk_3f7c520ccc6415
1442.mp3,Francis Poulenc_Concert champêtre.mp3,wrk_3880948c564b32
1443.mp3,Francis Poulenc_Concerto.mp3,wrk_aad34804e7b6f6
1444.mp3,Francis Poulenc_Deux Marches et un intermède.mp3,wrk_45c73fcc46b99d
1445.mp3,Francis Poulenc_Humoresque.mp3,wrk_3d203906695ffb
1446.mp3,Francis Poulenc_Improvisation No. 14.mp3,wrk_28e2f162657e48
1447.mp3,Francis Poulenc_Intermezzo en la bémol majeur.mp3,wrk_4ce05f0ec10cd7
1448.mp3,Francis Poulenc_Les Soirées de Nazelles.mp3,wrk_86009a81e73944
1449.mp3,Francis Poulenc_Mélancolie.mp3,wrk_ceec0fed0a7ad5
1450.mp3,Francis Poulenc_Napoli.mp3,wrk_b82ab696fcb849
1451.mp3,Francis Poulenc_Pièce brève sur le nom d'Albert Roussel.mp3,wrk_f2214d29734d3b
1452.mp3,Francis Poulenc_Presto en si bémol.mp3,wrk_155ae7f0e08a2f
1453.mp3,Francis Poulenc_Sarabande.mp3,wrk_676a9176c85b95
1454.mp3,Francis Poulenc_Sinfonietta.mp3,wrk_79042f6bea7acd
1455.mp3,Francis Poulenc_Thème varié.mp3,wrk_317066344c7b35
1456.mp3,Francis Poulenc_Trio.mp3,wrk_4e5e4f88de2eef
1457.mp3,Francis Poulenc_Trois Mouvements perpétuels.mp3,wrk_8a64f4cf27cb7b
1458.mp3,Francis Poulenc_Valse-improvisation sur le nom de Bach.mp3,wrk_89cdf985da215d
1459.mp3,Francis Poulenc_Villageoises (petites pièces enfantines).mp3,wrk_10f58d8cf1e14e
1460.mp3,Francis Poulenc_Villanelle.mp3,wrk_2fd8979d0f62be
1461.mp3,Francisco Alvarado_cli cli cli tla.mp3,wrk_0393a1668b6c55
1462.mp3,Francisco Guerrero Marín_Antar Atman.mp3,wrk_4323901865de49
1463.mp3,Francisco Guerrero Marín_Ariadna.mp3,wrk_a54c067f804aff
1464.mp3,Francisco Guerrero Marín_Ars Combinatoria.mp3,wrk_7c90cd41c855d4
1465.mp3,Francisco Guerrero Marín_Coma Berenices.mp3,wrk_66dea56465413b
1466.mp3,Francisco Guerrero Marín_Concierto de camara.mp3,wrk_59fb6257e783b1
1467.mp3,Francisco Guerrero Marín_Delta Cephei.mp3,wrk_fae57219e520e3
1468.mp3,Francisco Guerrero Marín_Oleada.mp3,wrk_022990dd8b5566
1469.mp3,Francisco Guerrero Marín_Op.1 Manual.mp3,wrk_e31e9cb60ea001
1470.mp3,Francisco Guerrero Marín_Rhea.mp3,wrk_8a90a1551ff6be
1471.mp3,Francisco Guerrero Marín_Sahara.mp3,wrk_2281a39b2463a7
1472.mp3,Francisco Guerrero Marín_Zayin III.mp3,wrk_0b5dd872a815d3
1473.mp3,Francisco Luque_A Glauco.mp3,wrk_bfe406822f8783
1474.mp3,Franck Bedrossian_Bossa Nova.mp3,wrk_e61cbeeb965943
1475.mp3,Franck Bedrossian_Edges.mp3,wrk_b7380880c869ea
1476.mp3,Franck Bedrossian_L'usage de la parole.mp3,wrk_92e94d44459cfe
1477.mp3,Franck Bedrossian_La solitude du coureur de fond.mp3,wrk_2578c4aa61287b
1478.mp3,Franck Bedrossian_Tracés d'ombres.mp3,wrk_df3b1aad350052
1479.mp3,Franck Bedrossian_Vayehi erev vayehi boker.mp3,wrk_8c90b6053b553e
1480.mp3,Franco Donatoni_About.mp3,wrk_61f541bc3bd094
1481.mp3,Franco Donatoni_Alamari.mp3,wrk_e86cddd1f3852b
1482.mp3,Franco Donatoni_Algo.mp3,wrk_84c85fceb54762
1483.mp3,Franco Donatoni_Arpège.mp3,wrk_4943e76e7e98a3
1484.mp3,Franco Donatoni_Ash.mp3,wrk_2cf8abd56bc4c5
1485.mp3,Franco Donatoni_Blow.mp3,wrk_d8579f8fdfd0b7
1486.mp3,Franco Donatoni_Bok.mp3,wrk_f4a955440e9ab0
1487.mp3,Franco Donatoni_Cadeau.mp3,wrk_a566d30181d341
1488.mp3,Franco Donatoni_Chantal.mp3,wrk_7808da6c19a063
1489.mp3,Franco Donatoni_Clair II.mp3,wrk_9cd50e4c238ef8
1490.mp3,Franco Donatoni_Clair.mp3,wrk_30b0039b736a37
1491.mp3,Franco Donatoni_Cloches II.mp3,wrk_6840cea144cc33
1492.mp3,Franco Donatoni_Duetto.mp3,wrk_3ef40b44042715
1493.mp3,Franco Donatoni_Eco.mp3,wrk_529d75eeb5dc1b
1494.mp3,Franco Donatoni_Elly.mp3,wrk_95e7e32d7ce200
1495.mp3,Franco Donatoni_Esa (In cauda V).mp3,wrk_09d30bb699dadb
1496.mp3,Franco Donatoni_Estratto.mp3,wrk_047adf6c4769bc
1497.mp3,Franco Donatoni_Etwas ruhiger im Ausdruck.mp3,wrk_0150db02638a8c
1498.mp3,Franco Donatoni_Feria IV.mp3,wrk_252b72ad2ff361
1499.mp3,Franco Donatoni_Feria.mp3,wrk_3a7163c4cae245
1500.mp3,Franco Donatoni_Fili.mp3,wrk_ab4e617daeee9c
1501.mp3,Franco Donatoni_In cauda III.mp3,wrk_d32cd73b70c557
1502.mp3,Franco Donatoni_Incisi.mp3,wrk_9b79b9ccbeb341
1503.mp3,Franco Donatoni_La Souris sans sourire.mp3,wrk_6959387b29987a
1504.mp3,Franco Donatoni_Lame.mp3,wrk_a85b08b9aca830
1505.mp3,Franco Donatoni_Le Ruisseau sur l'escalier.mp3,wrk_4e1c23d59ed1ea
1506.mp3,Franco Donatoni_Lem.mp3,wrk_fcaea12f427d53
1507.mp3,Franco Donatoni_Lied.mp3,wrk_d71bfe4df03598
1508.mp3,Franco Donatoni_Luci.mp3,wrk_3c3d977f9e5a3f
1509.mp3,Franco Donatoni_Lumen.mp3,wrk_916c0d66385451
1510.mp3,Franco Donatoni_Marches.mp3,wrk_1e8046c8d9723f
1511.mp3,Franco Donatoni_Mari No. 2.mp3,wrk_058a1006dcf939
1512.mp3,Franco Donatoni_Movimento.mp3,wrk_1036fe89bb5210
1513.mp3,Franco Donatoni_Musette per Lothar.mp3,wrk_997598d4c2bb6d
1514.mp3,Franco Donatoni_Musica per orchestra da camera.mp3,wrk_79085526507b05
1515.mp3,Franco Donatoni_Omar.mp3,wrk_25ae49bd768f82
1516.mp3,Franco Donatoni_Portrait.mp3,wrk_f79d013859965c
1517.mp3,Franco Donatoni_Puppenspiel II.mp3,wrk_8e80dbf58e02e2
1518.mp3,Franco Donatoni_Puppenspiel III.mp3,wrk_bc2dccf9281c68
1519.mp3,Franco Donatoni_Rasch II.mp3,wrk_e3c50764222743
1520.mp3,Franco Donatoni_Rasch.mp3,wrk_eafd9694bb6132
1521.mp3,Franco Donatoni_Refrain.mp3,wrk_cb5664b03b69a5
1522.mp3,Franco Donatoni_Rima.mp3,wrk_c71cbe15dd8e92
1523.mp3,Franco Donatoni_Ronda.mp3,wrk_e0f4dfda4899ce
1524.mp3,Franco Donatoni_Scaglie.mp3,wrk_cbe17f822c0fca
1525.mp3,Franco Donatoni_Small II.mp3,wrk_974077994a02f8
1526.mp3,Franco Donatoni_Small.mp3,wrk_327ad54d910737
1527.mp3,Franco Donatoni_Soft.mp3,wrk_74a7a8fe4980cd
1528.mp3,Franco Donatoni_Souvenir.mp3,wrk_42e69674970660
1529.mp3,Franco Donatoni_Spiri.mp3,wrk_dc1309c610d37d
1530.mp3,Franco Donatoni_Strophes.mp3,wrk_8c3db239172393
1531.mp3,Franco Donatoni_Sweet.mp3,wrk_5399c534248972
1532.mp3,Franco Donatoni_Tell.mp3,wrk_d94ac9f932138d
1533.mp3,Franco Donatoni_Tema.mp3,wrk_d0a9e87fd78198
1534.mp3,Franco Donatoni_Till.mp3,wrk_b4717c09559783
1535.mp3,Franco Donatoni_Toy.mp3,wrk_64a5379b0ac98c
1536.mp3,Franco Evangelisti_Aleatorio.mp3,wrk_96cf14a92a3ee7
1537.mp3,Frank Zappa_Naval Aviation in Art.mp3,wrk_165061c1831f05
1538.mp3,Frank Zappa_Outrage at Valdez.mp3,wrk_c160a42bc31f40
1539.mp3,Frank Zappa_Strictly Genteel.mp3,wrk_bf62e25346177f
1540.mp3,Frank Zappa_The Girl in the Magnesium Dress.mp3,wrk_8b6438b9eee923
1541.mp3,Frank Zappa_The Perfect Stranger.mp3,wrk_920daf6a3de27d
1542.mp3,François Narboni_Neanderthal Fandango.mp3,wrk_32289df12ff64e
1543.mp3,François Narboni_Pandemonium.mp3,wrk_66452c1b6fd7ff
1544.mp3,François-Bernard Mâche_Figures.mp3,wrk_d02b462dc86921
1545.mp3,François-Bernard Mâche_Phénix.mp3,wrk_8ec01426f01b4a
1546.mp3,François-Bernard Mâche_Ugarit.mp3,wrk_75861ec8d9d18c
1547.mp3,Frederic Rzewski_String Quartet.mp3,wrk_122c29cd544d42
1548.mp3,Frederick Delius_String Quartet.mp3,wrk_e06d5fecd6e46d
1549.mp3,Friedrich Cerha_Concertino.mp3,wrk_a0a7498880555b
1550.mp3,Friedrich Cerha_Der Rattenfänger.mp3,wrk_7f26cf95ce3ade
1551.mp3,Friedrich Cerha_Drei Situationen.mp3,wrk_f33c3435d6c58b
1552.mp3,Friedrich Cerha_Elegie.mp3,wrk_5968ea97e66e3a
1553.mp3,Friedrich Cerha_Formation et solution.mp3,wrk_343744992d1f93
1554.mp3,Friedrich Cerha_Klavierstück 58.mp3,wrk_a27dda791248e8
1555.mp3,Friedrich Cerha_Kurzzeit.mp3,wrk_17e866fab315bc
1556.mp3,Friedrich Cerha_Langegger Nachtmusik III.mp3,wrk_fc7ab3778c2018
1557.mp3,Friedrich Cerha_Mikrogramme.mp3,wrk_108c46191bdfec
1558.mp3,Friedrich Cerha_Nacht.mp3,wrk_f97b76f8cc1337
1559.mp3,Friedrich Cerha_Netzwerk-Fantasie.mp3,wrk_dc3b3b9847a4a2
1560.mp3,Friedrich Cerha_Sinfonie.mp3,wrk_3b26ca6cdcc63f
1561.mp3,Friedrich Cerha_Toccata.mp3,wrk_81fc28d9274ee3
1562.mp3,Friedrich Cerha_Zwei Stücke.mp3,wrk_e9f6bec0492d7b
1563.mp3,Frédéric Durieux_Départ.mp3,wrk_87ec82f721d5d5
1564.mp3,Frédéric Durieux_Enkin.mp3,wrk_f3dbaf6547516c
1565.mp3,Frédéric Durieux_Impronta.mp3,wrk_cd08607b1cf398
1566.mp3,Frédéric Durieux_Incidences.mp3,wrk_97cb30845b0512
1567.mp3,Frédéric Durieux_Marges IV.mp3,wrk_a7fdd6043376f3
1568.mp3,Frédéric Durieux_SoufflerFrapper 2.mp3,wrk_9db77676d1d15b
1569.mp3,Frédéric Durieux_Übersicht III.mp3,wrk_2b705dcf40cbea
1570.mp3,Frédéric Pattar_Contrainte de lumière.mp3,wrk_092ea2a42a429c
1571.mp3,Frédéric Pattar_Délie !.mp3,wrk_129694221eb014
1572.mp3,Frédéric Pattar_Éteignez en entrant.mp3,wrk_7143165cf6173e
1573.mp3,Fuminori Tanada_Concerto pour flûte.mp3,wrk_76336705697fa5
1574.mp3,Fuminori Tanada_Echoing Bells II.mp3,wrk_2bd513214c383a
1575.mp3,Fuminori Tanada_Echoing Forest II.mp3,wrk_4a08acde22d4db
1576.mp3,Fuminori Tanada_Hommage a Alain Marion.mp3,wrk_915991fc628774
1577.mp3,Fuminori Tanada_Miroirs.mp3,wrk_b30a918ba212d9
1578.mp3,Fuminori Tanada_Mysterious Morning II.mp3,wrk_75df673ace2d3b
1579.mp3,Fuminori Tanada_Mysterious Morning III.mp3,wrk_9b6c5eae564057
1580.mp3,Fuminori Tanada_Prélude.mp3,wrk_9688ed76358381
1581.mp3,Félix Ibarrondo_Cristal y piedra.mp3,wrk_329de0e446d4e8
1582.mp3,Félix Ibarrondo_Iris.mp3,wrk_1745f60dfac996
1583.mp3,Félix Ibarrondo_Irrintz.mp3,wrk_b7f55fbb10699b
1584.mp3,Félix Ibarrondo_Pakeruntz.mp3,wrk_0a9edd398f90a0
1585.mp3,Félix Ibarrondo_Phalene.mp3,wrk_b557360186b19d
1586.mp3,Félix Ibarrondo_Résonances.mp3,wrk_24f9db4fb08a4f
1587.mp3,Gabriele Vanoni_Skin.mp3,wrk_aecdf446de06b9
1588.mp3,Gabriella Smith_Anthozoa.mp3,wrk_455a42bc8d6248
1589.mp3,Gabriella Smith_Carrot Revolution.mp3,wrk_c6ffce7ec620e7
1590.mp3,Gabriella Smith_entangled on a rotating planet.mp3,wrk_948f3215687959
1591.mp3,Gabriella Smith_Hexacorallia.mp3,wrk_a70a6263a00821
1592.mp3,Gabriella Smith_Imaginary Pancake.mp3,wrk_ba19da7ab71172
1593.mp3,Gabriella Smith_Inyo.mp3,wrk_0e6e626df71022
1594.mp3,Gabriella Smith_Loop the Fractal Hold of Rain.mp3,wrk_fae35f5de7b8f8
1595.mp3,Gabriella Smith_Maré.mp3,wrk_e8e5c33b185453
1596.mp3,Gabriella Smith_Máncora to Huaraz.mp3,wrk_efe05b5075c059
1597.mp3,Gabriella Smith_Number Nine.mp3,wrk_73532639bf4c43
1598.mp3,Gabriella Smith_Strobe.mp3,wrk_0a590b1b9f8caf
1599.mp3,Gabriella Smith_Tessellations.mp3,wrk_1184109407e8d7
1600.mp3,Gabriella Smith_the heaventree of stars hung with humid nightblue fruit.mp3,wrk_69417bf3be68af
1601.mp3,Gabriella Smith_Tumblebird Contrails.mp3,wrk_78cea912b275f7
1602.mp3,Galina Ustvolskaïa_Composition No. 1 Dona nobis pacem.mp3,wrk_e9b676eba65318
1603.mp3,Galina Ustvolskaïa_Composition No. 2 Dies irae.mp3,wrk_ba7cd5223a771c
1604.mp3,"Galina Ustvolskaïa_Composition No. 3 Benedictus, qui venit.mp3",wrk_f5a2e83606fc28
1605.mp3,Galina Ustvolskaïa_Piano Sonata No. 1.mp3,wrk_38177d4fed90c1
1606.mp3,Galina Ustvolskaïa_Piano Sonata No. 2.mp3,wrk_c289d466c9999a
1607.mp3,Galina Ustvolskaïa_Piano Sonata No. 3.mp3,wrk_569ef8c9efa055
1608.mp3,Galina Ustvolskaïa_Piano Sonata No. 4.mp3,wrk_09860e710c584b
1609.mp3,Galina Ustvolskaïa_Piano Sonata No. 6.mp3,wrk_b82a87be036750
1610.mp3,Galina Ustvolskaïa_Sonata for Violin and Piano.mp3,wrk_578ef16ffcbb38
1611.mp3,"Galina Ustvolskaïa_Trio for Clarinet, Violin and Piano.mp3",wrk_227b5cf823eeb0
1612.mp3,Gavin Bryars_After Handel’s Vesper.mp3,wrk_ce381a520973ca
1613.mp3,Gavin Bryars_After Mendelssohn.mp3,wrk_2dfe883849cfeb
1614.mp3,Gavin Bryars_Alaric I or II.mp3,wrk_f849a3c7e8f935
1615.mp3,Gavin Bryars_Allegrasco.mp3,wrk_bd5e0f77fcbfb7
1616.mp3,Gavin Bryars_At Portage and Main.mp3,wrk_b3d4a1b2d8e64b
1617.mp3,Gavin Bryars_Between the National and Bristol.mp3,wrk_1cb51358fccc4d
1618.mp3,Gavin Bryars_By The Vaar.mp3,wrk_ff60c92dd36ce7
1619.mp3,Gavin Bryars_Hi-Tremolo.mp3,wrk_9d02334751b75f
1620.mp3,Gavin Bryars_My First Homage.mp3,wrk_7e3567ae2f6e86
1621.mp3,Gavin Bryars_Out of Zaleski’s Gazebo.mp3,wrk_c7070e3738d838
1622.mp3,Gavin Bryars_Room 42.mp3,wrk_8ab43154a5403d
1623.mp3,Gavin Bryars_String Quartet No. 2.mp3,wrk_3d5583e4c5d064
1624.mp3,Gavin Bryars_The Green Ray.mp3,wrk_0816125ad277ad
1625.mp3,Gavin Bryars_The Other Side of the River.mp3,wrk_a11701c360b493
1626.mp3,Gavin Bryars_The Porazzi Fragment.mp3,wrk_3d3a356f10f1b9
1627.mp3,Gavin Bryars_The South Downs.mp3,wrk_cc0527b13ec7ec
1628.mp3,Gavin Bryars_Violin Concerto (The Bulls of Bashan).mp3,wrk_a9ec506227e1e9
1629.mp3,Gavin Bryars_With Miriam by the river.mp3,wrk_b7c57558dfaa4b
1630.mp3,Georg Friedrich Haas_... e finisci già.mp3,wrk_a0f903d99b2d8a
1631.mp3,Georg Friedrich Haas_2. Konzert für Violine und Orchester.mp3,wrk_2c04cb5f629a4e
1632.mp3,Georg Friedrich Haas_Anachronism.mp3,wrk_38c25e79c9638a
1633.mp3,Georg Friedrich Haas_AUS-WEG.mp3,wrk_d7c343e968b653
1634.mp3,Georg Friedrich Haas_Blumenwiese 1.mp3,wrk_cbe98f1c5bedc2
1635.mp3,Georg Friedrich Haas_Cello Concerto.mp3,wrk_1ccfe8f65f0878
1636.mp3,Georg Friedrich Haas_Concerto grosso No. 1.mp3,wrk_b203ace94d5786
1637.mp3,Georg Friedrich Haas_Concerto grosso No. 2.mp3,wrk_c411eb8f9e0453
1638.mp3,Georg Friedrich Haas_Dark dreams.mp3,wrk_7f1af2a29634aa
1639.mp3,Georg Friedrich Haas_De terrae fine.mp3,wrk_569f7ffb6e6201
1640.mp3,Georg Friedrich Haas_Descendiendo.mp3,wrk_e8e13edbce8e98
1641.mp3,Georg Friedrich Haas_Finale.mp3,wrk_837e55237cc69a
1642.mp3,Georg Friedrich Haas_Fremde Welten.mp3,wrk_b4baf158d54304
1643.mp3,Georg Friedrich Haas_I can't breathe.mp3,wrk_6aeafd04e1bf15
1644.mp3,Georg Friedrich Haas_in vain.mp3,wrk_dbb83981bd3e37
1645.mp3,Georg Friedrich Haas_Limited approximations.mp3,wrk_0fd6482720d840
1646.mp3,Georg Friedrich Haas_Monodie.mp3,wrk_68b382a4a5ed1a
1647.mp3,Georg Friedrich Haas_Nach-ruf... ent-gleitend.mp3,wrk_5c160df1d8ca33
1648.mp3,Georg Friedrich Haas_Octet.mp3,wrk_451b5bc23b19bd
1649.mp3,Georg Friedrich Haas_Open spaces.mp3,wrk_83ab110aba144b
1650.mp3,Georg Friedrich Haas_Piano Concerto.mp3,wrk_c271923ea7dc8c
1651.mp3,Georg Friedrich Haas_Poème.mp3,wrk_6d1f2ae5d3f78e
1652.mp3,Georg Friedrich Haas_Quasi una Tânpûrâ.mp3,wrk_3c1e8ba7fd3b36
1653.mp3,Georg Friedrich Haas_REMIX.mp3,wrk_857a3e40ff3aea
1654.mp3,Georg Friedrich Haas_Sayaka.mp3,wrk_4cd56600aa3048
1655.mp3,Georg Friedrich Haas_Solo for Viola d'amore.mp3,wrk_13b9560e3bd5bd
1656.mp3,Georg Friedrich Haas_solstices.mp3,wrk_d95e95036c3f38
1657.mp3,Georg Friedrich Haas_String Quartet No. 1.mp3,wrk_724861d30d122d
1658.mp3,Georg Friedrich Haas_String Quartet No. 2.mp3,wrk_d87ac234a31aae
1659.mp3,Georg Friedrich Haas_String Quartet No. 5.mp3,wrk_560931b732d589
1660.mp3,Georg Friedrich Haas_String Quartet No. 6.mp3,wrk_f2cf8df2a959d7
1661.mp3,Georg Friedrich Haas_String Quartet No. 8.mp3,wrk_8fa43f09089d25
1662.mp3,Georg Friedrich Haas_Traum in des Sommers Nacht.mp3,wrk_c26537917ef5b7
1663.mp3,Georg Friedrich Haas_Tria ex uno.mp3,wrk_0a063df44e0411
1664.mp3,"Georg Friedrich Haas_Wer, wenn ich schriee, hörte mich.mp3",wrk_c5172d0242ae48
1665.mp3,Georg Friedrich Haas_« ... Einklang freier Wesen... ».mp3,wrk_b3c62311395fd5
1666.mp3,Georg Friedrich Haas_« ... Schatten... durch unausdenkliche Wälder ».mp3,wrk_2bb7840c1bd1d0
1667.mp3,Georg Friedrich Haas_« in iij noct. ».mp3,wrk_b4e97559f448d0
1668.mp3,George Antheil_Little Shimmy.mp3,wrk_c1e21976a5fd54
1669.mp3,George Antheil_Musical Picture of a Friend.mp3,wrk_7e2c0c26de2121
1670.mp3,George Antheil_Nocturne in Skyrockets.mp3,wrk_3330a9066b24c8
1671.mp3,George Antheil_Over the Plains.mp3,wrk_ea3ad53527a6e9
1672.mp3,George Antheil_Serenade.mp3,wrk_4e2fc3f4c005a0
1673.mp3,George Antheil_Sonata for Trumpet and Piano.mp3,wrk_5ccef13b792f92
1674.mp3,George Antheil_Sonata No. 2.mp3,wrk_45f8b42f78f6b2
1675.mp3,George Antheil_Sonata No. 3.mp3,wrk_f548be50662be6
1676.mp3,George Antheil_Sonate Sauvage.mp3,wrk_313a5bb2d2e8ea
1677.mp3,George Antheil_Sonatina - Death of the Machines.mp3,wrk_6f94224fb2c46b
1678.mp3,George Antheil_String Quartet No. 1.mp3,wrk_cbe60e585b5b4f
1679.mp3,George Antheil_String Quartet No. 2.mp3,wrk_7036bc2cbc59c5
1680.mp3,George Antheil_Symphony for Five Instruments.mp3,wrk_530e06c8151570
1681.mp3,George Antheil_Symphony No. 3 American.mp3,wrk_b1392e25ca6f8a
1682.mp3,George Antheil_Symphony No. 4 1942.mp3,wrk_39e45570600d5f
1683.mp3,George Antheil_Tom Sawyer Overture.mp3,wrk_3f1c6ff6a47882
1684.mp3,George Antheil_Valentine Waltzes.mp3,wrk_0530ab402de8a0
1685.mp3,George Antheil_Violin Concerto.mp3,wrk_bde2fff36dbaf8
1686.mp3,George Benjamin_At First Light.mp3,wrk_6f20b3b89a2974
1687.mp3,George Benjamin_Concerto for orchestra.mp3,wrk_16a902b0169170
1688.mp3,George Benjamin_Duet.mp3,wrk_24e7e0a0e083da
1689.mp3,George Benjamin_Fantasy on Iambic Rhythm.mp3,wrk_3607079bca50a6
1690.mp3,George Benjamin_Flight.mp3,wrk_2b1b1444a31c9d
1691.mp3,George Benjamin_Meditation on Haydn's Name.mp3,wrk_eb898cb2b87394
1692.mp3,George Benjamin_Octet.mp3,wrk_ac94ff35b59954
1693.mp3,George Benjamin_Piano Figures.mp3,wrk_5c03683c4fa76b
1694.mp3,George Benjamin_Piano Sonata.mp3,wrk_47c8dde0232941
1695.mp3,George Benjamin_Shadowlines.mp3,wrk_d4d811578c1df9
1696.mp3,George Benjamin_Sortilèges.mp3,wrk_0aca024ff53bef
1697.mp3,"George Benjamin_Viola, Viola.mp3",wrk_6b07d4228747ac
1698.mp3,George Crumb_A Haunted Landscape.mp3,wrk_a546c06d0eb8ae
1699.mp3,George Crumb_Dream Sequence.mp3,wrk_3145eb4f145ebb
1700.mp3,George Crumb_Eleven Echoes of Autumn.mp3,wrk_57cb3f368abcf4
1701.mp3,George Crumb_Four Nocturnes.mp3,wrk_3e5b2f107a1176
1702.mp3,George Crumb_Gnomic Variations.mp3,wrk_160f112ea4f18e
1703.mp3,George Crumb_Kronos – Kryptos.mp3,wrk_fcfb689a56f0de
1704.mp3,George Crumb_Pastoral Drone.mp3,wrk_e7312445da13cf
1705.mp3,George Crumb_Processional.mp3,wrk_842e4a0b538096
1706.mp3,George Crumb_Quest.mp3,wrk_01fa9e1ef0767d
1707.mp3,George Crumb_Variazioni.mp3,wrk_91c73103c1fe92
1708.mp3,George Lewis_...and other spirits.mp3,wrk_1c53aaeeb64bbe
1709.mp3,George Lewis_Assemblage.mp3,wrk_823d535bfc4d58
1710.mp3,George Lewis_Blombos Workshop.mp3,wrk_26a51401d84a2c
1711.mp3,George Lewis_Breakout.mp3,wrk_3b39906a487b39
1712.mp3,George Lewis_Celebration.mp3,wrk_d11d76b144624b
1713.mp3,George Lewis_Hexis.mp3,wrk_a9eea53254770e
1714.mp3,George Lewis_Ikons.mp3,wrk_c9533ce123a844
1715.mp3,George Lewis_Kulokker.mp3,wrk_3f20f51a8b77d2
1716.mp3,George Lewis_Lonnie and Lonie.mp3,wrk_bb33bcab7425ac
1717.mp3,George Lewis_Melodies for Miles.mp3,wrk_bc9c66800c346d
1718.mp3,George Lewis_Merce and Baby.mp3,wrk_4c807851699df9
1719.mp3,George Lewis_Mnemosis.mp3,wrk_13f8c698950773
1720.mp3,George Lewis_Oraculum.mp3,wrk_c25cbd2dcb61c9
1721.mp3,George Lewis_Signifying Riffs - Unison.mp3,wrk_3410f13b95d331
1722.mp3,George Lewis_Spinner.mp3,wrk_41881e17970160
1723.mp3,George Lewis_String Quartet 2.5.mp3,wrk_a1bcec70bb856d
1724.mp3,George Lewis_String Quartet 4.5.mp3,wrk_2ef9ff4152e4f7
1725.mp3,George Lewis_The Deformation of Mastery.mp3,wrk_7445712ae0b396
1726.mp3,George Lewis_The Faculty of Sensing.mp3,wrk_2bda42c0a81b7f
1727.mp3,George Lewis_The Mangle of Practice.mp3,wrk_4b8dc518e6886a
1728.mp3,George Lewis_The Will to Adorn.mp3,wrk_d9afe0211e303f
1729.mp3,George Lewis_Thistledown.mp3,wrk_1059c7db44479f
1730.mp3,George Lewis_Timelike Weave.mp3,wrk_6060b0995d946b
1731.mp3,George Lewis_Tuning in.mp3,wrk_8caaed3e4140c6
1732.mp3,Georges Aperghis_Alter-Face.mp3,wrk_8ae082489c93dc
1733.mp3,Georges Aperghis_Champ-Contrechamp.mp3,wrk_cd78dff237beb6
1734.mp3,Georges Aperghis_Cinq Pièces.mp3,wrk_71f97776587653
1735.mp3,Georges Aperghis_Concerto pour accordéon.mp3,wrk_9a5e1551aa76af
1736.mp3,Georges Aperghis_Crosswind.mp3,wrk_5e1e72bba4ebb2
1737.mp3,Georges Aperghis_Faux Mouvement.mp3,wrk_0a5931b6e25bf9
1738.mp3,Georges Aperghis_Heart blowing.mp3,wrk_2720087adbd411
1739.mp3,Georges Aperghis_I. X.mp3,wrk_e4139abbd2329c
1740.mp3,Georges Aperghis_Kryptogramma.mp3,wrk_fdfc214f057cf8
1741.mp3,Georges Aperghis_Merry go round.mp3,wrk_2de6fce7f4c024
1742.mp3,Georges Aperghis_Obstinate.mp3,wrk_9733a6151e7115
1743.mp3,Georges Aperghis_P.S.mp3,wrk_0490a775a53c1c
1744.mp3,Georges Aperghis_Parlando.mp3,wrk_5e017f68c7d46b
1745.mp3,Georges Aperghis_Quatre Pièces fébriles.mp3,wrk_442fa1fef8d195
1746.mp3,Georges Aperghis_Quatre Récitations.mp3,wrk_cc861c4769ec82
1747.mp3,Georges Aperghis_Requiem furtif.mp3,wrk_3b04feb247667a
1748.mp3,Georges Aperghis_Ruinen.mp3,wrk_2e50dfd1831301
1749.mp3,Georges Aperghis_Simata.mp3,wrk_96ab303d6c0884
1750.mp3,Georges Aperghis_Tag ohne Nacht.mp3,wrk_48c5b1ade1d7b0
1751.mp3,Georges Aperghis_Triangle carré.mp3,wrk_d9f3cb7ea5bb4e
1752.mp3,Georges Aperghis_À bout de bras.mp3,wrk_835d7a612976bc
1753.mp3,Georges Aperghis_À Tombeau ouvert.mp3,wrk_e984eb5d9f5f67
1754.mp3,Giacinto Scelsi_Aiôn.mp3,wrk_2075dbc1870c35
1755.mp3,Giacinto Scelsi_Anagamin.mp3,wrk_7539e91b086b0d
1756.mp3,Giacinto Scelsi_Anahit.mp3,wrk_eed0fb5cebcb85
1757.mp3,Giacinto Scelsi_Ballata.mp3,wrk_54e308533b6225
1758.mp3,Giacinto Scelsi_Cinque incantesimi.mp3,wrk_73b1313231b9ac
1759.mp3,Giacinto Scelsi_Coelocanth.mp3,wrk_5808c790bbcb55
1760.mp3,Giacinto Scelsi_Dharana.mp3,wrk_47e280afcf8c34
1761.mp3,Giacinto Scelsi_Divertimento No. 3.mp3,wrk_044064786698b4
1762.mp3,Giacinto Scelsi_Divertimento No. 4.mp3,wrk_fbb97169eda263
1763.mp3,Giacinto Scelsi_Duo.mp3,wrk_383911f2885bdc
1764.mp3,Giacinto Scelsi_Elegia per Ty.mp3,wrk_c41fe06efaf323
1765.mp3,Giacinto Scelsi_Hispania.mp3,wrk_14093ca6054e2c
1766.mp3,Giacinto Scelsi_Hymnos.mp3,wrk_b8e6ec39cb2957
1767.mp3,Giacinto Scelsi_I presagi.mp3,wrk_f0236a590d418d
1768.mp3,Giacinto Scelsi_In Nomine Lucis.mp3,wrk_335e8889de3532
1769.mp3,Giacinto Scelsi_Ixor.mp3,wrk_87ce2e4f3a1b93
1770.mp3,Giacinto Scelsi_Ko-Lho.mp3,wrk_7460edc4252ba6
1771.mp3,Giacinto Scelsi_Kshara.mp3,wrk_14ee41739a11a4
1772.mp3,Giacinto Scelsi_L'Âme ailée L'Âme ouverte.mp3,wrk_6e27143a4d617a
1773.mp3,Giacinto Scelsi_Le réveil profond.mp3,wrk_8b5766c4e03be8
1774.mp3,Giacinto Scelsi_Maknongan.mp3,wrk_67a7fd9e826ee8
1775.mp3,Giacinto Scelsi_Mantram.mp3,wrk_ec19f1bd596671
1776.mp3,Giacinto Scelsi_Natura renovatur.mp3,wrk_f89e6346a9ccda
1777.mp3,Giacinto Scelsi_Ohoi.mp3,wrk_08f7b6ef20b062
1778.mp3,Giacinto Scelsi_Preghiera per un' ombra.mp3,wrk_bd269c6b8a51e6
1779.mp3,Giacinto Scelsi_Pwyll.mp3,wrk_3bc3c09336fd48
1780.mp3,Giacinto Scelsi_Quattro Illustrazioni.mp3,wrk_d547ad0da219ba
1781.mp3,Giacinto Scelsi_Riti - I funerali di Carlo Magno (A.D. 814).mp3,wrk_e0e5e6145f458d
1782.mp3,Giacinto Scelsi_Rotativa.mp3,wrk_7a53f1364b8cc1
1783.mp3,Giacinto Scelsi_Rucke di Guck.mp3,wrk_a405f3e79a66d7
1784.mp3,Giacinto Scelsi_Sonata No. 3.mp3,wrk_33aa3c9b3c8bb5
1785.mp3,Giacinto Scelsi_String Quartet No. 2.mp3,wrk_c335362c0f96a5
1786.mp3,Giacinto Scelsi_String Quartet No. 3.mp3,wrk_c3945ebfc3631e
1787.mp3,Giacinto Scelsi_String Quartet No. 4.mp3,wrk_a35938317b5226
1788.mp3,Giacinto Scelsi_String Quartet No. 5.mp3,wrk_f1a3bb0b6754d0
1789.mp3,Giacinto Scelsi_Suite No. 10.mp3,wrk_602485f8f74d2d
1790.mp3,Giacinto Scelsi_Xnoybis.mp3,wrk_0cfeb0800cb15c
1791.mp3,Gilbert Amy_Adagio.mp3,wrk_7c31edf1e093f4
1792.mp3,Gilbert Amy_Cahiers d'épigrammes.mp3,wrk_2e309e0aa87996
1793.mp3,Gilbert Amy_Diaphonies.mp3,wrk_3036316ca7a661
1794.mp3,Gilbert Amy_Relais.mp3,wrk_48d9e7efea715c
1795.mp3,Gilbert Amy_Sept Bagatelles.mp3,wrk_53338ee0f4575b
1796.mp3,Gilbert Amy_Sonata.mp3,wrk_913acc84c94258
1797.mp3,Gilbert Amy_Trajectoires.mp3,wrk_4fbb30f1e3fefd
1798.mp3,Giorgio Battistelli_Anima.mp3,wrk_b4c2bd3dba5090
1799.mp3,Giorgio Battistelli_Uno e trino.mp3,wrk_406ccc48af49ac
1800.mp3,Giovanni Bertelli_Autoritratto in tre passaggi.mp3,wrk_f933e07e327cee
1801.mp3,Gloria Coates_Lunar Loops.mp3,wrk_ed77ff34a92835
1802.mp3,Gloria Coates_Sonata No. 1.mp3,wrk_3e74eb015697b5
1803.mp3,Gloria Coates_Sonata No. 2.mp3,wrk_943548265d1170
1804.mp3,Gloria Coates_String Quartet No.1.mp3,wrk_3f200cd1715859
1805.mp3,Gloria Coates_String Quartet No.2.mp3,wrk_424101372b9735
1806.mp3,Gloria Coates_String Quartet No.3.mp3,wrk_93c67d8c8458ec
1807.mp3,Gloria Coates_String Quartet No.4.mp3,wrk_5e0bb9aa9e2d3f
1808.mp3,Gloria Coates_String Quartet No.8.mp3,wrk_409a73ae55d6af
1809.mp3,Gloria Coates_Symphony No. 15 Homage to Mozart.mp3,wrk_183295a18e1bd8
1810.mp3,Gloria Coates_Symphony No.1 (Music on open Strings).mp3,wrk_858954bd344a39
1811.mp3,Gloria Coates_Symphony No.11.mp3,wrk_deedc577d0fa47
1812.mp3,Gloria Coates_Symphony No.2.mp3,wrk_855e2b12232632
1813.mp3,Gloria Coates_Symphony No.4.mp3,wrk_a2f401b3906ed1
1814.mp3,Gloria Coates_Symphony No.7.mp3,wrk_ef0081ab21920f
1815.mp3,Gordon Kampe_BRZ.mp3,wrk_95131d74c32492
1816.mp3,Gordon Kampe_Fat Finger Error.mp3,wrk_f3e1ef7e6e305f
1817.mp3,"Gordon Kampe_Feedbacks, Löffel, Tanzbares.mp3",wrk_775198c16bdb21
1818.mp3,Gordon Kampe_High Noon - Moskitos.mp3,wrk_72ab28e3fa9db0
1819.mp3,Gordon Kampe_La Paloma-Variationen.mp3,wrk_20bad55ad7fa98
1820.mp3,Gordon Kampe_Masque.mp3,wrk_159651afa8c667
1821.mp3,Gordon Kampe_Nichts fallen lassen Fleisch.mp3,wrk_7a06714d3098cf
1822.mp3,Gordon Kampe_Spione.mp3,wrk_4b833967b9b604
1823.mp3,Graciane Finzi_Barcarolle du souvenir.mp3,wrk_ce35d8aec3d6a6
1824.mp3,Graciane Finzi_Fantaisie romantique.mp3,wrk_1a6d882f2ed3f7
1825.mp3,Graciane Finzi_Fantaisie toccata.mp3,wrk_8f840184bf4a45
1826.mp3,Graciane Finzi_Fusion.mp3,wrk_771f50ff3164af
1827.mp3,Graciane Finzi_Moments interrompus.mp3,wrk_2a42c218654b4d
1828.mp3,Graciane Finzi_Ouverture pour une symphonie.mp3,wrk_94202a3b264810
1829.mp3,Graciane Finzi_Par delà les étoiles.mp3,wrk_de70f9eb044617
1830.mp3,Graciane Finzi_Profil sonore.mp3,wrk_0fa05d431a8494
1831.mp3,Graciane Finzi_Thriller.mp3,wrk_e1b28015c0c7cf
1832.mp3,Graciane Finzi_Toccata.mp3,wrk_c6f994e8773f39
1833.mp3,Guillaume Connesson_Constellation de Couronne Australe.mp3,wrk_1d5c01ee1245d2
1834.mp3,Guillaume Connesson_Disco-toccata.mp3,wrk_472479fd451c12
1835.mp3,Guillaume Connesson_Double Quatuor.mp3,wrk_696bee33a19c58
1836.mp3,Guillaume Connesson_Le rire de Saraï.mp3,wrk_1bb5aaefbad6f8
1837.mp3,Guillaume Connesson_Les Chants de l’Agartha.mp3,wrk_b4cd132db15af6
1838.mp3,Guillaume Connesson_Prélude et Funk.mp3,wrk_8a46c6fbd8b378
1839.mp3,Guillaume Connesson_Techno-parade.mp3,wrk_c92215b589d44a
1840.mp3,Guillaume Connesson_The Shining One.mp3,wrk_5c438963ebb22c
1841.mp3,Guillaume Connesson_Toccata nocturne.mp3,wrk_170afa3108ee0f
1842.mp3,Guillaume Connesson_Toccata.mp3,wrk_9afafb3dbb92a7
1843.mp3,György Kurtág_...concertante.mp3,wrk_c13d3d9fdf536b
1844.mp3,György Kurtág_...quasi una fantasia.mp3,wrk_cfe280b555e8a3
1845.mp3,György Kurtág_A kis csáva.mp3,wrk_9aaa3f466baf80
1846.mp3,György Kurtág_Aus der ferne III.mp3,wrk_3d3f83f780f6db
1847.mp3,György Kurtág_Hommage à András Mihály.mp3,wrk_4f9e97b32e380b
1848.mp3,György Kurtág_Ligatura-Message to Frances-Marie.mp3,wrk_0a5501a953ebd2
1849.mp3,György Kurtág_Officium breve in memoriam Andreæ Szervánszky.mp3,wrk_fe0a2b1073d430
1850.mp3,György Kurtág_Op. 27 No. 2 [Double concerto].mp3,wrk_efb7e772e64140
1851.mp3,György Kurtág_Szálkák.mp3,wrk_c687fb44f4049d
1852.mp3,György Ligeti_Andante et Allegretto.mp3,wrk_c16e06fa64c876
1853.mp3,György Ligeti_Apparitions.mp3,wrk_5e89e07eb0fad4
1854.mp3,György Ligeti_Atmosphères.mp3,wrk_817a7fa4af0f48
1855.mp3,György Ligeti_Concert Românesc.mp3,wrk_7f985feff5f275
1856.mp3,György Ligeti_Continuum.mp3,wrk_25a56fb36bb834
1857.mp3,György Ligeti_Coulée.mp3,wrk_bbf6182602e282
1858.mp3,György Ligeti_Dix pièces pour quintette à vent.mp3,wrk_7cc1550ec4f7ac
1859.mp3,György Ligeti_Double concerto.mp3,wrk_4826381cd2105c
1860.mp3,György Ligeti_Hamburg Concerto.mp3,wrk_22846108d33ee5
1861.mp3,György Ligeti_Harmonies.mp3,wrk_a3da0cae9c8f6a
1862.mp3,György Ligeti_Hungarian Rock.mp3,wrk_2d934eaf2d7bdf
1863.mp3,György Ligeti_Invention.mp3,wrk_14bf9aef354dcc
1864.mp3,György Ligeti_Lontano.mp3,wrk_1cc06c606c4d5d
1865.mp3,György Ligeti_Melodien.mp3,wrk_d72080b7421a0d
1866.mp3,György Ligeti_Monument . Selbstportrait . Bewegung.mp3,wrk_6453f93f16e72f
1867.mp3,György Ligeti_Passacaglia ungherese.mp3,wrk_62e2a13861ed3e
1868.mp3,György Ligeti_Ramifications.mp3,wrk_6fb9fe74112799
1869.mp3,György Ligeti_San Francisco Polyphony.mp3,wrk_1d748c429fd6e8
1870.mp3,György Ligeti_Six bagatelles.mp3,wrk_8b17e42647d465
1871.mp3,György Ligeti_Solo Cello Sonata.mp3,wrk_c68ebe59632e00
1872.mp3,György Ligeti_String Quartet No. 1.mp3,wrk_9ade0e367de723
1873.mp3,György Ligeti_String Quartet No. 2.mp3,wrk_7ea0116a11940f
1874.mp3,György Ligeti_Trio.mp3,wrk_889293bca7273d
1875.mp3,György Ligeti_Volumina.mp3,wrk_ffcbb6f9e7cc8d
1876.mp3,Gérard Grisey_Anubis-Nout.mp3,wrk_0272545b48cd5c
1877.mp3,Gérard Grisey_Charme.mp3,wrk_87fd2b8a476420
1878.mp3,Gérard Grisey_Echanges.mp3,wrk_91188b86716a98
1879.mp3,Gérard Grisey_Mégalithes.mp3,wrk_935fb04296f59d
1880.mp3,Gérard Grisey_Partiels.mp3,wrk_01b2beb75fe8db
1881.mp3,Gérard Grisey_Prologue.mp3,wrk_d88792e6510ee1
1882.mp3,Gérard Grisey_Périodes.mp3,wrk_7b2eb05f548523
1883.mp3,Gérard Grisey_Solo pour deux.mp3,wrk_b6db6bd130227f
1884.mp3,Gérard Grisey_Stèle.mp3,wrk_ebe5d1001631ca
1885.mp3,Gérard Grisey_Talea.mp3,wrk_1a36aa449339d2
1886.mp3,Gérard Grisey_Tempus ex Machina.mp3,wrk_674d4e37e384b5
1887.mp3,Gérard Pape_String Quartet No. 2.mp3,wrk_2e671dd8579c9d
1888.mp3,Gérard Pesson_Affuts.mp3,wrk_9402fca5983990
1889.mp3,Gérard Pesson_Aggravations et final.mp3,wrk_2185e31b1514f0
1890.mp3,Gérard Pesson_Ambre nous resterons.mp3,wrk_41c7844cbec105
1891.mp3,Gérard Pesson_Blanc mérité.mp3,wrk_6a39f5c2625fbe
1892.mp3,Gérard Pesson_Cassation.mp3,wrk_63a5b4a7db9dfc
1893.mp3,Gérard Pesson_Catch Sonata.mp3,wrk_fa4d835d6f3c67
1894.mp3,Gérard Pesson_Fureur contre informe pour un tombeau d'Anatole.mp3,wrk_70ac00bd6d749e
1895.mp3,Gérard Pesson_La vita è come l'albero di Natale.mp3,wrk_ed82082aa62808
1896.mp3,Gérard Pesson_Nebenstück.mp3,wrk_fafdd74c4e51f4
1897.mp3,Gérard Pesson_No-Ja-Li.mp3,wrk_117ed7aeaa8da3
1898.mp3,Gérard Pesson_Nocturnes en quatuor.mp3,wrk_8ab1502d0fdba6
1899.mp3,Gérard Pesson_Paraphernalia.mp3,wrk_36ad3cc72f26ad
1900.mp3,Gérard Pesson_Vexierbilder II.mp3,wrk_9a27244f4320a0
1901.mp3,Hanns Eisler_4 Klavierstücke.mp3,wrk_04c97635497ffb
1902.mp3,Hanns Eisler_Divertimento.mp3,wrk_61a4d7a7aed2e9
1903.mp3,Hanns Eisler_Drei Stücke.mp3,wrk_67ccadd949a8cb
1904.mp3,Hanns Eisler_Duo.mp3,wrk_c4bed8e08ef384
1905.mp3,Hanns Eisler_Fünf Orchesterstücke.mp3,wrk_c4cbb880554f2a
1906.mp3,Hanns Eisler_Klavierstücke für Kinder.mp3,wrk_e4ab79a8129fa0
1907.mp3,Hanns Eisler_Klavierstücke.mp3,wrk_256215d4240670
1908.mp3,Hanns Eisler_Nonett Nr. 1.mp3,wrk_b90db081a38a94
1909.mp3,Hanns Eisler_Nonett Nr. 2.mp3,wrk_3e50d196bac1a0
1910.mp3,Hanns Eisler_Potpourri über russische Volkslieder.mp3,wrk_198b520b35d262
1911.mp3,Hanns Eisler_Präludium und Fuge über B-A-C-H.mp3,wrk_dad07b15807d7b
1912.mp3,Hanns Eisler_Sieben Klavierstücke.mp3,wrk_43dd664da19432
1913.mp3,Hanns Eisler_Sonatensatz.mp3,wrk_b52ad64fd7a3cd
1914.mp3,Hanns Eisler_Suite No. 5.mp3,wrk_522b7f7b1c6917
1915.mp3,Hanns Eisler_Suite No. 6.mp3,wrk_ca9b01965e69a2
1916.mp3,Hanns Eisler_Vierzehn Arten den Regen zu beschreiben.mp3,wrk_89fa0e5261bcda
1917.mp3,Hans Abrahamsen_Air.mp3,wrk_c625846cedb608
1918.mp3,Hans Abrahamsen_Gush.mp3,wrk_69a1a3b404055e
1919.mp3,Hans Abrahamsen_Liebeslied.mp3,wrk_5d0bd871d2c460
1920.mp3,Hans Abrahamsen_Lied in Fall.mp3,wrk_4f661799e1b8f1
1921.mp3,Hans Abrahamsen_Märchenbilder.mp3,wrk_b6b2d57be48035
1922.mp3,Hans Abrahamsen_Nacht und Trompeten.mp3,wrk_2ae90bbe1f446f
1923.mp3,Hans Abrahamsen_Three Little Nocturnes.mp3,wrk_9e3c1b51b61260
1924.mp3,Hans Thomalla_Albumblatt II.mp3,wrk_18974e41c4e8a1
1925.mp3,Hans Thomalla_Albumblatt.mp3,wrk_bb15cb08d38b21
1926.mp3,Hans Thomalla_Lied.mp3,wrk_3400261bb5b0f7
1927.mp3,Hans Thomalla_Momentsmusicaux.mp3,wrk_dcca05ff559857
1928.mp3,Hans Thomalla_Piano Counterpart.mp3,wrk_df3ece12e99483
1929.mp3,Hans Werner Henze_2. Konzert.mp3,wrk_0081ecae6fd9f6
1930.mp3,Hans Werner Henze_Adagio adagio.mp3,wrk_bfb9291fdfe3b3
1931.mp3,Hans Werner Henze_Agnus Dei.mp3,wrk_945faefe003c75
1932.mp3,Hans Werner Henze_Antifone.mp3,wrk_b5d04d903660e8
1933.mp3,Hans Werner Henze_Barcarola.mp3,wrk_a857511c41977f
1934.mp3,"Hans Werner Henze_Carillon, Récitatif, Masque.mp3",wrk_1c727bfc336eeb
1935.mp3,Hans Werner Henze_Concertino.mp3,wrk_da546e3179d962
1936.mp3,Hans Werner Henze_Dies Irae.mp3,wrk_97b5612f3ec3f9
1937.mp3,Hans Werner Henze_Fraternité.mp3,wrk_9541087245aed9
1938.mp3,Hans Werner Henze_Fünf Nachtstücke.mp3,wrk_2f91f5e8aba704
1939.mp3,Hans Werner Henze_Heliogabalus Imperator.mp3,wrk_f1f6b30774f5d0
1940.mp3,Hans Werner Henze_In memoriam - Die Weisse Rose.mp3,wrk_e3153930710592
1941.mp3,Hans Werner Henze_Introitus.mp3,wrk_2e629c94fc7f7a
1942.mp3,Hans Werner Henze_Kammerkonzert.mp3,wrk_a14d33bf4032dd
1943.mp3,Hans Werner Henze_Kammersonate.mp3,wrk_818b670ba7428e
1944.mp3,Hans Werner Henze_La mano sinistra.mp3,wrk_ba63bd0687d676
1945.mp3,Hans Werner Henze_La selva incantata.mp3,wrk_4afd7402196f22
1946.mp3,Hans Werner Henze_Lacrimosa.mp3,wrk_ec71385b24d1e9
1947.mp3,Hans Werner Henze_Los Caprichos.mp3,wrk_2e9d0e5ae104f4
1948.mp3,Hans Werner Henze_Lucy Escott Variations.mp3,wrk_23782d2e74304a
1949.mp3,Hans Werner Henze_Lux aeterna.mp3,wrk_24b9ca5ba6bd07
1950.mp3,Hans Werner Henze_Neue Volkslieder und Hirtengesänge.mp3,wrk_bf87d2dbe7e1f7
1951.mp3,Hans Werner Henze_Quattro poemi.mp3,wrk_810b976c7e789c
1952.mp3,Hans Werner Henze_Quintett.mp3,wrk_a3fce7cb68087b
1953.mp3,Hans Werner Henze_Quintetto.mp3,wrk_c809304f1c34e2
1954.mp3,Hans Werner Henze_Requiem.mp3,wrk_9deeac68c613c5
1955.mp3,Hans Werner Henze_Rex tremendae.mp3,wrk_67fab4cfcc8a2c
1956.mp3,Hans Werner Henze_S. Biagio 9 agosto ore 12.07.mp3,wrk_d0b67f9bc4bb39
1957.mp3,Hans Werner Henze_Sanctus.mp3,wrk_145ff6cae6f797
1958.mp3,Hans Werner Henze_Scorribanda Sinfonica.mp3,wrk_0408d2c834d21e
1959.mp3,Hans Werner Henze_Sebastian im Traum.mp3,wrk_91765cee2f0ee4
1960.mp3,Hans Werner Henze_Sonata for Strings.mp3,wrk_82979e720654ad
1961.mp3,Hans Werner Henze_Sonatine.mp3,wrk_539d8634dcda7b
1962.mp3,Hans Werner Henze_String Quartet No. 1.mp3,wrk_7e0950a84233ac
1963.mp3,Hans Werner Henze_Symphony No. 10.mp3,wrk_2e8c960f328661
1964.mp3,Hans Werner Henze_Symphony No. 2.mp3,wrk_e79126ba4fccf4
1965.mp3,Hans Werner Henze_Symphony No. 3.mp3,wrk_91a93f3cc948f7
1966.mp3,Hans Werner Henze_Symphony No. 5.mp3,wrk_f52947b1de1876
1967.mp3,Hans Werner Henze_Symphony No. 7.mp3,wrk_40c97c6103829e
1968.mp3,Hans Werner Henze_Symphony No. 8.mp3,wrk_29cd71dc8f74ba
1969.mp3,Hans Werner Henze_Tancredi.mp3,wrk_45d36e2ea73a2f
1970.mp3,Hans Werner Henze_Telemanniana.mp3,wrk_01a1844bcc08be
1971.mp3,Hans Werner Henze_Trio.mp3,wrk_d5acc1ae0128a7
1972.mp3,Hans Werner Henze_Tuba mirum.mp3,wrk_b54be8de64bac7
1973.mp3,Hans Werner Henze_Voie lactée ô sœur lumineuse.mp3,wrk_0b305341ee0ce6
1974.mp3,Hanspeter Kyburz_Cells.mp3,wrk_501b0850c6e646
1975.mp3,Hanspeter Kyburz_Diptychon.mp3,wrk_2ab52240185c0e
1976.mp3,Hanspeter Kyburz_Malstrom.mp3,wrk_25636a352d2c79
1977.mp3,Hanspeter Kyburz_ptyx.mp3,wrk_1fa2f939120f81
1978.mp3,Heera Kim_Pan.mp3,wrk_29d2c01178fb13
1979.mp3,Heera Kim_The Art of Shading.mp3,wrk_4b1a7ffce3913a
1980.mp3,Heiner Goebbels_Die Wirtshausszene.mp3,wrk_8424553d5fb47d
1981.mp3,Heinz Holliger_(S)irató.mp3,wrk_921d8da092e63d
1982.mp3,Heinz Holliger_(é)cri(t).mp3,wrk_98c5cfcb91f0b4
1983.mp3,Heinz Holliger_Atembogen.mp3,wrk_245f67e86ffcb4
1984.mp3,Heinz Holliger_Contrechant.mp3,wrk_58d101c82415dd
1985.mp3,Heinz Holliger_Duo.mp3,wrk_fe9f7b5df5878c
1986.mp3,Heinz Holliger_Elis.mp3,wrk_3ccb84d700c323
1987.mp3,Heinz Holliger_Lebenslinien.mp3,wrk_ff6c2700a3fcc6
1988.mp3,Heinz Holliger_Lied.mp3,wrk_46cd6c23cc9f96
1989.mp3,Heinz Holliger_Lieder ohne Worte II.mp3,wrk_1509c5b598b449
1990.mp3,Heinz Holliger_Ma'mounia.mp3,wrk_d9a4504067dbd9
1991.mp3,Heinz Holliger_Ostinato funebre.mp3,wrk_ac8bd47f8a5684
1992.mp3,Heinz Holliger_Partita.mp3,wrk_f889153dfc7845
1993.mp3,Heinz Holliger_Pour Roland Cavin.mp3,wrk_b1828aac7a3ef9
1994.mp3,Heinz Holliger_Preludio e Fuga (a 4 voci).mp3,wrk_7bf00ed8f43019
1995.mp3,Heinz Holliger_Quintett.mp3,wrk_95e9af64b544a4
1996.mp3,Heinz Holliger_Rechant.mp3,wrk_e40a714b223090
1997.mp3,Heinz Holliger_Recicanto.mp3,wrk_a1d4c4b002195f
1998.mp3,Heinz Holliger_Romancendres.mp3,wrk_6e622046a48aec
1999.mp3,Heinz Holliger_Récit.mp3,wrk_7cc950ea6e1865
2000.mp3,"Heinz Holliger_Sequenzen über Johannes I, 32.mp3",wrk_aac0d1ace0a042
2001.mp3,Heinz Holliger_String Quartet No. 2.mp3,wrk_13920f52a73f9f
2002.mp3,Heinz Holliger_Studie über Mehrklänge.mp3,wrk_4e5c523b8cdf98
2003.mp3,Heinz Holliger_Three Pieces.mp3,wrk_13d150eba40fb0
2004.mp3,Heinz Holliger_Trema.mp3,wrk_f8667447c459b0
2005.mp3,Heinz Holliger_Trio.mp3,wrk_49f1d169d7a3c8
2006.mp3,Heinz Holliger_unbelaubte Gedanken zu Hölderlins Tinian.mp3,wrk_496b39dc6c8b2d
2007.mp3,Helena Tulve_abysses.mp3,wrk_8cbd1c852823f5
2008.mp3,Helena Tulve_Anastatica.mp3,wrk_1badbd9da76f5b
2009.mp3,Helena Tulve_Extinction des choses vues.mp3,wrk_4fca3ae1e7df24
2010.mp3,Helena Tulve_Hingamisveele.mp3,wrk_45dc1df827b7d6
2011.mp3,Helena Tulve_Nagu jõgi mere poole.mp3,wrk_f0b4fde5436870
2012.mp3,"Helena Tulve_nec ros, nec pluvia….mp3",wrk_c696f3fefee7af
2013.mp3,"Helena Tulve_Pulss, mõõn ja voolamine.mp3",wrk_423b2d03ec65bd
2014.mp3,Helena Tulve_Saar.mp3,wrk_5b82c8c227e989
2015.mp3,Helena Tulve_Sans titre.mp3,wrk_08a8b32f045b22
2016.mp3,Helena Tulve_stream 2.mp3,wrk_1857573efe358c
2017.mp3,Helena Tulve_stream.mp3,wrk_a670eaba1aabcb
2018.mp3,Helena Tulve_The Night Sea Journey.mp3,wrk_ef7c485419c218
2019.mp3,Helena Tulve_Traces.mp3,wrk_83fa3d511134a7
2020.mp3,Helena Tulve_Valvaja.mp3,wrk_a3eae56f31c5f3
2021.mp3,Helmut Lachenmann_Allegro sostenuto.mp3,wrk_c490ea9b08dec0
2022.mp3,Helmut Lachenmann_Berliner Kirschblüten.mp3,wrk_25fc99c1c10317
2023.mp3,Helmut Lachenmann_Dal niente.mp3,wrk_e2727d0502dff4
2024.mp3,Helmut Lachenmann_Echo Andante.mp3,wrk_8c6c2b01edce7f
2025.mp3,Helmut Lachenmann_Ein Kinderspiel.mp3,wrk_ba3a1e3106b181
2026.mp3,Helmut Lachenmann_Fünf Variationen über ein Thema von Franz Schubert.mp3,wrk_059e33029ef437
2027.mp3,Helmut Lachenmann_Gran Torso.mp3,wrk_88de65024bc146
2028.mp3,Helmut Lachenmann_Grido.mp3,wrk_6caa9a6b87356e
2029.mp3,Helmut Lachenmann_Guero.mp3,wrk_ed3bf4f967f674
2030.mp3,Helmut Lachenmann_Intérieur I.mp3,wrk_9383a668b0e8db
2031.mp3,Helmut Lachenmann_Klangschatten - mein Saitenspiel.mp3,wrk_ed84ca12edb7e5
2032.mp3,Helmut Lachenmann_Marche fatale.mp3,wrk_ac4b21afb863fa
2033.mp3,Helmut Lachenmann_Mes Adieux.mp3,wrk_d60f8e0be956e2
2034.mp3,Helmut Lachenmann_Mouvement (- vor der Erstarrung).mp3,wrk_8b8dfe63f203d3
2035.mp3,Helmut Lachenmann_Pression.mp3,wrk_f75310f40b979f
2036.mp3,Helmut Lachenmann_Reigen seliger Geister.mp3,wrk_3b83dd0f39a3b4
2037.mp3,Helmut Lachenmann_Sakura-Variationen.mp3,wrk_6e42e0d37a8085
2038.mp3,Helmut Lachenmann_Salut für Caudwell.mp3,wrk_7f6fb1951ac4ad
2039.mp3,Helmut Lachenmann_Schreiben.mp3,wrk_0cadc5340bd6ac
2040.mp3,Helmut Lachenmann_Souvenir.mp3,wrk_65cd09f5fef4c0
2041.mp3,Helmut Lachenmann_Tanzsuite mit Deutschlandlied.mp3,wrk_0156a2b04a100a
2042.mp3,Helmut Lachenmann_Trio Fluido.mp3,wrk_525bbfcc9bae86
2043.mp3,Helmut Lachenmann_Wiegenmusik.mp3,wrk_3ee17b1458d17b
2044.mp3,Henri Dutilleux_Ainsi la Nuit.mp3,wrk_cad94338d6b0f8
2045.mp3,Henri Dutilleux_Au gré des ondes.mp3,wrk_ea03200dd22651
2046.mp3,"Henri Dutilleux_Choral, Cadence et Fugato.mp3",wrk_6fbf56d86359ea
2047.mp3,Henri Dutilleux_L'arbre des Songes.mp3,wrk_ccc6f84d633143
2048.mp3,Henri Dutilleux_Les Citations.mp3,wrk_9bcf1318b288ec
2049.mp3,Henri Dutilleux_Mystère de l'instant.mp3,wrk_3b9ad5b5b1f457
2050.mp3,Henri Dutilleux_Métaboles.mp3,wrk_f9cce35e058f08
2051.mp3,Henri Dutilleux_Quatre figures de résonances.mp3,wrk_e6ad8cfe940fd9
2052.mp3,Henri Dutilleux_Sonate pour piano.mp3,wrk_b6b7b367e089d1
2053.mp3,Henri Dutilleux_Sonatine.mp3,wrk_8b3b5344530759
2054.mp3,Henri Dutilleux_Sur le même accord.mp3,wrk_30775a3c799a03
2055.mp3,Henri Dutilleux_Symphonie n° 2 « Le Double ».mp3,wrk_d56998670a2126
2056.mp3,"Henri Dutilleux_Timbres, espace, mouvement.mp3",wrk_853990cbfadb3f
2057.mp3,Henri Dutilleux_Tout un Monde lointain.mp3,wrk_3c37520b554a42
2058.mp3,Henri Dutilleux_Trois Strophes sur le nom de Sacher.mp3,wrk_2ae8f9eb234457
2059.mp3,Henri Pousseur_Ballade berlinoise.mp3,wrk_f1d04d7187db36
2060.mp3,Henri Pousseur_Caractères.mp3,wrk_a732384cb6c045
2061.mp3,Henri Pousseur_Flexions III.mp3,wrk_0998bebce5e4d6
2062.mp3,Henri Pousseur_Flexions IV.mp3,wrk_6c7bbbac3f13c7
2063.mp3,Henri Pousseur_Madrigal I.mp3,wrk_c408cfc1116623
2064.mp3,Henri Pousseur_Mobile.mp3,wrk_030586f3cff06d
2065.mp3,Henri Pousseur_Prospection.mp3,wrk_6864dd99262244
2066.mp3,Henri Pousseur_Quintette à la mémoire d'Anton Webern.mp3,wrk_5aaaefbfcdf374
2067.mp3,Henri Pousseur_Vue sur les Jardins interdits.mp3,wrk_ab2cf47a0e256b
2068.mp3,Henri Pousseur_Zwei kleine Spinnereien über einem Thema von Clara Wieck.mp3,wrk_c6600e5cc61921
2069.mp3,Henry Cowell_Concerto Grosso.mp3,wrk_506514280cd16f
2070.mp3,Henry Cowell_Hymn and Fuguing Tune No. 14.mp3,wrk_5784b978a7c27a
2071.mp3,Henry Cowell_Ongaku.mp3,wrk_79b5c0baaf32b6
2072.mp3,Henry Cowell_Seven Paragraphs.mp3,wrk_4e53331d2667b7
2073.mp3,Henry Cowell_String Quartet No. 4.mp3,wrk_b110ed657f3e0d
2074.mp3,Henry Cowell_String Quartet No. 5.mp3,wrk_27e01a78279e73
2075.mp3,Henry Cowell_Symphony No. 10.mp3,wrk_a23f1f15607e24
2076.mp3,Henry Cowell_Symphony No. 11.mp3,wrk_2bffbec6f9affd
2077.mp3,Henry Cowell_Symphony No. 14.mp3,wrk_f62a09054194f1
2078.mp3,Henry Cowell_Symphony No. 15.mp3,wrk_c47359976d8463
2079.mp3,Henry Cowell_Symphony No. 16.mp3,wrk_02429aa6a624a3
2080.mp3,Henry Cowell_Symphony No. 5.mp3,wrk_94dbe0425fbe0c
2081.mp3,Henry Cowell_Symphony No. 7.mp3,wrk_459c9d9cb83466
2082.mp3,Henry Cowell_Symphony No. 9.mp3,wrk_6528b935132187
2083.mp3,Henry Cowell_The Harp of Life.mp3,wrk_2ebe2401e85903
2084.mp3,Henry Cowell_The Tides of Manaunaun.mp3,wrk_317249ff7815c4
2085.mp3,Henry Cowell_Tiger.mp3,wrk_df6d3deec4ac3f
2086.mp3,Henry Fourès_Célébration du fa.mp3,wrk_7d9f641a8ad057
2087.mp3,Henry Fourès_Lob der Ferne.mp3,wrk_7b7ab29314bb2b
2088.mp3,Henryk Mikolaj Gorecki_Quasi una Fantasia.mp3,wrk_599cb0e1513e17
2089.mp3,Hilda Paredes_Bitácora capilar.mp3,wrk_46f5f10d3d8543
2090.mp3,Hilda Paredes_Cotidales.mp3,wrk_5a859fdd196f3a
2091.mp3,Hilda Paredes_Demente cuerda.mp3,wrk_b87edf7ce82f9f
2092.mp3,Hilda Paredes_El Canto del Tepozteco.mp3,wrk_5e98890b2f3b61
2093.mp3,Hilda Paredes_In Memoriam Thomas Kakuska.mp3,wrk_0f11993f22e367
2094.mp3,Hilda Paredes_Intermezzo malinconico.mp3,wrk_1d8b4124df6b95
2095.mp3,Hilda Paredes_Jitanjáfora.mp3,wrk_6e98a4e129f349
2096.mp3,Hilda Paredes_Juegos prohibidos.mp3,wrk_5ae4e3844ad29c
2097.mp3,Hilda Paredes_Las Estrellas.mp3,wrk_cbe53ba5e0382e
2098.mp3,Hilda Paredes_Siphonophorae.mp3,wrk_2d35bc3f758063
2099.mp3,Hilda Paredes_Son dementes cuerdas.mp3,wrk_a1bd70e37fdf91
2100.mp3,Horacio Vaggione_Tahil.mp3,wrk_8bf0e03328ab18
2101.mp3,Hugues Dufourt_Duel à coups de gourdin.mp3,wrk_ab4b239fe43f4f
2102.mp3,Hugues Dufourt_Erlkönig.mp3,wrk_4e6c7b2d68ca5a
2103.mp3,Hugues Dufourt_L'Origine du monde.mp3,wrk_dbd54625cae825
2104.mp3,Hugues Dufourt_La Sieste du lettré.mp3,wrk_a880871505f4f9
2105.mp3,Hugues Dufourt_Soleil de proie.mp3,wrk_045df83a38291f
2106.mp3,Hugues Dufourt_Sombre journée.mp3,wrk_41cdf45d7a9c58
2107.mp3,Hugues Dufourt_Tombeau de Debussy.mp3,wrk_1ab8894f2b6aa0
2108.mp3,Hugues Dufourt_Voyage par-delà les fleuves et les monts.mp3,wrk_1ae9f0c3f6d53d
2109.mp3,Iannis Xenakis_Achorripsis.mp3,wrk_3d60acbc97b648
2110.mp3,Iannis Xenakis_Akea.mp3,wrk_4028af4cb0b834
2111.mp3,Iannis Xenakis_Akrata.mp3,wrk_ec07bfc8f402a9
2112.mp3,Iannis Xenakis_Alax.mp3,wrk_9f3b9456e2c636
2113.mp3,Iannis Xenakis_Anaktoria.mp3,wrk_4a638a6f8ce4eb
2114.mp3,Iannis Xenakis_Aroura.mp3,wrk_6798a9d7e7e707
2115.mp3,Iannis Xenakis_Ata.mp3,wrk_1fbcc1525048cc
2116.mp3,Iannis Xenakis_Atrées.mp3,wrk_45ac3eccf61e1d
2117.mp3,Iannis Xenakis_Charisma.mp3,wrk_cd8da1363c34de
2118.mp3,Iannis Xenakis_Dhipli Zyia.mp3,wrk_c3ae423fbc2338
2119.mp3,Iannis Xenakis_Dikhthas.mp3,wrk_3e088bb35afdad
2120.mp3,Iannis Xenakis_Dmaathen.mp3,wrk_071ba9a2cfc702
2121.mp3,Iannis Xenakis_Dox-Orkh.mp3,wrk_da7685a9e5a753
2122.mp3,Iannis Xenakis_Dämmerschein.mp3,wrk_bd71e704b16f34
2123.mp3,Iannis Xenakis_Echange.mp3,wrk_dfb4859d7c2873
2124.mp3,Iannis Xenakis_Embellie.mp3,wrk_d935ac44dfcd15
2125.mp3,Iannis Xenakis_Empreintes.mp3,wrk_1af41495683913
2126.mp3,Iannis Xenakis_Epei.mp3,wrk_5ad9fdc36ed3d0
2127.mp3,Iannis Xenakis_Eridanos.mp3,wrk_66d3d2abf7848f
2128.mp3,Iannis Xenakis_Erikhthon.mp3,wrk_17794a6b23519d
2129.mp3,Iannis Xenakis_Gmeeoorh.mp3,wrk_1336e8976442f2
2130.mp3,Iannis Xenakis_Herma.mp3,wrk_bee477cc4655c3
2131.mp3,Iannis Xenakis_Horos.mp3,wrk_a67e71782c7865
2132.mp3,Iannis Xenakis_Hunem-Iduhey.mp3,wrk_e6b38979198c45
2133.mp3,Iannis Xenakis_Ikhoor.mp3,wrk_52474b14b5e248
2134.mp3,Iannis Xenakis_Ittidra.mp3,wrk_e03d4decb9d7fd
2135.mp3,Iannis Xenakis_Jalons.mp3,wrk_85e2611ae07586
2136.mp3,Iannis Xenakis_Jonchaies.mp3,wrk_441d45680b32e6
2137.mp3,Iannis Xenakis_Kaï.mp3,wrk_fa24c7ed47e855
2138.mp3,Iannis Xenakis_Keqrops.mp3,wrk_f61eb3a03c12b3
2139.mp3,Iannis Xenakis_Keren.mp3,wrk_aa17d4d35c8622
2140.mp3,Iannis Xenakis_Khal Perr.mp3,wrk_d604b31a505491
2141.mp3,Iannis Xenakis_Khoaï.mp3,wrk_8f7d0b1b8855fa
2142.mp3,Iannis Xenakis_Komboï.mp3,wrk_9edef998ecae23
2143.mp3,Iannis Xenakis_Kottos.mp3,wrk_a3ca33db5bd8d5
2144.mp3,Iannis Xenakis_Kuïlenn.mp3,wrk_1809e8b540f2ed
2145.mp3,Iannis Xenakis_Lichens.mp3,wrk_4c0f55b27f5e86
2146.mp3,Iannis Xenakis_Metastaseis.mp3,wrk_37fe6cb3d6576d
2147.mp3,Iannis Xenakis_Mikka «S».mp3,wrk_03cb602fb58ac7
2148.mp3,Iannis Xenakis_Mikka.mp3,wrk_c00425c42e5c7d
2149.mp3,Iannis Xenakis_Mists.mp3,wrk_596f5bf47af04b
2150.mp3,Iannis Xenakis_Nomos Alpha.mp3,wrk_0ad9538e9797c3
2151.mp3,Iannis Xenakis_Nomos Gamma.mp3,wrk_46d93c924d6d1d
2152.mp3,Iannis Xenakis_Noomena.mp3,wrk_5d3094b6f81279
2153.mp3,Iannis Xenakis_O-Mega.mp3,wrk_0d7feadb8b33ea
2154.mp3,Iannis Xenakis_Okho.mp3,wrk_371cb693501f94
2155.mp3,Iannis Xenakis_Palimpsest.mp3,wrk_120025d58013a6
2156.mp3,Iannis Xenakis_Persephassa.mp3,wrk_3c6a7ea233238d
2157.mp3,Iannis Xenakis_Phlegra.mp3,wrk_156f7de7622b24
2158.mp3,Iannis Xenakis_Psappha.mp3,wrk_52c6940e0729c7
2159.mp3,Iannis Xenakis_Retours-Windungen.mp3,wrk_0cf9ca21d625d1
2160.mp3,Iannis Xenakis_Roscobeck.mp3,wrk_ba8e02c244d942
2161.mp3,Iannis Xenakis_Shaar.mp3,wrk_b89686b71139fb
2162.mp3,Iannis Xenakis_Six chansons.mp3,wrk_e90c34f210e193
2163.mp3,Iannis Xenakis_ST10.mp3,wrk_4c54e45b882528
2164.mp3,Iannis Xenakis_ST4.mp3,wrk_813f539bef469e
2165.mp3,Iannis Xenakis_Stratégie.mp3,wrk_cfeccd5c7f8eab
2166.mp3,Iannis Xenakis_Synaphaï.mp3,wrk_75ee3c4e13cf95
2167.mp3,Iannis Xenakis_Syrmos.mp3,wrk_5c8697c5def6bb
2168.mp3,Iannis Xenakis_Terretektorh.mp3,wrk_1fbd2641c7a4f1
2169.mp3,Iannis Xenakis_Tetora.mp3,wrk_17c464c83c8136
2170.mp3,Iannis Xenakis_Tetras.mp3,wrk_0e105b9852ddbc
2171.mp3,Iannis Xenakis_Thalleïn.mp3,wrk_6a4d878b4b8e60
2172.mp3,Iannis Xenakis_Theraps.mp3,wrk_62a92ccf51f6bc
2173.mp3,Iannis Xenakis_Tracées.mp3,wrk_211b68173030c5
2174.mp3,Iannis Xenakis_Troorkh.mp3,wrk_e89df24afde34a
2175.mp3,Iannis Xenakis_Voile.mp3,wrk_2b98627792fb9d
2176.mp3,Iannis Xenakis_Waarg.mp3,wrk_cb26d6f866f58a
2177.mp3,Iannis Xenakis_Xas.mp3,wrk_fd0b57fb61c89f
2178.mp3,Iannis Xenakis_Zythos.mp3,wrk_d86728c12ad469
2179.mp3,Iannis Xenakis_à r. (Hommage à Ravel).mp3,wrk_760055d56511f6
2180.mp3,Ichiro Nodaïra_Arabesque III.mp3,wrk_3c7f18ff438839
2181.mp3,Ichiro Nodaïra_Arabesque IV.mp3,wrk_1bf85d78a7e38a
2182.mp3,Ichiro Nodaïra_Pas de résonance.mp3,wrk_aee8c085cf4225
2183.mp3,Ichiro Nodaïra_Quatuor de saxophones.mp3,wrk_a38475b0213746
2184.mp3,Ichiro Nodaïra_Une autre.........lune.mp3,wrk_5b6f18df14d192
2185.mp3,Igor Stravinsky_Capriccio.mp3,wrk_a9ccaed1c97e1c
2186.mp3,Igor Stravinsky_Cinq pièces faciles.mp3,wrk_5004056dfb40ec
2187.mp3,Igor Stravinsky_Ebony concerto.mp3,wrk_c69aa04445c282
2188.mp3,Igor Stravinsky_Epitaphium.mp3,wrk_202d25b2271888
2189.mp3,Igor Stravinsky_Four Etudes.mp3,wrk_5cf101a2a67319
2190.mp3,Igor Stravinsky_Grande suite de l'Histoire du Soldat.mp3,wrk_98c640a8cefd9d
2191.mp3,Igor Stravinsky_Lied ohne Name.mp3,wrk_4c9053e48684bb
2192.mp3,Igor Stravinsky_Movements.mp3,wrk_cf31f261badb66
2193.mp3,Igor Stravinsky_Piano-Rag-Music.mp3,wrk_0087e89b329e55
2194.mp3,Igor Stravinsky_Pulcinella - Suite.mp3,wrk_6923615623182b
2195.mp3,Igor Stravinsky_Scherzo à la russe.mp3,wrk_6362835e617df1
2196.mp3,Igor Stravinsky_Scherzo.mp3,wrk_752b5ec7bc6cc2
2197.mp3,Igor Stravinsky_Suite de l'Histoire du Soldat.mp3,wrk_3c094c5d724968
2198.mp3,Igor Stravinsky_Suite No. 2.mp3,wrk_1c1d331f234978
2199.mp3,Igor Stravinsky_Symphonie en ut.mp3,wrk_db37317e9e3665
2200.mp3,Igor Stravinsky_Symphonies d'instruments à vent.mp3,wrk_a1c86028fdb87d
2201.mp3,"Igor Stravinsky_Symphony, E♭, Op.1.mp3",wrk_0d638f2e55ccf6
2202.mp3,Igor Stravinsky_Valse des fleurs.mp3,wrk_17368dc6556971
2203.mp3,Igor Stravinsky_Variations.mp3,wrk_fedc70d0a97c74
2204.mp3,Igor Stravinsky_Violin Concerto in D.mp3,wrk_e398d28d18b6b2
2205.mp3,"Iris ter Schiphorst_'No, Sir...'.mp3",wrk_cb5b1262c58b7b
2206.mp3,Isabel Mundry_Cellosolo.mp3,wrk_fd47dc178df017
2207.mp3,Isabel Mundry_Das Rohe und das Geformte III.mp3,wrk_8d26256f83ca25
2208.mp3,Isabel Mundry_Depuis le jour (mit Blick auf Sweelinck).mp3,wrk_65cff2880c5614
2209.mp3,Isabel Mundry_Ferne Nähe.mp3,wrk_69ef26ad75bb7c
2210.mp3,Isabel Mundry_Flugsand.mp3,wrk_38a7b95cb0a9ee
2211.mp3,Isabel Mundry_Gefächerter Ort.mp3,wrk_26ce02dca669e7
2212.mp3,Isabel Mundry_Le Corps des cordes.mp3,wrk_99825e6b84bdac
2213.mp3,Isabel Mundry_Le Silence - Tystnaden.mp3,wrk_3293036c34fa2d
2214.mp3,Isabel Mundry_Nocturno.mp3,wrk_f5a0d38c570408
2215.mp3,Isabel Mundry_Noli me tangere.mp3,wrk_4defe551e719f1
2216.mp3,"Isabel Mundry_Non-Places, ein Klavierkonzert.mp3",wrk_2006f0eedff535
2217.mp3,Isabel Mundry_Panorama ciego.mp3,wrk_09c875f3160a33
2218.mp3,"Isabel Mundry_Sounds, Archeologies.mp3",wrk_7fcb9065826e3b
2219.mp3,Isabel Mundry_Spiegel Bilder.mp3,wrk_1c35ab2855c0cd
2220.mp3,Isabel Mundry_Tous les Mondes.mp3,wrk_ba33b394ce6e90
2221.mp3,Isabel Mundry_Traces des moments.mp3,wrk_dca38cff53bbbc
2222.mp3,Isabel Mundry_turning around.mp3,wrk_15c44bdd21eb5f
2223.mp3,Isabel Mundry_Zu Fall.mp3,wrk_1326ca23929a9e
2224.mp3,Isang Yun_Bläseroktett.mp3,wrk_216cc0bddeb6d0
2225.mp3,Isang Yun_Bläserquintett.mp3,wrk_4261aaf48ec665
2226.mp3,Isang Yun_Clarinet Concerto.mp3,wrk_4b0d40be65efbb
2227.mp3,Isang Yun_Contemplation.mp3,wrk_ca21c54a6f4688
2228.mp3,Isang Yun_Double Concerto.mp3,wrk_7ad00f576d46dc
2229.mp3,Isang Yun_Duo for cello and harp.mp3,wrk_bfe2710ca8bfcc
2230.mp3,Isang Yun_Duo.mp3,wrk_3221ff111c841c
2231.mp3,Isang Yun_Espace I.mp3,wrk_44e065226c5340
2232.mp3,Isang Yun_Etüden.mp3,wrk_83e5fa0dd7d4c5
2233.mp3,Isang Yun_Exemplum in memoriam Kwangju.mp3,wrk_0c6341b480a11e
2234.mp3,Isang Yun_Fluktuationen.mp3,wrk_f82e5ce3bb2043
2235.mp3,Isang Yun_Flute Concerto.mp3,wrk_0e250b28f655ab
2236.mp3,Isang Yun_Fünf Stücke.mp3,wrk_b594e0207e3f40
2237.mp3,Isang Yun_Garak.mp3,wrk_e28149e5ecdcc1
2238.mp3,Isang Yun_Gasa.mp3,wrk_633bf36a0ed941
2239.mp3,Isang Yun_Glissées.mp3,wrk_e5758dbc7c07af
2240.mp3,Isang Yun_Gong-Hu.mp3,wrk_27edda2a2e5b54
2241.mp3,Isang Yun_Harmonia.mp3,wrk_5cbdc632abcd7c
2242.mp3,Isang Yun_Images.mp3,wrk_58663ea32ca394
2243.mp3,Isang Yun_Impression.mp3,wrk_73d91248cb991e
2244.mp3,Isang Yun_In Balance.mp3,wrk_487a46b5d2105c
2245.mp3,Isang Yun_Interludium A.mp3,wrk_865a037c60c9f1
2246.mp3,Isang Yun_Intermezzo.mp3,wrk_cfbf949456d1d8
2247.mp3,Isang Yun_Inventionen.mp3,wrk_59a7985e368fc9
2248.mp3,Isang Yun_Kammerkonzert I.mp3,wrk_2d8ad53eb7d36d
2249.mp3,Isang Yun_Kontraste.mp3,wrk_117e323d3a69e7
2250.mp3,Isang Yun_Konturen.mp3,wrk_e3f7df4a724a40
2251.mp3,Isang Yun_Konzertante Figuren.mp3,wrk_c9eae17e78b6b7
2252.mp3,Isang Yun_Loyang.mp3,wrk_62894891ce5301
2253.mp3,Isang Yun_Monolog.mp3,wrk_f7f695ad73d87b
2254.mp3,Isang Yun_Muak.mp3,wrk_411c8124cc8bd6
2255.mp3,Isang Yun_Mugung-Dong.mp3,wrk_455519dd5acc42
2256.mp3,Isang Yun_Musik für sieben Instrumente.mp3,wrk_c439937e5693d9
2257.mp3,Isang Yun_Nore.mp3,wrk_28f7cd9c16757a
2258.mp3,Isang Yun_Piri.mp3,wrk_f30020752e1a70
2259.mp3,Isang Yun_Pièce concertante.mp3,wrk_831d1c6a7137cd
2260.mp3,"Isang Yun_Quartet for horn, trumpet, trombone and piano.mp3",wrk_4c2f74edf966fc
2261.mp3,Isang Yun_Quintett I.mp3,wrk_a7ed99da14f4f1
2262.mp3,Isang Yun_Riul.mp3,wrk_cbd73cf8f79d16
2263.mp3,Isang Yun_Rondell.mp3,wrk_f37949f4b839b4
2264.mp3,Isang Yun_Réak.mp3,wrk_59bcb4047e519a
2265.mp3,Isang Yun_Salomo.mp3,wrk_7699311d2b3065
2266.mp3,Isang Yun_Shao Yang Yin.mp3,wrk_646f7dae355c88
2267.mp3,Isang Yun_Silla.mp3,wrk_5cac87179d49c7
2268.mp3,Isang Yun_Sori.mp3,wrk_16951109cba23c
2269.mp3,Isang Yun_String Quartet No.5.mp3,wrk_29a66c9bb71af7
2270.mp3,Isang Yun_Symphony No.1.mp3,wrk_e038e46432dc7b
2271.mp3,Isang Yun_Symphony No.2.mp3,wrk_944a3d2c8db3de
2272.mp3,Isang Yun_Together.mp3,wrk_73c30184c9c750
2273.mp3,"Isang Yun_Trio for clarinet, bassoon and horn.mp3",wrk_903415ea2cc2d8
2274.mp3,"Isang Yun_Trio for flute, oboe and violin.mp3",wrk_f97d41d0ad5f75
2275.mp3,Isang Yun_Violin Concerto No.1.mp3,wrk_3c2e7498d2f301
2276.mp3,Isang Yun_Violin Concerto No.3.mp3,wrk_e7287979577783
2277.mp3,Isang Yun_Violin Sonata.mp3,wrk_a997297b0bab50
2278.mp3,Ivan Fedele_Accents.mp3,wrk_778ae345f3e501
2279.mp3,Ivan Fedele_Accord.mp3,wrk_858eb5ccbc2b61
2280.mp3,Ivan Fedele_Air on air.mp3,wrk_a0e379809d8d9a
2281.mp3,Ivan Fedele_Arco di vento.mp3,wrk_ede3df4bf17caa
2282.mp3,Ivan Fedele_Artéteka.mp3,wrk_7d21e6a78a0b45
2283.mp3,Ivan Fedele_Bias.mp3,wrk_6e61a6502d2a38
2284.mp3,Ivan Fedele_Cadenze.mp3,wrk_9c0871c0662bfa
2285.mp3,Ivan Fedele_Chiari.mp3,wrk_4b346e8bdeac46
2286.mp3,Ivan Fedele_De li duo soli et infiniti universi.mp3,wrk_79b6a0d82c09f7
2287.mp3,Ivan Fedele_Deystiviya.mp3,wrk_9c29ca4065bf30
2288.mp3,Ivan Fedele_Donax.mp3,wrk_c8c1041e02a38c
2289.mp3,Ivan Fedele_Duals.mp3,wrk_ea1dbc6a0be638
2290.mp3,Ivan Fedele_Duo en résonance.mp3,wrk_901bb7898c741f
2291.mp3,Ivan Fedele_Epos.mp3,wrk_d5743cc46a9e8a
2292.mp3,Ivan Fedele_Erinni.mp3,wrk_5bc38a2eb81c67
2293.mp3,Ivan Fedele_Est!.mp3,wrk_b35bd64d4d22d6
2294.mp3,Ivan Fedele_Flamen.mp3,wrk_4302c2694848fa
2295.mp3,Ivan Fedele_Flug.mp3,wrk_1249fd56a12c7b
2296.mp3,Ivan Fedele_Fünfzehn Bagatellen.mp3,wrk_3a7d7ef58afb7f
2297.mp3,Ivan Fedele_Gstaad Variationen.mp3,wrk_f04015cc743bd0
2298.mp3,Ivan Fedele_Imaginary depth.mp3,wrk_f783cc946c477d
2299.mp3,Ivan Fedele_Imaginary islands.mp3,wrk_979d43303bbeec
2300.mp3,Ivan Fedele_Immagini da Escher.mp3,wrk_b9da5487caa0ae
2301.mp3,Ivan Fedele_Magic.mp3,wrk_d5693abba90750
2302.mp3,Ivan Fedele_Metal east-journey.mp3,wrk_d943d017dd2bf1
2303.mp3,Ivan Fedele_Mixtim.mp3,wrk_f7773625c78ff9
2304.mp3,Ivan Fedele_Modus.mp3,wrk_b29a49a411915e
2305.mp3,Ivan Fedele_Mudra.mp3,wrk_9dd7d1004939b0
2306.mp3,Ivan Fedele_Notturno.mp3,wrk_b24a2dad87bb86
2307.mp3,Ivan Fedele_Palimpsest.mp3,wrk_069488156d129a
2308.mp3,Ivan Fedele_Partita.mp3,wrk_1291c092285f49
2309.mp3,Ivan Fedele_Pentalogon quartet.mp3,wrk_a657c906afc4ba
2310.mp3,Ivan Fedele_Preludio e Ciaccona.mp3,wrk_f96d2b137d7f1e
2311.mp3,Ivan Fedele_Profilo in eco.mp3,wrk_f2da29d0e91009
2312.mp3,Ivan Fedele_Ruah.mp3,wrk_452cbc458610ef
2313.mp3,Ivan Fedele_Scena.mp3,wrk_587f00c142a5a7
2314.mp3,Ivan Fedele_Suite francese II.mp3,wrk_2bad9ff3c79b67
2315.mp3,Ivan Fedele_Suite francese III.mp3,wrk_f4a54266e35c09
2316.mp3,Ivan Fedele_Suite Francese IV.mp3,wrk_5d59c8834644c2
2317.mp3,Ivan Fedele_SYNTAX 0.1.mp3,wrk_3c91bd0ac548ab
2318.mp3,Ivan Fedele_Syntax 0.3 (if@beethov.en).mp3,wrk_4a4ccebbf3c1b0
2319.mp3,Ivan Fedele_Târ.mp3,wrk_1250e8411384e4
2320.mp3,Ivan Fedele_Volo.mp3,wrk_e1406a061494e2
2321.mp3,Ivan Fedele_Études boréales.mp3,wrk_8eccd80468e7dd
2322.mp3,Ivan Wyschnegradsky_Ainsi parlait Zarathoustra.mp3,wrk_3a9887a564d0af
2323.mp3,Ivan Wyschnegradsky_Arc-en-ciel.mp3,wrk_127a96e2fe87da
2324.mp3,Ivan Wyschnegradsky_Cosmos.mp3,wrk_bff8457e01b7cc
2325.mp3,Ivan Wyschnegradsky_Etude sur le carré magique sonore.mp3,wrk_52dca45efd4ecb
2326.mp3,Ivan Wyschnegradsky_Prélude et Fugue.mp3,wrk_d479158cc57c1e
2327.mp3,Ivan Wyschnegradsky_Prélude et étude.mp3,wrk_e805dcd07a8121
2328.mp3,Ivan Wyschnegradsky_Troisième fragment symphonique.mp3,wrk_d42919d1633ee6
2329.mp3,Ivo Malec_Dialogues.mp3,wrk_36d0a5af35821e
2330.mp3,Jacques Lenot_Diaphanéis.mp3,wrk_44cd73861cf5ba
2331.mp3,Jacques Lenot_Esquif.mp3,wrk_728f4d9d998141
2332.mp3,Jacques Lenot_Habiter la terre en poète.mp3,wrk_5afa97ccde8acd
2333.mp3,Jacques Lenot_Vier Berliner Ansichtskarten mit Johannisbeeren.mp3,wrk_636619869aefb4
2334.mp3,Jacques Lenot_We approach the sea.mp3,wrk_677546fc8bd9c0
2335.mp3,Jaime Belmonte_Perpetual morning.mp3,wrk_3ea92286014721
2336.mp3,"James Alexandropoulos-McEwan_Searching - Dragged, and Beckoned Pushing Through.mp3",wrk_1f6f5498a9f8f3
2337.mp3,James Dillon_'echo the angelus'.mp3,wrk_77c25adc5a4167
2338.mp3,James Dillon_...Once Upon a Time.mp3,wrk_1c0be0d06ff009
2339.mp3,James Dillon_East 11th St NY 10003.mp3,wrk_2faa2c6a19f105
2340.mp3,James Dillon_Helle Nacht.mp3,wrk_6563b8b86332b0
2341.mp3,James Dillon_Ignis noster.mp3,wrk_fdde2c524ab2b1
2342.mp3,James Dillon_L'ECRAN parfum.mp3,wrk_ee9b3bfa7a917d
2343.mp3,James Dillon_La Femme invisible.mp3,wrk_2e1085eb5297c7
2344.mp3,James Dillon_Piano Concerto - Andromeda.mp3,wrk_c74bf9fe3e569e
2345.mp3,James Dillon_Sgothan.mp3,wrk_63f8f4ae085851
2346.mp3,James Dillon_Shrouded Mirrors.mp3,wrk_27595150f082fb
2347.mp3,James Dillon_Siorram.mp3,wrk_b9fc999582e6f0
2348.mp3,James Dillon_Spleen.mp3,wrk_02346e163bd115
2349.mp3,James Dillon_String Quartet No. 2.mp3,wrk_ede266ce152e1e
2350.mp3,James Dillon_String Quartet No. 3.mp3,wrk_751c9958c41e30
2351.mp3,James Dillon_String Quartet No. 4.mp3,wrk_13f4d9631b618a
2352.mp3,James Dillon_String Quartet No. 5.mp3,wrk_cba273c9db5513
2353.mp3,James Dillon_String Quartet No. 6.mp3,wrk_d35d563a11708b
2354.mp3,James Dillon_String Quartet No. 9.mp3,wrk_378cb67d7c0fa8
2355.mp3,James Dillon_String Quartet No.7.mp3,wrk_c284ca4cd07f9a
2356.mp3,James Dillon_String Quartet No.8.mp3,wrk_0a980c2fefaf5d
2357.mp3,James Dillon_String Quartet.mp3,wrk_bf34a7a9096f78
2358.mp3,James Dillon_Ti.re-Ti.ke-Dha.mp3,wrk_c20b9d786ae36e
2359.mp3,James Dillon_Todesengel.mp3,wrk_0b6942d780ae4a
2360.mp3,James Dillon_Traumwerk Book 3.mp3,wrk_24eda0b812136e
2361.mp3,James Dillon_Vernal Showers.mp3,wrk_86af1cafe695df
2362.mp3,James Dillon_Violin Concerto.mp3,wrk_635ad01f623597
2363.mp3,James MacMillan_String Quartet No.3.mp3,wrk_8253524604faec
2364.mp3,James MacMillan_Why is this night different.mp3,wrk_55f31b1151dee0
2365.mp3,James Tenney_Arbor Vitae.mp3,wrk_6d0c26d2782811
2366.mp3,James Tenney_Beast.mp3,wrk_34c148267933fd
2367.mp3,James Tenney_Chorales for harmonic piano.mp3,wrk_35829ea3902a63
2368.mp3,James Tenney_Chromatic canon.mp3,wrk_f907d18932f84f
2369.mp3,James Tenney_Diaphonic Trio.mp3,wrk_b10cc6a814e1e8
2370.mp3,James Tenney_Flocking.mp3,wrk_f04b20c171ccf0
2371.mp3,James Tenney_Just a Bagatelle.mp3,wrk_cbee62f94db405
2372.mp3,James Tenney_Koan for String Quartet.mp3,wrk_3f5c0ac24b938a
2373.mp3,James Tenney_Monody.mp3,wrk_34bcd9257eae4a
2374.mp3,James Tenney_Prelude and Toccata.mp3,wrk_36feed4620a2d7
2375.mp3,James Tenney_Quiet Fan for Erik Satie.mp3,wrk_c64f92aa421e6e
2376.mp3,James Tenney_Seegersong #1.mp3,wrk_4add8ddbbbc697
2377.mp3,James Tenney_Spectral CANON for CONLON Nancarrow.mp3,wrk_10d47272a30677
2378.mp3,James Tenney_Spectrum 1.mp3,wrk_329da1f2333252
2379.mp3,James Tenney_Spectrum 6.mp3,wrk_0cec63967dcf82
2380.mp3,James Tenney_String Quartet in One Movement.mp3,wrk_5432fd395782ca
2381.mp3,James Tenney_Tableaux vivants.mp3,wrk_81f570264fe4e1
2382.mp3,James Tenney_Three Indigenous Songs.mp3,wrk_32fe8f3effa8b5
2383.mp3,James Tenney_Three Pieces for Drum Quartet.mp3,wrk_8ec13e5c6e64b7
2384.mp3,James Tenney_’Scend for Scelsi.mp3,wrk_7c8ccc6f0f488c
2385.mp3,"James Wood_Crying bird, echoing star.mp3",wrk_f524afd11a424a
2386.mp3,James Wood_De telarum mechanicae.mp3,wrk_26acedc87b39e2
2387.mp3,James Wood_Rogosanti.mp3,wrk_96cd4dc46442b1
2388.mp3,James Wood_Secret Dialogues.mp3,wrk_2174df465238b0
2389.mp3,James Wood_Village Burial with Fire.mp3,wrk_8584be44fa9fa9
2390.mp3,Jason Eckardt_A way[tracing].mp3,wrk_11bed4bb547dc5
2391.mp3,Jason Eckardt_After serra.mp3,wrk_72ed0be79d3aa2
2392.mp3,Jason Eckardt_Cuts.mp3,wrk_65ef46b4c63305
2393.mp3,Jason Eckardt_Echoes' white veil.mp3,wrk_ba8782e177e3eb
2394.mp3,Jason Eckardt_Flux.mp3,wrk_8854dde0942994
2395.mp3,Jason Eckardt_Multiplicities.mp3,wrk_8fd184f9191465
2396.mp3,Jason Eckardt_Paths of resistance.mp3,wrk_87330d70da4202
2397.mp3,Jason Eckardt_Rendition.mp3,wrk_b1b879b568dedb
2398.mp3,Jason Eckardt_Sweet creature.mp3,wrk_1d2adbb88d443d
2399.mp3,Jason Eckardt_Transience.mp3,wrk_460a7c8370c9d1
2400.mp3,Jason Eckardt_Trespass.mp3,wrk_6b3349df116e89
2401.mp3,Javier Alvarez_Caracteristicas.mp3,wrk_fecd0112c3341b
2402.mp3,Javier Alvarez_Lluvia de Toritos.mp3,wrk_83e13b835b46a6
2403.mp3,Javier Alvarez_Metal de corazones.mp3,wrk_fe793119c8737f
2404.mp3,Javier Alvarez_Metal de tréboles.mp3,wrk_ebad41525ffb3f
2405.mp3,Javier Alvarez_Metro Chabacano.mp3,wrk_0270c35b1b438c
2406.mp3,Javier Alvarez_Retáctilo.mp3,wrk_d5eb9303e9cb4d
2407.mp3,Javier Alvarez_Solo de olvido un recuerdo.mp3,wrk_25a03b6e2d1746
2408.mp3,Javier Alvarez_Son-Risa.mp3,wrk_8556a24bc88604
2409.mp3,Javier Alvarez_Stillness.mp3,wrk_6d44939eaeb2de
2410.mp3,Javier Alvarez_Tientos.mp3,wrk_30e96aab0d1156
2411.mp3,Javier Alvarez_Y la máquina va.mp3,wrk_cd5ae62a61a40a
2412.mp3,Javier Elipe Gimeno_Trío.mp3,wrk_5888a8449f84b4
2413.mp3,Jean Barraqué_Solo Violin Sonata.mp3,wrk_eb9dad22deeb30
2414.mp3,Jean Barraqué_Sonate pour piano.mp3,wrk_69c08178f61afb
2415.mp3,Jean Sibelius_Aallottaret.mp3,wrk_61fca1b19c158d
2416.mp3,Jean Sibelius_Barden.mp3,wrk_ec77d13132520e
2417.mp3,Jean Sibelius_En saga.mp3,wrk_4c43f870e5a4a6
2418.mp3,Jean Sibelius_Finlandia.mp3,wrk_d445d55e97133b
2419.mp3,Jean Sibelius_In memoriam.mp3,wrk_886858608736a2
2420.mp3,Jean Sibelius_Symphonie n° 1 en mi mineur.mp3,wrk_4c541f14d865b5
2421.mp3,Jean Sibelius_Symphony No. 2 in D major.mp3,wrk_3a44bd78f4e826
2422.mp3,Jean Sibelius_Symphony No. 4 in A minor.mp3,wrk_3150e58bde6166
2423.mp3,Jean Sibelius_Tapiola.mp3,wrk_5fd3156c35d3d7
2424.mp3,Jean-Claude Eloy_Équivalences.mp3,wrk_5b47240dea4f7d
2425.mp3,Jean-François Laporte_L'Invisible piano.mp3,wrk_d6dd8d48b0340a
2426.mp3,Jean-Jacques Di Tucci_Prélude.mp3,wrk_3c68823862213a
2427.mp3,Jean-Louis Agobet_Strati.mp3,wrk_751a73264081bb
2428.mp3,Jean-Louis Florentz_L'Ange du tamaris.mp3,wrk_8df40467e973a2
2429.mp3,Jean-Louis Florentz_L'Enfant noir.mp3,wrk_b7d6c7c829af3f
2430.mp3,Jean-Louis Florentz_La Croix du sud.mp3,wrk_af021d8d3f5c32
2431.mp3,Jean-Louis Florentz_Le Songe de Lluc Alcari.mp3,wrk_614492178caeb2
2432.mp3,Jean-Luc Fafchamps_Ainsi une courbe.mp3,wrk_becc79a86f03ee
2433.mp3,Jean-Luc Fafchamps_Back to the sound.mp3,wrk_56f0dabeb6544b
2434.mp3,Jean-Luc Fafchamps_Bryce.mp3,wrk_6c184232ac8c29
2435.mp3,Jean-Luc Fafchamps_Dynamiques.mp3,wrk_f4400f97a50182
2436.mp3,Jean-Luc Hervé_Amplitude.mp3,wrk_e5003b8009d4e6
2437.mp3,Jean-Luc Hervé_Dans l'heure brève.mp3,wrk_4271e2fc74951a
2438.mp3,Jean-Luc Hervé_Intérieur Rouge.mp3,wrk_a7b1d9246b303b
2439.mp3,"Jean-Marc Singier_Fragments distincts, fouillis d'instants.mp3",wrk_9c87ba4b09d4e4
2440.mp3,Jean-Marc Singier_Septuor.mp3,wrk_40c127ea7134cc
2441.mp3,Jean-Pierre Guézec_Ensemble multicolore.mp3,wrk_dbb77b54670739
2442.mp3,Jean-Pierre Guézec_Textures enchaînées.mp3,wrk_ed78324ab415da
2443.mp3,Jean-Pierre Guézec_Trio.mp3,wrk_dc5d89e6494580
2444.mp3,Jennifer Walshe_1984 IT'S O.K.mp3,wrk_60f1b50ea60ef1
2445.mp3,Jennifer Walshe_becher.mp3,wrk_44f5e83b25af4f
2446.mp3,Jennifer Walshe_unbreakable line. hinged waist.mp3,wrk_53ba18c5ad6e02
2447.mp3,Joan Gómez Alemany_Azhan.mp3,wrk_cf4ac6ddc3c447
2448.mp3,Joan Magrané Figuera_...secreta desolación.mp3,wrk_2ec41beed3e9b7
2449.mp3,Joan Magrané Figuera_A fancy.mp3,wrk_0606682671a5c5
2450.mp3,Joan Magrané Figuera_Tres irreals omegues.mp3,wrk_3422ec2edb9ec2
2451.mp3,Joan Magrané Figuera_Via.mp3,wrk_0423662fc8828f
2452.mp3,Joanna Bailie_To be beside the seaside.mp3,wrk_c3076b42d879df
2453.mp3,Johannes Boris Borowski_Allein.mp3,wrk_cfbd4a1e741cbe
2454.mp3,Johannes Boris Borowski_Eternity.mp3,wrk_24db6fc57c035e
2455.mp3,Johannes Maria Staud_Black Moon.mp3,wrk_0b7c336435075b
2456.mp3,Johannes Maria Staud_Esquisse retouchée (Incipit 2).mp3,wrk_da256efae7c0e1
2457.mp3,Johannes Maria Staud_Im Lichte.mp3,wrk_b858b69bfb069e
2458.mp3,Johannes Maria Staud_Incipit.mp3,wrk_9e0b04ee446415
2459.mp3,Johannes Maria Staud_Maniai.mp3,wrk_8ff7174c78a077
2460.mp3,Johannes Maria Staud_Par là!.mp3,wrk_a68dae8f53f471
2461.mp3,Johannes Maria Staud_Polygon.mp3,wrk_7b3f9340788397
2462.mp3,Johannes Maria Staud_Sydenham Music.mp3,wrk_55d3b1da5d2e1b
2463.mp3,Johannes Maria Staud_Towards a Brighter Hue.mp3,wrk_2f77b9b9e7c5b9
2464.mp3,Johannes Maria Staud_Violent Incidents.mp3,wrk_424759db84d275
2465.mp3,"Johannes Maria Staud_Wheat, not oats, dear. I'm afraid.mp3",wrk_3e5a615e348461
2466.mp3,Johannes Schöllhorn_musarion.mp3,wrk_65a9005d3100a5
2467.mp3,Johannes Schöllhorn_oréade.mp3,wrk_c75faba0470999
2468.mp3,Johannes Schöllhorn_plus blanche.mp3,wrk_ee147d4d520296
2469.mp3,Johannes Schöllhorn_Tango en blanc et gris et noir.mp3,wrk_4280fb32dd23fe
2470.mp3,John Adams_American Berserk.mp3,wrk_926a14dcac38e2
2471.mp3,John Adams_Century Rolls.mp3,wrk_00e6e6f0567013
2472.mp3,John Adams_China Gates.mp3,wrk_4aa4407537e3cf
2473.mp3,John Adams_Common Tones in Simple Time.mp3,wrk_8b8b9e6d2cd9dc
2474.mp3,John Adams_Doctor Atomic Symphony.mp3,wrk_82bcdc8e91f18a
2475.mp3,John Adams_Guide to Strange Places.mp3,wrk_3e753ac3df1dc7
2476.mp3,John Adams_Hallelujah Junction.mp3,wrk_e3a3d846f0fb3f
2477.mp3,John Adams_Harmonielehre.mp3,wrk_2c8a88f8c0d45d
2478.mp3,John Adams_Lollapalooza.mp3,wrk_143a33e71eb79d
2479.mp3,John Adams_My Father Knew Charles Ives.mp3,wrk_4ec93fe4e8fa30
2480.mp3,John Adams_Phrygian Gates.mp3,wrk_c5f49ded08c884
2481.mp3,John Adams_Road Movies.mp3,wrk_e5a42c739541f9
2482.mp3,John Adams_Saxophone Concerto.mp3,wrk_f52e393247e85d
2483.mp3,John Adams_Scheherazade.2.mp3,wrk_f9573aafb6d4ac
2484.mp3,John Adams_Shaker Loops.mp3,wrk_ecd4cd7b97155a
2485.mp3,John Cage_A Book of Music.mp3,wrk_cd6f6a866bae8b
2486.mp3,John Cage_A Room.mp3,wrk_c4e41d7c398c52
2487.mp3,John Cage_A Valentine out of season.mp3,wrk_bbd32e101816b5
2488.mp3,John Cage_Ad Lib.mp3,wrk_b197edc67b4905
2489.mp3,John Cage_Amores.mp3,wrk_f07d27eb8384b1
2490.mp3,John Cage_And The Earth Shall Bear Again.mp3,wrk_f8e128fda71c68
2491.mp3,John Cage_Bacchanale.mp3,wrk_8a4d30fd7a178f
2492.mp3,John Cage_Chess Pieces.mp3,wrk_79de79f47fee16
2493.mp3,John Cage_Concerto for Prepared Piano.mp3,wrk_321e6ee32ffaae
2494.mp3,John Cage_Daughters of the Lonesome Isle.mp3,wrk_c2f0f98c2aceec
2495.mp3,John Cage_Dream.mp3,wrk_e09e449337f9df
2496.mp3,John Cage_Fifty-Eight.mp3,wrk_c854cbd8a470ac
2497.mp3,John Cage_First Construction in Metal.mp3,wrk_caea6c7be1afd0
2498.mp3,John Cage_Five2.mp3,wrk_dfa926f5eced24
2499.mp3,John Cage_Five4.mp3,wrk_ba0eb9e35fc20a
2500.mp3,John Cage_Five5.mp3,wrk_8dcaf42492a6a7
2501.mp3,John Cage_For M.C. and D.T.mp3,wrk_39e10446547cc2
2502.mp3,John Cage_Four.mp3,wrk_4c622506ab9606
2503.mp3,John Cage_Four5.mp3,wrk_78d20beaccf42d
2504.mp3,John Cage_Furniture Music Etcetera.mp3,wrk_4df53d8872b9b1
2505.mp3,John Cage_Haikai.mp3,wrk_f5b83255efd654
2506.mp3,John Cage_Imaginary landscape No 3.mp3,wrk_54b56fbd521e2a
2507.mp3,"John Cage_Imaginary Landscape No. 2, March No. 1.mp3",wrk_b6442de3ad86b0
2508.mp3,John Cage_In a landscape.mp3,wrk_91757737bf8496
2509.mp3,John Cage_In the Name of the Holocaust.mp3,wrk_3769e2d9d9528e
2510.mp3,John Cage_Jazz Study.mp3,wrk_bdb80797ceafb0
2511.mp3,John Cage_Metamorphosis.mp3,wrk_e4d9a35b07f97d
2512.mp3,John Cage_Music for Marcel Duchamp.mp3,wrk_f2fb35cdcf9030
2513.mp3,John Cage_Music of Changes.mp3,wrk_c3ed70db1bebc7
2514.mp3,John Cage_Mysterious Adventure.mp3,wrk_8fece1c90fa31a
2515.mp3,John Cage_Nocturne for violin and piano.mp3,wrk_75b88242f9ab45
2516.mp3,John Cage_One.mp3,wrk_82158243bf342a
2517.mp3,John Cage_One4.mp3,wrk_ec43bb1d774d2f
2518.mp3,John Cage_One5.mp3,wrk_5036951d3b8fd4
2519.mp3,John Cage_One6.mp3,wrk_b0d612d31b7a50
2520.mp3,John Cage_Ophelia.mp3,wrk_b86e1d05570db3
2521.mp3,John Cage_Our Spring Will Come.mp3,wrk_85e8e31c027096
2522.mp3,John Cage_Prelude for Meditation.mp3,wrk_9ff3358c1e3428
2523.mp3,John Cage_Primitive.mp3,wrk_2f5bfd94435031
2524.mp3,John Cage_Root of an Unfocus.mp3,wrk_27706b262aa3b6
2525.mp3,John Cage_Seven.mp3,wrk_d7e7f0ddb207e1
2526.mp3,John Cage_Seven2.mp3,wrk_4c8bfc278bc405
2527.mp3,John Cage_Seventy-Four.mp3,wrk_e601fa431243a1
2528.mp3,John Cage_Six melodies.mp3,wrk_9be012bc256f70
2529.mp3,John Cage_Sixty-Eight.mp3,wrk_c9a7741f571106
2530.mp3,John Cage_Soliloquy.mp3,wrk_37314304c9e6a8
2531.mp3,John Cage_Sonata for clarinet.mp3,wrk_d64c492391d91e
2532.mp3,John Cage_Sonatas and interludes.mp3,wrk_95714ea7136fa5
2533.mp3,John Cage_Spontaneous Earth.mp3,wrk_62b3f863e3d1b5
2534.mp3,John Cage_String Quartet in Four Parts.mp3,wrk_26ff288160e40c
2535.mp3,John Cage_Suite for toy piano.mp3,wrk_43576c94ee3954
2536.mp3,John Cage_The Perilous Night.mp3,wrk_99cbda1a4312ac
2537.mp3,John Cage_Thirteen Harmonies.mp3,wrk_f9acb9230ed1be
2538.mp3,John Cage_Thirteen.mp3,wrk_97684f1f184a53
2539.mp3,John Cage_Thirty pieces for string quartet.mp3,wrk_329b336ee04b67
2540.mp3,John Cage_Three Easy Pieces.mp3,wrk_8a29a9f31efb24
2541.mp3,John Cage_Three2.mp3,wrk_1a6e142f35b1c8
2542.mp3,John Cage_Tossed As It Is Untrouble.mp3,wrk_ab826736df79c2
2543.mp3,John Cage_Totem Ancestor.mp3,wrk_2a464e192a4980
2544.mp3,John Cage_Two Pastorales.mp3,wrk_36c20ef5c80a7d
2545.mp3,John Cage_Two.mp3,wrk_a5323682533b94
2546.mp3,John Cage_Two5.mp3,wrk_2a6afa9a4cf837
2547.mp3,John Cage_Two6.mp3,wrk_22c1c97d74d599
2548.mp3,John Cage_Waiting.mp3,wrk_3e36234c23e0b7
2549.mp3,John Luther Adams_After the Light.mp3,wrk_cb2b4f4ed90616
2550.mp3,John Luther Adams_Always Very Soft.mp3,wrk_734d2cb19b3d77
2551.mp3,John Luther Adams_Among Red Mountains.mp3,wrk_698bf12fba5537
2552.mp3,"John Luther Adams_Clouds of Forgetting, Clouds of Unknowing.mp3",wrk_02236b5c9e9cb0
2553.mp3,John Luther Adams_Dark Wind.mp3,wrk_e6cb178e74b865
2554.mp3,John Luther Adams_Dream in White On White.mp3,wrk_8947b0fa6063d7
2555.mp3,"John Luther Adams_In a Treeless Place, Only Snow.mp3",wrk_2781650eecd00f
2556.mp3,John Luther Adams_Nunataks (Solitary Peaks).mp3,wrk_fd62e8181060df
2557.mp3,John Luther Adams_Qilyaun.mp3,wrk_e73ef27969cf59
2558.mp3,John Luther Adams_Sauyatugvik - The Time of Drumming.mp3,wrk_1c02ab856254a7
2559.mp3,John Luther Adams_Strange and Sacred Noise.mp3,wrk_220d5483117c03
2560.mp3,John Luther Adams_The Farthest Place.mp3,wrk_8db0724a106424
2561.mp3,John Luther Adams_The Light That Fills the World.mp3,wrk_87e1c06a524ee0
2562.mp3,John Luther Adams_…and bells remembered….mp3,wrk_d35e49c4a94c1f
2563.mp3,John Zorn_.·. (fay çe que vouldras).mp3,wrk_26e99536a5d942
2564.mp3,John Zorn_All Hallows' Eve.mp3,wrk_d2b6ed3db11bab
2565.mp3,John Zorn_Anima.mp3,wrk_0c429be5fd83b1
2566.mp3,John Zorn_Antiphonal Fanfare for the Great Hall.mp3,wrk_e00709b5f67df5
2567.mp3,John Zorn_Bateau Ivre.mp3,wrk_432ee22106ce56
2568.mp3,John Zorn_Carny.mp3,wrk_f432eece740657
2569.mp3,John Zorn_Cat O' Nine Tails.mp3,wrk_3b977a2edad851
2570.mp3,John Zorn_Christabel.mp3,wrk_637483a0e624fd
2571.mp3,John Zorn_Contes de Fées.mp3,wrk_4bb0b694ea3cda
2572.mp3,John Zorn_Ghosts.mp3,wrk_852a8f9eebb50e
2573.mp3,John Zorn_Harlequin.mp3,wrk_b0defcd88a8890
2574.mp3,John Zorn_Merlin.mp3,wrk_c70d5b84ca3343
2575.mp3,John Zorn_Occam's Razor.mp3,wrk_84276d3aa1ec40
2576.mp3,John Zorn_Orphée.mp3,wrk_76cb548941c448
2577.mp3,John Zorn_Ouroboros.mp3,wrk_e02fefb6efda0c
2578.mp3,John Zorn_Palimpsest.mp3,wrk_51a93c8f3b03e4
2579.mp3,John Zorn_Road Runner.mp3,wrk_01d9165aa72fb8
2580.mp3,John Zorn_Shibboleth.mp3,wrk_a2daf12cf9d1fe
2581.mp3,John Zorn_Sortilège.mp3,wrk_50819ef7e95c50
2582.mp3,John Zorn_The Aristos.mp3,wrk_5ae2e763ecc74f
2583.mp3,John Zorn_The Dead Man.mp3,wrk_e09a772e87408c
2584.mp3,John Zorn_The Nymphs.mp3,wrk_8ea8a0a95e5057
2585.mp3,John Zorn_The Remedy of Fortune.mp3,wrk_7dccdad4cb63c0
2586.mp3,John Zorn_The Tempest.mp3,wrk_b53dd1eb9030ec
2587.mp3,Jonathan Dove_Christ unser Herr zum Jordan kam.mp3,wrk_b67021d2a82e48
2588.mp3,Jonathan Dove_Gaia Theory.mp3,wrk_3b580531474f26
2589.mp3,Jonathan Dove_Music for a Lovelorn Lenanshee.mp3,wrk_6a53f415b26e5a
2590.mp3,Jonathan Dove_Niagara.mp3,wrk_9a5533e5a87031
2591.mp3,Jonathan Dove_Out of Time.mp3,wrk_7a60d5f4434c9c
2592.mp3,Jonathan Dove_Piano Quintet.mp3,wrk_7413931470cf31
2593.mp3,Jonathan Dove_Prayer-wheel.mp3,wrk_4f5478a78d88eb
2594.mp3,Jonathan Dove_Run to the Edge.mp3,wrk_6c4f7eee68ed86
2595.mp3,Jonathan Dove_Stargazer.mp3,wrk_bdc578a7dad17c
2596.mp3,Jonathan Dove_The Dancing Pipes.mp3,wrk_a8024ff5306c55
2597.mp3,Jonathan Harvey_...towards a pure land.mp3,wrk_cd9644d4893f85
2598.mp3,Jonathan Harvey_Body Mandala.mp3,wrk_002eecc1bbde85
2599.mp3,Jonathan Harvey_Curve with plateaux.mp3,wrk_39e23ff43c27e3
2600.mp3,Jonathan Harvey_Flight Elegy.mp3,wrk_4aa9478abe3d77
2601.mp3,Jonathan Harvey_Jubilus.mp3,wrk_c34b2fc75fd84c
2602.mp3,Jonathan Harvey_Little duo.mp3,wrk_d58a24f42ea6df
2603.mp3,Jonathan Harvey_Lotuses.mp3,wrk_ca03d4ba97065d
2604.mp3,Jonathan Harvey_Run Before Lightning.mp3,wrk_c6fb6ea452f628
2605.mp3,Jonathan Harvey_Scena.mp3,wrk_f5cfb63a937b30
2606.mp3,Jonathan Harvey_Sringara Chaconne.mp3,wrk_3ea0664cd7daf2
2607.mp3,Jonathan Harvey_String Quartet No 1.mp3,wrk_5204c5622a6e32
2608.mp3,Jonathan Harvey_String Quartet No 3.mp3,wrk_2078f6abd97d70
2609.mp3,Jonathan Harvey_String Trio.mp3,wrk_5f18f2292940e6
2610.mp3,Jonathan Harvey_Symphony.mp3,wrk_90c53f1bb5220a
2611.mp3,Jonathan Harvey_Transformations Of 'Love Bade Me Welcome'.mp3,wrk_0dd3dc4553dcbd
2612.mp3,Jorge Torres Sáenz_Cold-wind Garden.mp3,wrk_1b8388a99ea6b7
2613.mp3,Jorge Torres Sáenz_El Mundo según Shitao.mp3,wrk_35f0937a9fff27
2614.mp3,Jorge Torres Sáenz_La Venus se va de juerga.mp3,wrk_a4340e34187737
2615.mp3,Jorge Torres Sáenz_Vega.mp3,wrk_463eab986f0b0d
2616.mp3,Jorge Torres Sáenz_“...y entreabro la puerta del jardín de los muertos”.mp3,wrk_d6d37736b9562a
2617.mp3,"Josh Levine_Four places, many more times.mp3",wrk_dad7e80f49358f
2618.mp3,Joshua Fineberg_Tremors.mp3,wrk_54d834c7a47def
2619.mp3,Joshua Fineberg_…a ripple-ringed pool….mp3,wrk_a4e72bb2645074
2620.mp3,José Manuel López López_African Winds III.mp3,wrk_3997541816ab24
2621.mp3,José Manuel López López_African Winds.mp3,wrk_622a198bc23e33
2622.mp3,José Manuel López López_Apprentissages de l’exil.mp3,wrk_6a8d0803daf834
2623.mp3,José Manuel López López_Aquilea.mp3,wrk_6d0cc5f6fe2b05
2624.mp3,José Manuel López López_Bien à toi.mp3,wrk_0fbd8b2ddc4a3b
2625.mp3,José Manuel López López_Black ink.mp3,wrk_23964905f83bf8
2626.mp3,José Manuel López López_Concierto para piano y orquesta.mp3,wrk_a234903b649072
2627.mp3,José Manuel López López_Cálculo secreto.mp3,wrk_1c0ddc2861f87d
2628.mp3,José Manuel López López_El margen de indefinicion.mp3,wrk_77e59456221d2b
2629.mp3,José Manuel López López_Impresiones y paisajes.mp3,wrk_8b866ac6353a1e
2630.mp3,José Manuel López López_Japan Winds.mp3,wrk_cb4337400a87dd
2631.mp3,José Manuel López López_SIMOG-CIVITELLA.mp3,wrk_1ac877302596e1
2632.mp3,José Manuel López López_Trio III.mp3,wrk_0432f486a3b9c4
2633.mp3,José Manuel López López_Violin Concerto.mp3,wrk_857957ac468cb4
2634.mp3,José María Sánchez-Verdú_arquitecturas del eco.mp3,wrk_fcd154a10973e4
2635.mp3,José María Sánchez-Verdú_Arquitecturas del silencio.mp3,wrk_15c181cc52be89
2636.mp3,José María Sánchez-Verdú_Bagatellen.mp3,wrk_6df7d48f784ee8
2637.mp3,José María Sánchez-Verdú_Cuaderno de Friedenau.mp3,wrk_d0ff778ec3a2ae
2638.mp3,José María Sánchez-Verdú_Dhamar.mp3,wrk_70b4e54dedc2a7
2639.mp3,José María Sánchez-Verdú_El amor y la muerte.mp3,wrk_1b3c7e1c21ee7e
2640.mp3,José María Sánchez-Verdú_El sueño de la razón produce monstruos.mp3,wrk_1f6941f8b701a0
2641.mp3,José María Sánchez-Verdú_Elogio del tránsito.mp3,wrk_51afc4f37989ff
2642.mp3,José María Sánchez-Verdú_Estudio Nº 2.mp3,wrk_cd4999ae9e990c
2643.mp3,José María Sánchez-Verdú_Hekkan III.mp3,wrk_280da908442d05
2644.mp3,José María Sánchez-Verdú_KHÔRA I.mp3,wrk_7cd9fbe3170d63
2645.mp3,José María Sánchez-Verdú_Kitab 1.mp3,wrk_14a5eca4e094a6
2646.mp3,José María Sánchez-Verdú_Kitab 2.mp3,wrk_a5a28cd889c7d2
2647.mp3,José María Sánchez-Verdú_Kitab 3.mp3,wrk_e00aafe7cd0f13
2648.mp3,José María Sánchez-Verdú_Mural.mp3,wrk_af4f94a92c3f2b
2649.mp3,José María Sánchez-Verdú_Nada.mp3,wrk_a23b35850c1c53
2650.mp3,José María Sánchez-Verdú_Paisajes del placer y de la culpa.mp3,wrk_69f9271867a4b5
2651.mp3,José María Sánchez-Verdú_Tres caprichos.mp3,wrk_2cb78b9fb582ed
2652.mp3,José María Sánchez-Verdú_Volaverunt.mp3,wrk_e00be53f863706
2653.mp3,José Río‑Pareja_Marginal.mp3,wrk_91c1ee7f0ce56b
2654.mp3,José Río‑Pareja_Parhelia.mp3,wrk_71f23bf08da548
2655.mp3,Jug Marković_Fleece Beats.mp3,wrk_73d79eb10f948c
2656.mp3,Jug Marković_Madrigal.mp3,wrk_50dd943bdb603e
2657.mp3,Jug Marković_Neon Seed.mp3,wrk_4b3f8080ba0799
2658.mp3,Jug Marković_SOVA.mp3,wrk_4da6601d5c8b6f
2659.mp3,Jug Marković_Vokativ.mp3,wrk_9c113852af7142
2660.mp3,Juha T. Koskinen_erBa.mp3,wrk_5314570b42f738
2661.mp3,Juha T. Koskinen_Foco interno.mp3,wrk_36fbb25aabe39e
2662.mp3,Juha T. Koskinen_Seelenverkreuzt.mp3,wrk_69110722e92830
2663.mp3,Julia Purgina_From Bacon. From Muybridge. The Human Figure in Motion.mp3,wrk_7b99cd8c6d2b3c
2664.mp3,Julia Purgina_Kammermusik II.mp3,wrk_688390ab935a50
2665.mp3,Julia Wolfe_Cha.mp3,wrk_ccc3d16e171c7a
2666.mp3,Julia Wolfe_Cruel Sister.mp3,wrk_aba27c583b3c2f
2667.mp3,Julia Wolfe_Dark Full Ride.mp3,wrk_c295e8d264a5a5
2668.mp3,Julia Wolfe_Dig Deep.mp3,wrk_f8e2b0be45b77d
2669.mp3,Julia Wolfe_Earring.mp3,wrk_d844cc8f692f7b
2670.mp3,Julia Wolfe_Four Marys.mp3,wrk_b083d58da0dcb5
2671.mp3,Julia Wolfe_Fuel.mp3,wrk_219d815e02aa7c
2672.mp3,Julia Wolfe_Lad.mp3,wrk_80b24df2b3f409
2673.mp3,Julia Wolfe_Oxygen.mp3,wrk_aa3b74aa5e1685
2674.mp3,Julia Wolfe_Pretty.mp3,wrk_5de9422626acad
2675.mp3,Julia Wolfe_Retrieve.mp3,wrk_aa3ada8f2e7e56
2676.mp3,Julia Wolfe_singing in the dead of night.mp3,wrk_06823fbbe54591
2677.mp3,Julia Wolfe_Stronghold.mp3,wrk_7145b5c26b2b38
2678.mp3,Julia Wolfe_Tell me everything.mp3,wrk_e479fc1c60df97
2679.mp3,Julia Wolfe_The Vermeer Room.mp3,wrk_bc6293b8db2ede
2680.mp3,Julia Wolfe_Wind in my Hair.mp3,wrk_9a7d21d4b86850
2681.mp3,Juliana Hodkinson_Jounce.mp3,wrk_8dc9474dc8a30b
2682.mp3,Juliana Hodkinson_Lightness.mp3,wrk_3375a339715fd4
2683.mp3,Juliana Hodkinson_Why linger you trembling in your shell.mp3,wrk_51a58731a825e0
2684.mp3,Julio Estrada_Canto tejido.mp3,wrk_3c18bdbe9d9fad
2685.mp3,Julio Estrada_Ishini'ioni.mp3,wrk_8d36222c4ae380
2686.mp3,Julio Estrada_yuunohui’nahui.mp3,wrk_c2bab137208a27
2687.mp3,Julio Estrada_yuunohui’se.mp3,wrk_b67ef61168fda6
2688.mp3,Julius Eastman_Piano 2.mp3,wrk_46d8b1405cf57a
2689.mp3,Julius Eastman_The Holy Presence of Joan d'Arc.mp3,wrk_05a75a40d7fe17
2690.mp3,Julius Eastman_Touch Him When.mp3,wrk_afc8d75a8d33af
2691.mp3,Julián Carrillo_Two Sketches.mp3,wrk_9ddb895b1a2054
2692.mp3,Justina Repečkaitė_Acupuncture.mp3,wrk_a6b36859cb2df4
2693.mp3,Justina Repečkaitė_Ciclo Continuo.mp3,wrk_1e6a71399e7aff
2694.mp3,Justina Repečkaitė_Datura.mp3,wrk_560a14c1f2c0ba
2695.mp3,Justina Repečkaitė_Pulsus Flatus Vox.mp3,wrk_f0df9bc8543708
2696.mp3,Justina Repečkaitė_Stalactite.mp3,wrk_31dced0226b032
2697.mp3,Justina Repečkaitė_Tapisserie.mp3,wrk_ae86c182110107
2698.mp3,Justina Repečkaitė_Unbenannt-2.mp3,wrk_b88cb1dec203d6
2699.mp3,Justė Janulytė_Apnea.mp3,wrk_02adfe7114bc15
2700.mp3,Justė Janulytė_Aria.mp3,wrk_1885d8e758ce62
2701.mp3,Justė Janulytė_Confluere.mp3,wrk_18dad68e6e8f2f
2702.mp3,Justė Janulytė_Psalms.mp3,wrk_72d1f2732fe680
2703.mp3,Justė Janulytė_The Colour of Water.mp3,wrk_2740a921f4421c
2704.mp3,Justė Janulytė_Unanime.mp3,wrk_fc67dc1af01d40
2705.mp3,Jérôme Combier_Dog eat dog.mp3,wrk_965ecae480bb6a
2706.mp3,Jérôme Combier_Embâcle.mp3,wrk_eca9ec3f2ac5f1
2707.mp3,Jérôme Combier_Parler longuement de fantômes.mp3,wrk_011a4338ad9208
2708.mp3,Jérôme Combier_Wood and bones.mp3,wrk_8b98f317dd7010
2709.mp3,Jörg Widmann_180 beats per minute.mp3,wrk_be6ea02ae88c96
2710.mp3,Jörg Widmann_7 Capricci.mp3,wrk_2e9e1fb356ebd7
2711.mp3,Jörg Widmann_ad absurdum.mp3,wrk_703f7034f748fb
2712.mp3,Jörg Widmann_Air.mp3,wrk_f2e4ef4b4dea09
2713.mp3,Jörg Widmann_Armonica.mp3,wrk_6aeddbc5fb1305
2714.mp3,Jörg Widmann_Bunte Blätter.mp3,wrk_b2e499925bd56d
2715.mp3,Jörg Widmann_Choralquartett.mp3,wrk_6a888622bd2a9b
2716.mp3,Jörg Widmann_Dubairische Tänze.mp3,wrk_999a669d2c0fd8
2717.mp3,Jörg Widmann_Es war einmal.mp3,wrk_79855b823b1a09
2718.mp3,Jörg Widmann_Fantasie.mp3,wrk_835d10fde56041
2719.mp3,Jörg Widmann_Fieberphantasie.mp3,wrk_aff1c2665213f1
2720.mp3,Jörg Widmann_Freie Stücke.mp3,wrk_daa11ab93e1b9b
2721.mp3,Jörg Widmann_Fünf Bruchstücke.mp3,wrk_1a0d5baabbdb6d
2722.mp3,Jörg Widmann_Geburtstagswalzer.mp3,wrk_ca5a0d5b16adf1
2723.mp3,Jörg Widmann_Hallstudie.mp3,wrk_94e0ed09c583e8
2724.mp3,Jörg Widmann_Ikarische Klage.mp3,wrk_335cb3c2edf6e5
2725.mp3,Jörg Widmann_Implosion.mp3,wrk_7d7b768f2b1270
2726.mp3,Jörg Widmann_Intermezzi.mp3,wrk_b4993b502f52d1
2727.mp3,Jörg Widmann_Jagdquartett.mp3,wrk_4518d58d7e3588
2728.mp3,Jörg Widmann_Lichtstudie III.mp3,wrk_c4af20e46fb58d
2729.mp3,Jörg Widmann_Liebeslied.mp3,wrk_39e42fd8218760
2730.mp3,Jörg Widmann_Lied.mp3,wrk_381dd8c9ed132e
2731.mp3,Jörg Widmann_Messe.mp3,wrk_7272918df63e17
2732.mp3,Jörg Widmann_Nachtstück.mp3,wrk_1f77a06398fca7
2733.mp3,Jörg Widmann_Oboenkonzert.mp3,wrk_9a674dde9320c4
2734.mp3,Jörg Widmann_Oktett.mp3,wrk_0b9e1f6772952d
2735.mp3,Jörg Widmann_Quintett.mp3,wrk_121d1c7b9ae53f
2736.mp3,Jörg Widmann_Sonatina facile.mp3,wrk_a11df1799b0d6f
2737.mp3,Jörg Widmann_String Quartet No. 9.mp3,wrk_0125d96eee0e53
2738.mp3,Jörg Widmann_Violin Concerto No. 2.mp3,wrk_32d893b04dd6d7
2739.mp3,Jürg Frey_2 Stücke.mp3,wrk_01ea16d4cc565a
2740.mp3,Jürg Frey_Brachland.mp3,wrk_238c55b3075c83
2741.mp3,Jürg Frey_circular music no. 7.mp3,wrk_6379ed5117e78a
2742.mp3,"Jürg Frey_Continuité, fragilité, résonance.mp3",wrk_74489d538678e8
2743.mp3,Jürg Frey_entre les deux l'instant.mp3,wrk_e032542e2bbab4
2744.mp3,Jürg Frey_extended circular music no. 4.mp3,wrk_0fe7c44a0b9a06
2745.mp3,Jürg Frey_extended circular music no. 7.mp3,wrk_9342851b04aae0
2746.mp3,Jürg Frey_Glafsered I.mp3,wrk_a2e20c9a65f341
2747.mp3,Jürg Frey_grizzana.mp3,wrk_f04c844d4bbd25
2748.mp3,"Jürg Frey_la présence, les silences.mp3",wrk_74e6d48e142618
2749.mp3,Jürg Frey_Le poids d'ombre.mp3,wrk_791454e8494bb1
2750.mp3,Jürg Frey_Leichte Bewegung im Grenzenlosen.mp3,wrk_d2175684f28e41
2751.mp3,Jürg Frey_Les tréfonds inexplorés des signes 20.mp3,wrk_198a93e21ff846
2752.mp3,Jürg Frey_miniature in five parts.mp3,wrk_7b96a716654147
2753.mp3,Jürg Frey_Mit Schweigen wird's gesprochen 2.mp3,wrk_7846ede4ba9a50
2754.mp3,Jürg Frey_Paysage pour Gustave Roud.mp3,wrk_b242f58f9561cf
2755.mp3,"Jürg Frey_pianist, alone.mp3",wrk_2117506feb9a0f
2756.mp3,Jürg Frey_Streichquartett 2.mp3,wrk_92c4aef7ef5c0f
2757.mp3,Jürg Frey_Streichquartett.mp3,wrk_b3ff40825d713f
2758.mp3,Jürg Frey_Unhörbare Zeit.mp3,wrk_47ff4d49c58fa0
2759.mp3,Jürg Frey_Wen 23.mp3,wrk_ba8bc4edf35e1f
2760.mp3,Jürg Frey_Wen 25.mp3,wrk_0ae3189ab9c3b1
2761.mp3,Jürg Frey_Wen 27.mp3,wrk_2d18e83032acee
2762.mp3,Jürg Frey_Wen 42.mp3,wrk_6214cfb8a10a5a
2763.mp3,Jürg Frey_Wen 47.mp3,wrk_d4c6e98fd74bd4
2764.mp3,Jürg Frey_Wen 48.mp3,wrk_9acdead102d6a8
2765.mp3,Jōji Yuasa_A Winter Day.mp3,wrk_e793d9673732f8
2766.mp3,Jōji Yuasa_Cosmos Haptic II.mp3,wrk_e7ca4857f4c15e
2767.mp3,Jōji Yuasa_Mai-Bataraki II.mp3,wrk_cafebb5b343db0
2768.mp3,Jōji Yuasa_My Blue Sky No. 3.mp3,wrk_f6b8ac060a19b6
2769.mp3,Jōji Yuasa_Revealed Time.mp3,wrk_f724784c121f41
2770.mp3,Jōji Yuasa_Terms of Temporal Detailing.mp3,wrk_6490158338983a
2771.mp3,Jōji Yuasa_Violin Concerto.mp3,wrk_4b3d4e857b4cc8
2772.mp3,Kaija Saariaho_Aile du Songe.mp3,wrk_a6d66e630b2c2d
2773.mp3,Kaija Saariaho_Arabesques et adages.mp3,wrk_e62dd9c7f2aa45
2774.mp3,Kaija Saariaho_Asteroid 4179 - Toutatis.mp3,wrk_23bb59c13181d9
2775.mp3,Kaija Saariaho_Aure.mp3,wrk_79c20ddc2fbd4b
2776.mp3,Kaija Saariaho_Bon vent.mp3,wrk_6e89ef572ba005
2777.mp3,Kaija Saariaho_Cendres.mp3,wrk_f92937d1c90a9f
2778.mp3,Kaija Saariaho_Ciel d'hiver.mp3,wrk_a7c04bd4c07d67
2779.mp3,Kaija Saariaho_Cloud Trio.mp3,wrk_717c1c27299540
2780.mp3,Kaija Saariaho_Couleurs du vent.mp3,wrk_ca13cb9a277698
2781.mp3,Kaija Saariaho_D'OM LE VRAI SENS.mp3,wrk_3d974d6054a679
2782.mp3,Kaija Saariaho_Dolce tormento.mp3,wrk_53adefbf05bdfd
2783.mp3,Kaija Saariaho_Duft.mp3,wrk_b74bb370566f78
2784.mp3,Kaija Saariaho_Figura.mp3,wrk_631769215253c8
2785.mp3,Kaija Saariaho_HUSH.mp3,wrk_f76d1111764c55
2786.mp3,Kaija Saariaho_Im Traume.mp3,wrk_2a9c839ab7805c
2787.mp3,Kaija Saariaho_Laconisme de l'aile.mp3,wrk_d0ecba30a30715
2788.mp3,Kaija Saariaho_Light and Matter.mp3,wrk_470b13b98c924d
2789.mp3,Kaija Saariaho_Light still and moving.mp3,wrk_9c871b95c300f4
2790.mp3,Kaija Saariaho_Lullaby.mp3,wrk_cb9e26875c5855
2791.mp3,Kaija Saariaho_Lumière et Pesanteur.mp3,wrk_671b63b21f96b2
2792.mp3,Kaija Saariaho_Nocturne.mp3,wrk_f4f6d14fa09fe8
2793.mp3,Kaija Saariaho_Notes on light.mp3,wrk_973337999c9a4e
2794.mp3,Kaija Saariaho_Nymphea Reflection.mp3,wrk_1302da8aeff70f
2795.mp3,Kaija Saariaho_Oi kuu.mp3,wrk_abe2a5b35dfb69
2796.mp3,Kaija Saariaho_Prelude.mp3,wrk_5494a9d36090e4
2797.mp3,Kaija Saariaho_Semafor.mp3,wrk_72bce51495dd2d
2798.mp3,Kaija Saariaho_Spins and Spells.mp3,wrk_399980c1ccd6b2
2799.mp3,Kaija Saariaho_Terra Memoria.mp3,wrk_9d16a40b3a1b64
2800.mp3,Kaija Saariaho_Terrestre.mp3,wrk_a4528e78d4d529
2801.mp3,Kaija Saariaho_Trans.mp3,wrk_eccf6a971b843c
2802.mp3,Kaija Saariaho_Trois rivières.mp3,wrk_12e86a9bf42a20
2803.mp3,Kaija Saariaho_Vista.mp3,wrk_bb0cd7ba1c4098
2804.mp3,Karim Haddad_... and I have tried to keep them from falling.mp3,wrk_991ce60b6c3689
2805.mp3,Karl Amadeus Hartmann_Concerto funebre.mp3,wrk_b5f7f9f10ba944
2806.mp3,Karl Amadeus Hartmann_Klagegesang.mp3,wrk_b74ca1245ec57f
2807.mp3,Karl Amadeus Hartmann_Sonata No. 1.mp3,wrk_53d8dd7ad5dfbb
2808.mp3,Karl Amadeus Hartmann_String Quartet No. 1.mp3,wrk_c4ae2176f83be8
2809.mp3,Karl Amadeus Hartmann_String Quartet No. 2.mp3,wrk_4a3684b30a0209
2810.mp3,Karl Amadeus Hartmann_Symphonische Hymnen.mp3,wrk_e08db60a08ca90
2811.mp3,Karl Amadeus Hartmann_Symphony No. 2 - Adagio.mp3,wrk_c0bf9a6691b3df
2812.mp3,Karl Amadeus Hartmann_Symphony No. 3.mp3,wrk_4d930207fd8f5d
2813.mp3,Karl Amadeus Hartmann_Symphony No. 4.mp3,wrk_72dd6a49e6b388
2814.mp3,Karl Amadeus Hartmann_Symphony No. 5 - Symphony-Concerto.mp3,wrk_f5155c7896433f
2815.mp3,Karl Amadeus Hartmann_Symphony No. 6.mp3,wrk_ff921d12cfb85a
2816.mp3,Karl Amadeus Hartmann_Symphony No. 7.mp3,wrk_1106421b49710a
2817.mp3,Karl Amadeus Hartmann_Symphony No. 8.mp3,wrk_19291dee1e8a92
2818.mp3,Karlheinz Stockhausen_Adieu.mp3,wrk_e0a35296c48f7d
2819.mp3,Karlheinz Stockhausen_Der Kleine Harlekin.mp3,wrk_583314a67c50e2
2820.mp3,Karlheinz Stockhausen_Erwachen.mp3,wrk_571c0edac59d92
2821.mp3,Karlheinz Stockhausen_Flautina.mp3,wrk_785c0f3918df77
2822.mp3,Karlheinz Stockhausen_Freude.mp3,wrk_491d01567c0d30
2823.mp3,Karlheinz Stockhausen_Gruppen.mp3,wrk_f9f2c76d9ed200
2824.mp3,Karlheinz Stockhausen_Harlekin.mp3,wrk_a70564a1dc1f9c
2825.mp3,Karlheinz Stockhausen_Hoffnung.mp3,wrk_b50623ffda026e
2826.mp3,Karlheinz Stockhausen_In Freundschaft.mp3,wrk_90e8f08380d44d
2827.mp3,Karlheinz Stockhausen_Klavierstück V.mp3,wrk_3d5787132ed84a
2828.mp3,Karlheinz Stockhausen_Klavierstück VII.mp3,wrk_90d43d03112037
2829.mp3,Karlheinz Stockhausen_Klavierstück VIII.mp3,wrk_4735efc3895b32
2830.mp3,Karlheinz Stockhausen_Klavierstück XI.mp3,wrk_fef7f5c04747d1
2831.mp3,Karlheinz Stockhausen_Klavierstücke I-IV.mp3,wrk_a93c632f1d7406
2832.mp3,Karlheinz Stockhausen_Knabenduett.mp3,wrk_b0bb1549888869
2833.mp3,Karlheinz Stockhausen_Kontra-Punkte.mp3,wrk_1eb19e224fb987
2834.mp3,Karlheinz Stockhausen_Kreuzspiel.mp3,wrk_3b2c92286b199b
2835.mp3,Karlheinz Stockhausen_Piccolo.mp3,wrk_16a29d173a1ba9
2836.mp3,Karlheinz Stockhausen_Schönheit.mp3,wrk_7463614cd52ec4
2837.mp3,Karlheinz Stockhausen_Zyklus.mp3,wrk_a2f0f688283ff7
2838.mp3,Karol Szymanowski_Mythes.mp3,wrk_7313027e683014
2839.mp3,Kazimierz Serocki_A piacere.mp3,wrk_59f78b4f780504
2840.mp3,Kazimierz Serocki_Continuum.mp3,wrk_d2d140b908d153
2841.mp3,Kazimierz Serocki_Dramatic story.mp3,wrk_7966096a238bc3
2842.mp3,Kazimierz Serocki_Fantasia elegiaca.mp3,wrk_b81be31358d408
2843.mp3,Kazimierz Serocki_Fantasmagoria.mp3,wrk_01ca54ad4ccc3b
2844.mp3,Kazimierz Serocki_Forte e piano.mp3,wrk_b6f2727afca656
2845.mp3,Kazimierz Serocki_Freski symfoniczne.mp3,wrk_0efd045176ae6c
2846.mp3,Kazimierz Serocki_Impromptu fantasque.mp3,wrk_6f7c34b80ceeb0
2847.mp3,Kazimierz Serocki_Musica concertante.mp3,wrk_6dee1622e64cd5
2848.mp3,Kazimierz Serocki_Sinfonietta per due orchestre d'archi.mp3,wrk_6ed2dc24447ed8
2849.mp3,Kazimierz Serocki_Sonata.mp3,wrk_e82d860ef3d609
2850.mp3,Kazimierz Serocki_Swinging Music.mp3,wrk_2df447643d340c
2851.mp3,Kenji Sakai_Osmosis.mp3,wrk_7435d7f3a3d0fc
2852.mp3,"Kevin Juillerat_... par ce tiède soir, tout bas.mp3",wrk_9bc23d7ae8c1ae
2853.mp3,"Kevin Juillerat_... sweet love, away.mp3",wrk_72c27120e6ef29
2854.mp3,Kevin Juillerat_Jeux.mp3,wrk_458d09091000b7
2855.mp3,Kevin Juillerat_L'Étang du Patriarche.mp3,wrk_67735429c898e5
2856.mp3,Kevin Juillerat_Study on phonetics.mp3,wrk_0e12f429dfe44e
2857.mp3,Kevin Juillerat_Tombeau (...kammer...).mp3,wrk_c63530f8084f36
2858.mp3,Kirsten Milenko_Lapse.mp3,wrk_4cbb495c3ca212
2859.mp3,Kirsten Milenko_Solace.mp3,wrk_00dbe67bfcfd88
2860.mp3,Klaus Huber_...Ohne Grenze und Rand.mp3,wrk_3d18515b35026f
2861.mp3,Klaus Huber_...Plainte... I.mp3,wrk_d3644cd375adcc
2862.mp3,Klaus Huber_Agnus Dei in umgepflügter Zeit.mp3,wrk_8a0357a10f228b
2863.mp3,Klaus Huber_Alveare Vernat.mp3,wrk_69ca55f4e4211b
2864.mp3,Klaus Huber_Beati Pauperes I.mp3,wrk_f7bab66e6894ad
2865.mp3,Klaus Huber_Des Dichters Pflug.mp3,wrk_bc140a40990576
2866.mp3,Klaus Huber_Ecce homines.mp3,wrk_73ca75d36810e3
2867.mp3,Klaus Huber_Ein Hauch von Unzeit II.mp3,wrk_70448c182dc3a1
2868.mp3,Klaus Huber_Erinnere dich an G.mp3,wrk_41079fe64c3931
2869.mp3,Klaus Huber_In nomine - ricercare il nome.mp3,wrk_4f40ede0d7ffbc
2870.mp3,Klaus Huber_Intarsimile.mp3,wrk_532e175299bfe9
2871.mp3,Klaus Huber_L'ombre de notre âge.mp3,wrk_8406ce04f5e449
2872.mp3,Klaus Huber_Lazarus III.mp3,wrk_4add271524008d
2873.mp3,Klaus Huber_Noctes intelligibilis lucis.mp3,wrk_51b43c1b4e7d1d
2874.mp3,Klaus Huber_Sabeth.mp3,wrk_1ffba57bb04265
2875.mp3,Klaus Huber_Schattenblätter.mp3,wrk_fc9e31fe81c02d
2876.mp3,Klaus Huber_Sonata da chiesa.mp3,wrk_5116fbd242bbdf
2877.mp3,Klaus Huber_Tempora.mp3,wrk_94dcb6141dd1c5
2878.mp3,Klaus Huber_Winter Seeds.mp3,wrk_2af1a233a2da53
2879.mp3,Klaus K. Hübler_String Quartet No. 1.mp3,wrk_94a370aee77da2
2880.mp3,Klaus K. Hübler_String Quartet No. 3.mp3,wrk_ab4fd514eb9abb
2881.mp3,Klaus Lang_Abd.mp3,wrk_03da035ffdc9a2
2882.mp3,Klaus Lang_allmenden.mp3,wrk_caa4395f12f081
2883.mp3,Klaus Lang_CETVS CANDIDVS.mp3,wrk_c396c37c1e44a6
2884.mp3,Klaus Lang_der dünne wal.mp3,wrk_fefcd7e6ec672b
2885.mp3,Klaus Lang_der fette hirte und das weiße kaninchen.mp3,wrk_f3384a318cdb94
2886.mp3,Klaus Lang_Der Herr der Insel.mp3,wrk_36ee93a0392e06
2887.mp3,"Klaus Lang_Der schlafende Landmann, der Baum des Lebens und die Schalen der Finsternis.mp3",wrk_4f13ca8dc57c0e
2888.mp3,Klaus Lang_die heilige clara und der schwarze fisch.mp3,wrk_9c8193035751c2
2889.mp3,Klaus Lang_Die Kartoffeln der Königin.mp3,wrk_b19a57ccb7b36c
2890.mp3,Klaus Lang_drei goldene tiger.mp3,wrk_a538d634ff442d
2891.mp3,Klaus Lang_el sonido luminoso.mp3,wrk_00db008ea70642
2892.mp3,Klaus Lang_geschrieben in wasser.mp3,wrk_aa9403a3f77fc6
2893.mp3,Klaus Lang_harmonic apparitions.mp3,wrk_cba5a0b2aa5c25
2894.mp3,Klaus Lang_hungrige sterne.mp3,wrk_a19df3bada725d
2895.mp3,Klaus Lang_ionisches licht.mp3,wrk_0df9f593e5ee72
2896.mp3,Klaus Lang_kivi.mp3,wrk_1c3cf5db8a0c84
2897.mp3,Klaus Lang_marias mantel.mp3,wrk_0bc928bb156b58
2898.mp3,Klaus Lang_mars attacks.mp3,wrk_9e0801e892481a
2899.mp3,Klaus Lang_molten trees.mp3,wrk_89e1b75a4523ea
2900.mp3,Klaus Lang_origami.mp3,wrk_fb90b1361338a9
2901.mp3,Klaus Lang_parthenon.mp3,wrk_1381596b9ffc4a
2902.mp3,Klaus Lang_schwarzes licht.mp3,wrk_f2d20f84ce4ba7
2903.mp3,Klaus Lang_sei jaku.mp3,wrk_fce9531219f86a
2904.mp3,Klaus Lang_seven views of white.mp3,wrk_be34ba1f6c7131
2905.mp3,Klaus Lang_small life. transition.mp3,wrk_0a9a6a43f59845
2906.mp3,Klaus Lang_tehran dust.mp3,wrk_285b4838e81363
2907.mp3,Klaus Lang_the beautiful square.mp3,wrk_3028246d973231
2908.mp3,Klaus Lang_The Sea of Despair.mp3,wrk_8ce81edf7293a4
2909.mp3,Klaus Lang_the thin tree.mp3,wrk_73269351ef5cdf
2910.mp3,Klaus Lang_the whitebearded man. the six frogs.mp3,wrk_c2d096143ded51
2911.mp3,Klaus Lang_vier linien. zweifaches weiß.mp3,wrk_4385857ec0b915
2912.mp3,Klaus Lang_weiße farben.mp3,wrk_83438aa86449d4
2913.mp3,Klaus Lang_weisse schatten.mp3,wrk_2560a6f8a0871c
2914.mp3,Klaus Lang_zwillingsgipfel.mp3,wrk_47a168e03bdbc7
2915.mp3,Klaus Lang_ägäische eisberge.mp3,wrk_16d9515c853a0b
2916.mp3,Krzysztof Penderecki_Anaklasis.mp3,wrk_d8bc59218bdd4c
2917.mp3,Krzysztof Penderecki_Cadenza.mp3,wrk_97b6c2580388c7
2918.mp3,Krzysztof Penderecki_Concerto Grosso.mp3,wrk_3f56f452e4d28c
2919.mp3,Krzysztof Penderecki_De natura sonoris No. 2.mp3,wrk_79645d2ff4c58a
2920.mp3,Krzysztof Penderecki_Der unterbrochene Gedanke.mp3,wrk_05abb8ccdbed1f
2921.mp3,Krzysztof Penderecki_Emanationen.mp3,wrk_268f57a6f3b729
2922.mp3,Krzysztof Penderecki_Fanfare for the independent Poland.mp3,wrk_99b37ae4b10bb4
2923.mp3,Krzysztof Penderecki_Fluorescences.mp3,wrk_318724f3d9c467
2924.mp3,Krzysztof Penderecki_La Follia.mp3,wrk_3bcd68087a9416
2925.mp3,Krzysztof Penderecki_Metamorphosen.mp3,wrk_db9e34eb0827e2
2926.mp3,Krzysztof Penderecki_Per Slava.mp3,wrk_d95f6eb95113a0
2927.mp3,Krzysztof Penderecki_Polymorphia.mp3,wrk_f4dbcdfdde98f8
2928.mp3,Krzysztof Penderecki_Przebudzenie Jakuba.mp3,wrk_ad03ad9c1700f5
2929.mp3,Krzysztof Penderecki_Quartetto per archi n°1.mp3,wrk_6680408afa097f
2930.mp3,Krzysztof Penderecki_Sextett.mp3,wrk_cc4344795d4d93
2931.mp3,Krzysztof Penderecki_Sonata n° 2.mp3,wrk_6cce40d30a8535
2932.mp3,Krzysztof Penderecki_Sonata.mp3,wrk_541fd43b681fad
2933.mp3,Krzysztof Penderecki_Suite.mp3,wrk_5c3bf057f3e60f
2934.mp3,Krzysztof Penderecki_Symphony No. 1.mp3,wrk_b2a2430d4cb676
2935.mp3,Krzysztof Penderecki_Symphony No. 2.mp3,wrk_b4fd5ff96f0837
2936.mp3,Krzysztof Penderecki_Symphony No. 3.mp3,wrk_a150d1ad40d7be
2937.mp3,Krzysztof Penderecki_Symphony No. 5.mp3,wrk_71cdd1b1f31cfd
2938.mp3,Krzysztof Penderecki_Violoncello totale.mp3,wrk_8a251c04831a5d
2939.mp3,Lars Petter Hagen_3 Transfigurations for String Quartet.mp3,wrk_6bfefa810a38bb
2940.mp3,Laszo Dubrovay_String Quartet No. 3.mp3,wrk_4302582a3231b5
2941.mp3,Laurent Cuniot_Verrà la morte.mp3,wrk_7d8d2007ba081b
2942.mp3,Laurent Durupt_Maigres bêtes de la nuit.mp3,wrk_945d419539a14d
2943.mp3,Laurent Martin_Stentor.mp3,wrk_d170f97f29289d
2944.mp3,Laurent Martin_Toute volée.mp3,wrk_d440ed9a7e88cc
2945.mp3,Laurent Petitgirard_Le Songe de Merrick.mp3,wrk_1eb1bc85caa07e
2946.mp3,Laurent Petitgirard_Les Brumes de Maigret.mp3,wrk_b39347393a007d
2947.mp3,Laurent Petitgirard_Musique d'Automne.mp3,wrk_5dc6c24bae6ab2
2948.mp3,Laurent Petitgirard_Méandres.mp3,wrk_49886a97cb0326
2949.mp3,Laurent Petitgirard_Poème pour grand orchestre à cordes.mp3,wrk_b1add47faeee37
2950.mp3,Laurent Petitgirard_Sonate pour piano et violon.mp3,wrk_b58d8cfa4d4d2d
2951.mp3,Laurent Petitgirard_The Rosebud Suite.mp3,wrk_f82c6fcd3dd464
2952.mp3,Laurent Petitgirard_Tryptique pour guitare.mp3,wrk_7705a270e76e2f
2953.mp3,Leilei Tian_Roaring in the clouds.mp3,wrk_4f90f66005fd8a
2954.mp3,Leon Kirchner_Five Pieces.mp3,wrk_a06ada27f597f3
2955.mp3,Leon Kirchner_Interlude.mp3,wrk_ae541620f7c5c1
2956.mp3,Leon Kirchner_Sonata Concertante.mp3,wrk_dc2e5944a1afb9
2957.mp3,Leon Kirchner_String Quartet No. 1.mp3,wrk_1e4126d77ebc90
2958.mp3,Leon Kirchner_String Quartet No. 3.mp3,wrk_817f7eaf0a82bc
2959.mp3,Leon Kirchner_String Quartet No. 4.mp3,wrk_c644d8d3a4cf06
2960.mp3,Leon Kirchner_Trio II.mp3,wrk_e5bcf978a9f367
2961.mp3,Leon Kirchner_Trio.mp3,wrk_5563a04df4c4f1
2962.mp3,Leonard Bernstein_Halil.mp3,wrk_56efe5a1c26afb
2963.mp3,Leonard Bernstein_Music for Two Pianos.mp3,wrk_90fa63be45d1ee
2964.mp3,Leonard Bernstein_Piano Sonata.mp3,wrk_98ae78059da979
2965.mp3,Leonard Bernstein_Piano Trio.mp3,wrk_871ffdef89c56b
2966.mp3,"Leonard Bernstein_Prelude, Fugue and Riffs.mp3",wrk_76c876625a9833
2967.mp3,Leonard Bernstein_Serenade.mp3,wrk_fd7a89446a89cb
2968.mp3,"Leonard Bernstein_Symphony No. 2, The Age of Anxiety.mp3",wrk_557a7743918300
2969.mp3,Leonard Bernstein_Three Meditations from « Mass ».mp3,wrk_2caf70175ba40f
2970.mp3,Leonard Bernstein_Touches.mp3,wrk_5b522063b21b66
2971.mp3,Leos Janacek_Le 1.X.1905.mp3,wrk_413c3b984fb575
2972.mp3,Leos Janacek_Quatuor à cordes n°2.mp3,wrk_02dae53f9f7bb9
2973.mp3,Leos Janacek_Sonata.mp3,wrk_02781ba8458974
2974.mp3,Leos Janacek_String Quartet No. 1.mp3,wrk_890c709b942752
2975.mp3,Leos Janacek_Violin Sonata.mp3,wrk_d2f73f6eb3aaa6
2976.mp3,Lionel Bord_Fantasmi.mp3,wrk_cfbc4deb8f1f17
2977.mp3,Lionel Bord_Nébuleuses….mp3,wrk_165cb2a2a51389
2978.mp3,Lisa Illean_Sonata in ten parts.mp3,wrk_0aa915b3e302d8
2979.mp3,Lisa Streich_ASCHE.mp3,wrk_3c21fd94b2ced5
2980.mp3,Lisa Streich_AUGENLIDER.mp3,wrk_8547f2cfe980fe
2981.mp3,Lisa Streich_HÄNDEKÜSSEN.mp3,wrk_9392ccf29d3a5a
2982.mp3,Lisa Streich_ISHJÄRTA.mp3,wrk_90ec6b3833bc6d
2983.mp3,Lisa Streich_JUBELHEMD.mp3,wrk_0169b65d80b120
2984.mp3,Lisa Streich_LASTER.mp3,wrk_5fd0971c48db5b
2985.mp3,Lisa Streich_MEDUSE.mp3,wrk_4e29d1f1925359
2986.mp3,Lisa Streich_SAFRAN.mp3,wrk_cc37d92d16a727
2987.mp3,Lisa Streich_SEGEL.mp3,wrk_45094f684b54ae
2988.mp3,Lisa Streich_STERNENSTILL.mp3,wrk_2d7bc60ea886d8
2989.mp3,Lisa Streich_ZUCKER.mp3,wrk_a501c2344f620e
2990.mp3,Liza Lim_Amulet.mp3,wrk_15b7fd2f0ea3e8
2991.mp3,Liza Lim_An Ocean beyond Earth.mp3,wrk_e5cca823057ea3
2992.mp3,Liza Lim_Axis Mundi.mp3,wrk_f24e090513cbd7
2993.mp3,Liza Lim_bioluminescence.mp3,wrk_8d28fcd62b9071
2994.mp3,Liza Lim_Cardamom.mp3,wrk_c0c4615dbae7d7
2995.mp3,Liza Lim_City of Falling Angels.mp3,wrk_7f0d99de02cec9
2996.mp3,Liza Lim_Dianna.mp3,wrk_c9bb592948008e
2997.mp3,Liza Lim_Ehwaz (Journeying).mp3,wrk_52871e100159e6
2998.mp3,Liza Lim_How Forests Think.mp3,wrk_e920f8d7093722
2999.mp3,Liza Lim_Inguz (Fertility).mp3,wrk_03087d80aa952d
3000.mp3,Liza Lim_Mary Transcendence after Trauma.mp3,wrk_b35f6a768e4608
3001.mp3,Liza Lim_Nautilus.mp3,wrk_6a3e9307d05aa0
3002.mp3,Liza Lim_Ochred String.mp3,wrk_f4f17f060c7a2f
3003.mp3,Liza Lim_One and the Other.mp3,wrk_b85d692ae7471f
3004.mp3,Liza Lim_Roda - The Living Circle.mp3,wrk_907c52d9033743
3005.mp3,Liza Lim_Ronda - The Spinning World.mp3,wrk_f048d1ff74e565
3006.mp3,Liza Lim_Sappho Bioluminescence.mp3,wrk_9523e4cf27c58f
3007.mp3,Liza Lim_Shallow Grave.mp3,wrk_f80fbe3cf5b8cf
3008.mp3,Liza Lim_Songs Found in Dream.mp3,wrk_45fbedfcf2109c
3009.mp3,Liza Lim_Sonorous Body.mp3,wrk_fe65776cc3470e
3010.mp3,Liza Lim_The Green Lion Eats the Sun.mp3,wrk_fead5f67b11cba
3011.mp3,Liza Lim_The Heart's Ear.mp3,wrk_080eb7d7bd5f4a
3012.mp3,Liza Lim_The Table of Knowledge.mp3,wrk_9c39e0c7a1f402
3013.mp3,Liza Lim_Transcendental Étude.mp3,wrk_89fc829cc36837
3014.mp3,Liza Lim_Veil.mp3,wrk_f4cfa919aa4921
3015.mp3,Liza Lim_Wild-Winged One.mp3,wrk_01eee0c7adf92d
3016.mp3,"Liza Lim_World as Lover, World as Self.mp3",wrk_3db98d8622de71
3017.mp3,Liza Lim_‘Cello Playing ~ as Meteorology.mp3,wrk_d47cc708e7f2a7
3018.mp3,Lorenzo Pagliei_A.L.M.A.mp3,wrk_f840bb001773fa
3019.mp3,Lorenzo Pagliei_Polaris.mp3,wrk_5d73873ebce124
3020.mp3,Lorenzo Pagliei_Uno - Courbes.mp3,wrk_dc05e0aec76d51
3021.mp3,Lou Harrison_A Cornish Lancaran.mp3,wrk_102b4aa5eb47f0
3022.mp3,Lou Harrison_At the Tomb of Charles Ives.mp3,wrk_969cbe1faee7d4
3023.mp3,Lou Harrison_Concerto in Slendro.mp3,wrk_11c55ee1f850f9
3024.mp3,Lou Harrison_Concerto No. 1 for Flute and Percussion.mp3,wrk_1f894cd7381a0d
3025.mp3,"Lou Harrison_Double Concerto for Violin, Cello and gamelan.mp3",wrk_31770a0115c5c7
3026.mp3,Lou Harrison_Grand Duo.mp3,wrk_efd323b89e9040
3027.mp3,Lou Harrison_In Memory of Victor Jowers.mp3,wrk_076903b72ccc81
3028.mp3,Lou Harrison_In Praise of Johnny Appleseed.mp3,wrk_c1b05936357fbd
3029.mp3,Lou Harrison_Largo Ostinato.mp3,wrk_16a0628258132a
3030.mp3,Lou Harrison_Main Bersama-sama.mp3,wrk_c22f85b55e9171
3031.mp3,Lou Harrison_Music for Bill and Me.mp3,wrk_c6af3603780cb4
3032.mp3,Lou Harrison_Organ Concerto.mp3,wrk_bf1a9284e3de14
3033.mp3,Lou Harrison_Seven Pastorales.mp3,wrk_546f2ed16ddd5c
3034.mp3,Lou Harrison_Song of Quetzalcoatl.mp3,wrk_2a49fc476b9de2
3035.mp3,Lou Harrison_String Quartet Set.mp3,wrk_9b915a47627826
3036.mp3,Lou Harrison_Suite for Cello and Piano.mp3,wrk_2def307742cb5f
3037.mp3,Lou Harrison_Suite for Harp and Cello.mp3,wrk_5a76556d267f1f
3038.mp3,Lou Harrison_Suite for Percussion.mp3,wrk_c1776bb22bf4a2
3039.mp3,Lou Harrison_Suite for Piano.mp3,wrk_438cc921b8f75b
3040.mp3,"Lou Harrison_Suite for Violin, Piano and Chamber Orchestra.mp3",wrk_b3f25ec15be3f9
3041.mp3,Lou Harrison_Suite No. 2.mp3,wrk_4827e73d93097d
3042.mp3,Lou Harrison_The Perilous Chapel.mp3,wrk_e3eb9f766d8595
3043.mp3,Lou Harrison_Threnody for Carlos Chávez.mp3,wrk_100030f5e0b022
3044.mp3,Lou Harrison_Triphony.mp3,wrk_5c1b5ba7f85032
3045.mp3,Lou Harrison_Varied Trio.mp3,wrk_484dd028a83267
3046.mp3,Lou Harrison_Violin Concerto with Percussion Orchestra.mp3,wrk_819849bfc2850a
3047.mp3,Lou Harrison_Waltz for Evelyn Hinrichsen.mp3,wrk_7b19f6736f377a
3048.mp3,Louis Andriessen_Berceuse voor Annie van Os.mp3,wrk_3bf28213cdb4aa
3049.mp3,Louis Andriessen_Chorale.mp3,wrk_448a2a443ee62c
3050.mp3,Louis Andriessen_Double.mp3,wrk_e104fc4c58a45c
3051.mp3,Louis Andriessen_Hout.mp3,wrk_9488571a1ed290
3052.mp3,Louis Andriessen_Image de Moreau.mp3,wrk_cee5045a0bcd25
3053.mp3,Louis Andriessen_Ittrospezione II.mp3,wrk_23601433e068ab
3054.mp3,Louis Andriessen_Ittrospezione III (Concept II).mp3,wrk_74726c8a17a967
3055.mp3,Louis Andriessen_La Voce.mp3,wrk_a4d11a2c1a6490
3056.mp3,Louis Andriessen_Lacrimosa.mp3,wrk_f954c86a816afd
3057.mp3,Louis Andriessen_Lied.mp3,wrk_3ffd1f9d48a072
3058.mp3,Louis Andriessen_On Jimmy Yancey.mp3,wrk_bfc63f89cc4f8c
3059.mp3,Louis Andriessen_Overture to Orpheus.mp3,wrk_bb4073069b1337
3060.mp3,Louis Andriessen_Registers.mp3,wrk_e77ea609080cb0
3061.mp3,Louis Andriessen_Rimsky or La Monte Young.mp3,wrk_366c9ee9ec6b36
3062.mp3,Louis Andriessen_Sonata.mp3,wrk_842c76bd221c38
3063.mp3,Louis Andriessen_The Hague Hacking Scrap.mp3,wrk_8d36d7a5f3f1c4
3064.mp3,Louis Andriessen_The Memory of Roses.mp3,wrk_336518de32adf4
3065.mp3,Louis Andriessen_Welk interval vind je het mooist.mp3,wrk_cdb0711e4233d8
3066.mp3,Louis Andriessen_Zilver.mp3,wrk_f399d73fe34a60
3067.mp3,Lu Wang_A Distant World.mp3,wrk_0c96b1d881150c
3068.mp3,Luc Brewaeys_Bowmore String Quartet No. 2.mp3,wrk_bceb1290d56299
3069.mp3,Luc Ferrari_Antisonate.mp3,wrk_615ea1d21c6eb3
3070.mp3,Luc Ferrari_Comme une Fantaisie dite des Réminiscences.mp3,wrk_f1a5836810bf49
3071.mp3,Luc Ferrari_Histoire du plaisir et de la désolation.mp3,wrk_317a282d8c3c4d
3072.mp3,Luc Ferrari_String Quartet.mp3,wrk_0973386b25052d
3073.mp3,Luca Antignani_Trio.mp3,wrk_e00bbe55afff36
3074.mp3,Luca Francesconi_A fuoco.mp3,wrk_b69095c60ef4c6
3075.mp3,"Luca Francesconi_Cobalt, Scarlet - Two Colours of Dawn.mp3",wrk_7b7cf8015e9158
3076.mp3,Luca Francesconi_Controcanto.mp3,wrk_27c67a038e26e5
3077.mp3,Luca Francesconi_Da capo.mp3,wrk_8fd7d8931d70da
3078.mp3,Luca Francesconi_Daedalus.mp3,wrk_011888ff3bb5aa
3079.mp3,Luca Francesconi_Impulse II.mp3,wrk_7fe8f229c7d8f3
3080.mp3,Luca Francesconi_Kubrick's Bone.mp3,wrk_cf3bb544a83650
3081.mp3,Luca Francesconi_Les barricades mystérieuses.mp3,wrk_d8e9fd7d818ed1
3082.mp3,Luca Francesconi_Memoria.mp3,wrk_7615af15244b65
3083.mp3,Luca Francesconi_Miniature.mp3,wrk_1dcc4539809eba
3084.mp3,Luca Francesconi_Passacaglia.mp3,wrk_b67d0bf83e45fb
3085.mp3,Luca Francesconi_Piano Concerto.mp3,wrk_21ff141c420661
3086.mp3,Luca Francesconi_Plot II.mp3,wrk_bf5180b32e4bad
3087.mp3,Luca Francesconi_Plot in Fiction.mp3,wrk_b5ed437ed6c505
3088.mp3,Luca Francesconi_Riti neurali.mp3,wrk_3cda64b77eb962
3089.mp3,Luca Francesconi_Trama.mp3,wrk_cbad3b97ac4451
3090.mp3,Lucas Fagin_Arquetipo.mp3,wrk_996e7264a9ffcf
3091.mp3,Lucas Fagin_Cometas.mp3,wrk_02e8fbdd5230c5
3092.mp3,Lucas Fagin_Lanterna Magica.mp3,wrk_77b9373940ffd8
3093.mp3,Lucas Fagin_Space-junk.mp3,wrk_a4d9ef744281a9
3094.mp3,Lucas Fagin_Stroboscopique.mp3,wrk_9f7640c735b52e
3095.mp3,Lucia Ronchetti_Déclive-Étude.mp3,wrk_3c2c4722ea5e52
3096.mp3,Lucia Ronchetti_Requiem.mp3,wrk_db851c6a5d3cbe
3097.mp3,Lucia Ronchetti_Tremblements de tendresse.mp3,wrk_09c2969fe83846
3098.mp3,Luciano Berio_Autre fois.mp3,wrk_0c7ed344829ac0
3099.mp3,Luciano Berio_Brahms-Berio Opus 120 No. 1.mp3,wrk_d49e2edecbaab0
3100.mp3,Luciano Berio_Call.mp3,wrk_a269612940117f
3101.mp3,Luciano Berio_Chemins I.mp3,wrk_210fac64f1df6b
3102.mp3,Luciano Berio_Chemins III.mp3,wrk_573912ef099784
3103.mp3,Luciano Berio_Chemins IV.mp3,wrk_d6c5f23a05eaf0
3104.mp3,Luciano Berio_Chemins V.mp3,wrk_a7b15f6343e3fa
3105.mp3,Luciano Berio_Concertino.mp3,wrk_d69d40bf68a51d
3106.mp3,Luciano Berio_Due Pezzi.mp3,wrk_7fdf0c9459bf72
3107.mp3,Luciano Berio_Duetti (34).mp3,wrk_61188aac7fbaec
3108.mp3,Luciano Berio_Erdenklavier.mp3,wrk_1e6475c89b3945
3109.mp3,Luciano Berio_Formazioni.mp3,wrk_02a2527e29fc61
3110.mp3,Luciano Berio_Gesti.mp3,wrk_948ac92148794d
3111.mp3,Luciano Berio_Il Ritorno degli snovidenia.mp3,wrk_45d681d02f109e
3112.mp3,Luciano Berio_Kol Od.mp3,wrk_be39043701721e
3113.mp3,Luciano Berio_Leaf.mp3,wrk_afa2f7d17803d5
3114.mp3,Luciano Berio_Les Mots sont allés.mp3,wrk_1bcb24bfc90b14
3115.mp3,Luciano Berio_Lied.mp3,wrk_99f441350ad9e6
3116.mp3,Luciano Berio_Luftklavier.mp3,wrk_c21f9a1235ceb2
3117.mp3,Luciano Berio_Notturno.mp3,wrk_a11a4e3ff793f5
3118.mp3,Luciano Berio_Psy.mp3,wrk_0c7478ba70499f
3119.mp3,Luciano Berio_Requies.mp3,wrk_e081a8dfd62841
3120.mp3,Luciano Berio_Ricorrenze.mp3,wrk_a94a7d14166575
3121.mp3,Luciano Berio_Rounds.mp3,wrk_e364f667267bff
3122.mp3,Luciano Berio_Récit.mp3,wrk_1769793efbdcaf
3123.mp3,Luciano Berio_Sequenza II.mp3,wrk_cfca48897b982e
3124.mp3,Luciano Berio_Sequenza IV.mp3,wrk_6a5252c6f98aef
3125.mp3,Luciano Berio_Sequenza VII.mp3,wrk_535f28166aeeda
3126.mp3,Luciano Berio_Sequenza VIII.mp3,wrk_0426b1b047331b
3127.mp3,Luciano Berio_Sequenza XI.mp3,wrk_2b62c49af26e05
3128.mp3,Luciano Berio_Sequenza XII.mp3,wrk_a03a2ee5ef5f67
3129.mp3,Luciano Berio_Sequenza XIII.mp3,wrk_80cb174ccf6fbc
3130.mp3,Luciano Berio_Sequenza XIV.mp3,wrk_cd9608cb0fc1fc
3131.mp3,Luciano Berio_Serenata.mp3,wrk_c881641a3d25df
3132.mp3,Luciano Berio_Sincronie.mp3,wrk_ab49f014bdeaee
3133.mp3,Luciano Berio_Six encores.mp3,wrk_040126e3e3f850
3134.mp3,Luciano Berio_Sonata.mp3,wrk_0eab67a0e929b5
3135.mp3,Luciano Berio_String Quartet.mp3,wrk_d00c0b1cc64cfa
3136.mp3,Luciano Berio_Tempi concertati.mp3,wrk_47e31ad46f3e2d
3137.mp3,Luciano Berio_Variazioni ein Mädchen oder Weibchen.mp3,wrk_d06952c632f380
3138.mp3,Luciano Berio_Wasserklavier.mp3,wrk_2cfd390138b756
3139.mp3,"Luigi Dallapiccola_Ciaccona, Intermezzo e Adagio.mp3",wrk_1faab82fe3522d
3140.mp3,Luigi Dallapiccola_Dialoghi.mp3,wrk_8920effdd1a167
3141.mp3,Luigi Dallapiccola_Due Studi.mp3,wrk_2338fdcc622f34
3142.mp3,Luigi Dallapiccola_Quaderno musicale di Annalibera.mp3,wrk_dc55acb7c11988
3143.mp3,Luigi Dallapiccola_Sonatina canonica.mp3,wrk_bf338453b77b7b
3144.mp3,Luigi Dallapiccola_Tartiniana seconda.mp3,wrk_5950b7ab9943ea
3145.mp3,Luigi Dallapiccola_Variazioni.mp3,wrk_27c0a515886bc7
3146.mp3,Luigi Nono_Canti per 13.mp3,wrk_3ffed6a8d4440c
3147.mp3,Luigi Nono_Composizione per orchestra.mp3,wrk_a6268e99186bb9
3148.mp3,Luigi Nono_Due Espressioni.mp3,wrk_c8012e9562ada5
3149.mp3,"Luigi Nono_Fragmente-Stille, an Diotima.mp3",wrk_6a1d82132787bd
3150.mp3,Luigi Nono_Incontri.mp3,wrk_3f53f133c5a6b4
3151.mp3,Luigi Nono_Varianti.mp3,wrk_634993255535f1
3152.mp3,Luigi Nono_Y su sangre ya viene cantando.mp3,wrk_35cd6e2cb508de
3153.mp3,Luis de Pablo_A la memoria de.mp3,wrk_ec56ecb8e5e233
3154.mp3,Luis de Pablo_Corola.mp3,wrk_d4e05a8c2ff325
3155.mp3,Luis de Pablo_Encore.mp3,wrk_f87eb52cf8d2fe
3156.mp3,Luis de Pablo_Epístola al transeúnte.mp3,wrk_c835708f10f5dc
3157.mp3,Luis de Pablo_Fantasías.mp3,wrk_2ef4e37e8d002f
3158.mp3,Luis de Pablo_Federico Mompou «in memoriam».mp3,wrk_c7b20751b25284
3159.mp3,Luis de Pablo_Fragmento.mp3,wrk_141a7d81deb2c9
3160.mp3,Luis de Pablo_Gemella dell'Acqua.mp3,wrk_4f8966c3ee3668
3161.mp3,Luis de Pablo_Ornamento.mp3,wrk_0c8dfb16d253dd
3162.mp3,Luis de Pablo_Per fagotto.mp3,wrk_fbef317e92b264
3163.mp3,Luis de Pablo_Turris eburnea.mp3,wrk_64ebab7d90479c
3164.mp3,Luis de Pablo_Voluntad de flores.mp3,wrk_da8a3b40b73aee
3165.mp3,Luis Naón_Del fuego las resonancias.mp3,wrk_50fc87d16ed4a7
3166.mp3,Luis Naón_Lettre inachevée (Urbana 3).mp3,wrk_bc7c5dd07274e5
3167.mp3,Luis-Fernando Rizo-Salom_3-D.mp3,wrk_85d8c261f856cb
3168.mp3,Lukas Foss_String Quartet no. 3.mp3,wrk_aacc4effc0b3c2
3169.mp3,"Magnus Lindberg_...de Tartuffe, je crois.mp3",wrk_9768376ac8a76a
3170.mp3,Magnus Lindberg_Ablauf.mp3,wrk_19c5403e04a73a
3171.mp3,Magnus Lindberg_Acequia Madre.mp3,wrk_3914ecd2a12b34
3172.mp3,Magnus Lindberg_Al largo.mp3,wrk_877816374abe2e
3173.mp3,Magnus Lindberg_Arena.mp3,wrk_5a8ab8d819c98c
3174.mp3,Magnus Lindberg_Aura.mp3,wrk_31a87cb253d770
3175.mp3,Magnus Lindberg_Cello Concerto.mp3,wrk_38d364e863bdd0
3176.mp3,Magnus Lindberg_Clarinet Concerto.mp3,wrk_205f5efdf7b91f
3177.mp3,Magnus Lindberg_Clarinet Quintet.mp3,wrk_b277f21c45dfbe
3178.mp3,Magnus Lindberg_Clarinet Trio.mp3,wrk_fb531974ccbc41
3179.mp3,Magnus Lindberg_Concerto for Orchestra.mp3,wrk_386792ea6b1a4e
3180.mp3,Magnus Lindberg_Corrente II.mp3,wrk_bfdaf12c17de43
3181.mp3,Magnus Lindberg_Corrente.mp3,wrk_e014eac7721a5a
3182.mp3,Magnus Lindberg_Coyote Blues.mp3,wrk_ec6295d07c042a
3183.mp3,Magnus Lindberg_Duo concertante.mp3,wrk_d1587062df4cbd
3184.mp3,Magnus Lindberg_Feria.mp3,wrk_c14bb499b4c578
3185.mp3,Magnus Lindberg_Fratello.mp3,wrk_3aabed2912fa5d
3186.mp3,Magnus Lindberg_Fresco.mp3,wrk_377dd37e225579
3187.mp3,Magnus Lindberg_Gran Duo.mp3,wrk_b543d4ded1941a
3188.mp3,Magnus Lindberg_Jeux d'anches.mp3,wrk_f1359a4dfc01cc
3189.mp3,Magnus Lindberg_Jubilees.mp3,wrk_91cbcdb0c40da5
3190.mp3,Magnus Lindberg_Linea d'ombra.mp3,wrk_ec5425a0761f87
3191.mp3,Magnus Lindberg_Mano a mano.mp3,wrk_4d3044f34bfecc
3192.mp3,Magnus Lindberg_Play I.mp3,wrk_80eb0fbb282114
3193.mp3,Magnus Lindberg_Santa Fe Project.mp3,wrk_016d4a194d0c95
3194.mp3,Magnus Lindberg_Sculpture.mp3,wrk_3ec01e0b464f76
3195.mp3,Magnus Lindberg_Seht die Sonne.mp3,wrk_9e588c4b932eba
3196.mp3,Magnus Lindberg_Shadow of the Future.mp3,wrk_6646b52643e14e
3197.mp3,Magnus Lindberg_Souvenir.mp3,wrk_eb4146480fd311
3198.mp3,Magnus Lindberg_Steamboat Bill Jr.mp3,wrk_b90c49ddfcffef
3199.mp3,Magnus Lindberg_Stroke.mp3,wrk_d1248f84358531
3200.mp3,Magnus Lindberg_TEMPUS FUGIT.mp3,wrk_de28c002f2c9d2
3201.mp3,Magnus Lindberg_Tendenza.mp3,wrk_257d19b0f455fb
3202.mp3,Magnus Lindberg_Twine.mp3,wrk_e078be36268652
3203.mp3,Magnus Lindberg_Two Episodes.mp3,wrk_fe697075f6c14e
3204.mp3,Magnus Lindberg_Violin Concerto.mp3,wrk_df86394f6b9729
3205.mp3,Magnus Lindberg_Étude I.mp3,wrk_ab83f61c34c643
3206.mp3,Magnus Lindberg_Étude II.mp3,wrk_fac91cf308de78
3207.mp3,Maija Hynninen_Les arbres sans feuilles.mp3,wrk_af93bcbc11fe4b
3208.mp3,Maija Hynninen_Lightness of the Days.mp3,wrk_649bbb486cb5c6
3209.mp3,Maija Hynninen_Mask the absence.mp3,wrk_db405ee4f682bc
3210.mp3,Maija Hynninen_soaring.mp3,wrk_d18a1584372bf3
3211.mp3,Maja S. K. Ratkje_Gagaku Variations.mp3,wrk_566f1e4f9c9fca
3212.mp3,Maja S. K. Ratkje_Passing Images.mp3,wrk_952096c8a9366a
3213.mp3,Maja S. K. Ratkje_to F.mp3,wrk_77f744c9cb3271
3214.mp3,Malika Kishino_Fragrant Wood.mp3,wrk_5e1ac1e6ff5d10
3215.mp3,Malika Kishino_Monochromer Garten IX.mp3,wrk_15646ea7bd3dd6
3216.mp3,Malika Kishino_Monochromer Garten VII.mp3,wrk_ceb259f3b3148a
3217.mp3,Malika Kishino_Monochromer Garten VIII.mp3,wrk_2e76b80238f58e
3218.mp3,Malika Kishino_Ochres.mp3,wrk_0f1266b9f31cf8
3219.mp3,Malika Kishino_Oud.mp3,wrk_4bd4f5b1d635d3
3220.mp3,Malika Kishino_Shades of Echoes.mp3,wrk_ee461176d628b3
3221.mp3,Malika Kishino_What the Thunder Said.mp3,wrk_1bf64bee2236bb
3222.mp3,Malika Kishino_Wolkenatlas.mp3,wrk_92f62e402bbf73
3223.mp3,Malin Bång_alpha waves.mp3,wrk_b8ecd6b5b64254
3224.mp3,Malin Bång_delta waves.mp3,wrk_37f50da95c8c41
3225.mp3,Malin Bång_Irimi.mp3,wrk_cd887a958c571e
3226.mp3,Malin Bång_jasmonate.mp3,wrk_ec687dfcfa022e
3227.mp3,Malin Bång_…när korpen vitnar.mp3,wrk_faff5f7c24c092
3228.mp3,Malte Giesen_stock footage piece 1 - business.mp3,wrk_be9c50446485e6
3229.mp3,Malte Giesen_unisono 1.mp3,wrk_2d453cff8b39c3
3230.mp3,Malte Giesen_Unisono 4 - Reflexe.mp3,wrk_129e806c75d2f1
3231.mp3,Manos Tsangaris_Fadenwerk.mp3,wrk_cee51b81c089b4
3232.mp3,Marc Garcia Vitoria_Mans Enceses.mp3,wrk_e435b8eb49f223
3233.mp3,Marc Garcia Vitoria_Perpendicular.mp3,wrk_cc040a73a4dc7b
3234.mp3,Marc Monnet_Babioles.mp3,wrk_15b6370fd807b5
3235.mp3,Marc Monnet_En pièces.mp3,wrk_1b884695c00913
3236.mp3,Marc Monnet_L'Autre scène.mp3,wrk_64a2b4001f5216
3237.mp3,Marc Monnet_La scène.mp3,wrk_7df8bba238090d
3238.mp3,Marc Monnet_Le cirque.mp3,wrk_dc3b000b86883b
3239.mp3,Marc Monnet_Magari!.mp3,wrk_440a14f5a996ca
3240.mp3,Marc Monnet_Patatras !.mp3,wrk_2d6b8d1e18cab6
3241.mp3,Marc Monnet_Quatuor n°8.mp3,wrk_0a49e2b63dff04
3242.mp3,Marc Monnet_Rigodon.mp3,wrk_82cd3972ecea05
3243.mp3,"Marc Monnet_Sans mouvement, sans monde.mp3",wrk_5396df69c03559
3244.mp3,Marc Monnet_Siècle Pierre Tombeau.mp3,wrk_b57296d91a9719
3245.mp3,"Marc Monnet_Ti, ti, ti, ti, timptru.mp3",wrk_57267b9a478c39
3246.mp3,Marc-André Dalbavie_Sinfonietta.mp3,wrk_cbdf223d6f1874
3247.mp3,Marco Momi_Almost pure for E.P.mp3,wrk_30bede99c57b7a
3248.mp3,Marco Momi_Almost vanishing for E.P.mp3,wrk_2553f370dba835
3249.mp3,Marco Momi_Cinque Nudi.mp3,wrk_df6d61fafbd111
3250.mp3,Marco Momi_Due Nudi.mp3,wrk_447b2a09b68bcd
3251.mp3,Marco Momi_Hox on Beckett.mp3,wrk_fc09efd65d5183
3252.mp3,Marco Momi_Iconica II.mp3,wrk_7d66ccbae370b6
3253.mp3,Marco Momi_Iconica.mp3,wrk_85b5372c611eca
3254.mp3,Marco Momi_Reloading vanishing.mp3,wrk_27e80bcb70b98f
3255.mp3,Marco Momi_Tre Nudi.mp3,wrk_e2d07f7cdef35c
3256.mp3,Marco Momi_Unstill.mp3,wrk_fa272059c2ad4d
3257.mp3,Marco Stroppa_Il peso di un pensiero.mp3,wrk_a3fdfe2b076a0f
3258.mp3,Marco Stroppa_Il peso di un respiro.mp3,wrk_f27a1ed3874ede
3259.mp3,Marco Stroppa_Trois Études.mp3,wrk_11b0c113e7f9d1
3260.mp3,Marco-Antonio Perez-Ramirez_Du corps….mp3,wrk_1ffc8c097cb489
3261.mp3,Marco-Antonio Perez-Ramirez_Nubes.mp3,wrk_fbad9db2461aa9
3262.mp3,Marco-Antonio Perez-Ramirez_Sounds in the grass.mp3,wrk_64ec3eeca36120
3263.mp3,Mario Garuti_'e l'altro.mp3,wrk_c757430b5a7e23
3264.mp3,Mario Lavista_Canto del alba.mp3,wrk_532e678d9ef412
3265.mp3,Mario Lavista_Clepsidra.mp3,wrk_a25737c86db7f0
3266.mp3,Mario Lavista_Danza de las Bailarinas de Dégas.mp3,wrk_908c58a48dbb43
3267.mp3,Mario Lavista_Reflejos de la noche.mp3,wrk_6f6d711d51831f
3268.mp3,Mario Lavista_Tres danzas seculares.mp3,wrk_e0e8411d3e54e5
3269.mp3,Marisol Jiménez_Grieta y Luz Emergente.mp3,wrk_2f4abb4495cf0b
3270.mp3,Marius Constant_Chaconne et Marche militaire.mp3,wrk_c9543b47df5363
3271.mp3,Marius Constant_D’une élégie slave.mp3,wrk_a692fc8373951b
3272.mp3,Marius Constant_For clarinet.mp3,wrk_c1aad62d317516
3273.mp3,Marius Constant_Pour flûte et un instrument.mp3,wrk_3c927b8320da97
3274.mp3,Mark Andre_...hin.mp3,wrk_76542965f5752b
3275.mp3,Mark Andre_asche.mp3,wrk_4a84a0587c0336
3276.mp3,Mark Andre_Drei Stücke.mp3,wrk_e76efd92ad4326
3277.mp3,Mark Andre_durch.mp3,wrk_d86cb683d67871
3278.mp3,Mark Andre_Im Entschwinden.mp3,wrk_b6d2935980c5fc
3279.mp3,Mark Andre_iv 1.mp3,wrk_9662c3d687e13c
3280.mp3,Mark Andre_iv 12.mp3,wrk_4d969879c47bd9
3281.mp3,Mark Andre_iv 15 Himmelfahrt.mp3,wrk_98b4ab03e5a5cf
3282.mp3,Mark Andre_iv 16.mp3,wrk_79cfb62c248535
3283.mp3,Mark Andre_iv 5.mp3,wrk_d1dbec0114cf5e
3284.mp3,Mark Andre_iv 7.mp3,wrk_879b704963d8a8
3285.mp3,Mark Andre_iv 9.mp3,wrk_a2975c5c5dd6b0
3286.mp3,Mark Andre_Modell.mp3,wrk_01d95f5a580b2f
3287.mp3,Mark Andre_riss 1.mp3,wrk_2a0e85ab1b7b97
3288.mp3,Mark Andre_un-fini I.mp3,wrk_77d72fe694d598
3289.mp3,Mark Andre_un-fini III.mp3,wrk_7d02b0670bb7a7
3290.mp3,Mark Andre_Zum Staub sollst du zurückkehren.mp3,wrk_6bb0de965363f7
3291.mp3,Mark Barden_gauze I.mp3,wrk_90918d1bc37bf7
3292.mp3,Mark Barden_Nocturne.mp3,wrk_5d2401abd03f6b
3293.mp3,Mark Barden_personæ.mp3,wrk_4959f276810f9c
3294.mp3,Marko Nikodijevic_tiefenrausch.mp3,wrk_8e356f3398d91b
3295.mp3,Marta Gentilucci_(un)j...ing.mp3,wrk_f4f6b59e236ca7
3296.mp3,Marta Gentilucci_Über.mp3,wrk_604268ad415fa3
3297.mp3,Martin Matalon_Lignes de fuite.mp3,wrk_dab07b44ec583b
3298.mp3,Martin Matalon_Short Stories.mp3,wrk_81ede24435cee6
3299.mp3,Martin Matalon_Trame V.mp3,wrk_1bf0c384d46ecd
3300.mp3,Martin Smolka_A yell with misprints.mp3,wrk_810381dab40ab8
3301.mp3,"Martin Smolka_Ach, mé milé c moll.mp3",wrk_610bc73b25821e
3302.mp3,Martin Smolka_Blue Bells or Bell Blues.mp3,wrk_b5a42d9b18f1d5
3303.mp3,Martin Smolka_Die Seele auf dem Esel.mp3,wrk_91cdd920ff99dd
3304.mp3,Martin Smolka_For a Buck.mp3,wrk_e3e2726302b951
3305.mp3,Martin Smolka_Hudba pro přeladěné nástroje.mp3,wrk_ff69ce586d244d
3306.mp3,Martin Smolka_My My Country.mp3,wrk_636b1d5d9f2581
3307.mp3,Martin Smolka_Pianissimo.mp3,wrk_167e77caf43564
3308.mp3,"Martin Smolka_Remix, Redream, Reflight.mp3",wrk_83b6a8532bcd2e
3309.mp3,Martin Smolka_Rinzai and St. Francis watch yellow autumn leaves floating down the river.mp3,wrk_dd072ee13692f5
3310.mp3,Martin Smolka_Rinzai and Water Skaters.mp3,wrk_71f04edc6208c6
3311.mp3,Martin Smolka_Rubato.mp3,wrk_52fe1a7724e790
3312.mp3,Martin Smolka_Slzy.mp3,wrk_a654e4fe18839e
3313.mp3,Martin Smolka_Smutek utek.mp3,wrk_e9623cc24bbf60
3314.mp3,Martin Smolka_Solitudo.mp3,wrk_e55fcc5eba619b
3315.mp3,Martin Smolka_Soutěska.mp3,wrk_bc4961c0197099
3316.mp3,Martin Smolka_Squeaking Wings.mp3,wrk_0e7895cb0bfa28
3317.mp3,Martin Smolka_Zvonění.mp3,wrk_bfdadc803c689a
3318.mp3,Martin Smolka_Zátiší s tubami aneb Ticholapka.mp3,wrk_0da42f6d04dfce
3319.mp3,Mathias Spahlinger_ausnahmslos ausnahmen.mp3,wrk_7aabffde5c6aa6
3320.mp3,Mathias Spahlinger_aussageverweigerung gegendarstellung.mp3,wrk_480681c9e0e608
3321.mp3,Mathias Spahlinger_extension.mp3,wrk_3df338aa66c5e5
3322.mp3,Mathias Spahlinger_farben der frühe.mp3,wrk_ca215e7bcdccc4
3323.mp3,Mathias Spahlinger_furioso.mp3,wrk_0571d06730974e
3324.mp3,Mathias Spahlinger_inter-mezzo.mp3,wrk_91cbd92af11618
3325.mp3,Mathias Spahlinger_morendo.mp3,wrk_8531fac3b9edfd
3326.mp3,Mathias Spahlinger_passagepaysage.mp3,wrk_a96b14f827b564
3327.mp3,Mathias Spahlinger_phonophobie.mp3,wrk_57427ab8ecc309
3328.mp3,Mathias Spahlinger_Und als wir.mp3,wrk_bc7144ed6a3afa
3329.mp3,Mathias Spahlinger_éphémère.mp3,wrk_61a94fde4dfca2
3330.mp3,Mathieu Bonilla_Einfuhlung.mp3,wrk_346bb5cafd2e15
3331.mp3,Mathieu Bonilla_Estudios curvados.mp3,wrk_88bc50102a0e9e
3332.mp3,Mathieu Bonilla_Serbend.mp3,wrk_69cbb54eeca1a0
3333.mp3,Mathieu Bonilla_Zinc sous pas glissés.mp3,wrk_d0b36510941b19
3334.mp3,"Mathieu Corajod_Au fil d’une note, des colliers.mp3",wrk_d38584b2448f38
3335.mp3,Matthew Shlomowitz_Earth Breeze Smoke.mp3,wrk_f74a402769c38c
3336.mp3,Matthew Shlomowitz_Grand Epic Fanfare.mp3,wrk_ecde8a150ddf0b
3337.mp3,Matthew Shlomowitz_Line and Length.mp3,wrk_0855ef708fa62f
3338.mp3,"Matthias Kranebitter_Ringelreigen 18,4g CO2.mp3",wrk_ebcfe1b24117a4
3339.mp3,Matthias Kranebitter_Versuche gegen die ohnmacht.mp3,wrk_67a4ea6b979ba0
3340.mp3,Matthias Kranebitter_Whirl and Pendulum.mp3,wrk_154748c95596a0
3341.mp3,Matthias Pintscher_celestial object I.mp3,wrk_ebfb2a492424aa
3342.mp3,Matthias Pintscher_Chute d'étoiles.mp3,wrk_55be338518511f
3343.mp3,Matthias Pintscher_Dernier espace avec introspecteur.mp3,wrk_f85434b7bb677d
3344.mp3,Matthias Pintscher_Figura III.mp3,wrk_b5c6ba1c347684
3345.mp3,Matthias Pintscher_Idyll.mp3,wrk_1493c120f9f00d
3346.mp3,Matthias Pintscher_Janusgesicht.mp3,wrk_6554da335a54ad
3347.mp3,Matthias Pintscher_Mar'eh.mp3,wrk_b1da187d0c8e8e
3348.mp3,Matthias Pintscher_Nemeton.mp3,wrk_e93ad42749c321
3349.mp3,Matthias Pintscher_On a clear day.mp3,wrk_b2d7551774998f
3350.mp3,Matthias Pintscher_Sieben Bagatellen mit Apotheose der Glasharmonika.mp3,wrk_facd21961356bc
3351.mp3,Matthias Pintscher_skull.mp3,wrk_8b348ad98844a2
3352.mp3,Matthias Pintscher_Study II for Treatise on the Veil.mp3,wrk_326c5af3ed3659
3353.mp3,Matthias Pintscher_Un despertar.mp3,wrk_346a421fa48700
3354.mp3,Matthias Pintscher_Uriel.mp3,wrk_9a4998589d6d24
3355.mp3,Maurice Ohana_Anneau du Tamarit.mp3,wrk_fe20284817ddd3
3356.mp3,Maurice Ohana_Anonyme XXe siècle.mp3,wrk_8d0cb736b0b960
3357.mp3,Maurice Ohana_Cadran lunaire.mp3,wrk_290713fcf4e602
3358.mp3,Maurice Ohana_Carillons pour les heures du jour et de la nuit.mp3,wrk_2273c969537815
3359.mp3,Maurice Ohana_Chiffres de clavecin.mp3,wrk_95dae4ecd1c8ff
3360.mp3,Maurice Ohana_Concerto.mp3,wrk_7297454be1e1ea
3361.mp3,Maurice Ohana_Deux pièces pour clavecin.mp3,wrk_9230c8c20d0d32
3362.mp3,Maurice Ohana_Kypris.mp3,wrk_50b917e97fd174
3363.mp3,Maurice Ohana_Livre des Prodiges.mp3,wrk_ce6c5ab320b925
3364.mp3,Maurice Ohana_Miroir de Célestine.mp3,wrk_41277b6b3a1265
3365.mp3,Maurice Ohana_Quatre improvisations.mp3,wrk_0aa045fe50e9bd
3366.mp3,Maurice Ohana_Sacral d'Ilx.mp3,wrk_8926966b7cdf97
3367.mp3,Maurice Ohana_Sarabande.mp3,wrk_5c03f28d27a6a8
3368.mp3,Maurice Ohana_Satyres.mp3,wrk_269e63dad6a67b
3369.mp3,Maurice Ohana_Silenciaire.mp3,wrk_eade0d01025827
3370.mp3,Maurice Ohana_Sorôn-Ngô.mp3,wrk_1af1594a8921d0
3371.mp3,Maurice Ohana_String Quartet No. 2.mp3,wrk_fc236cae9e07e8
3372.mp3,Maurice Ohana_String Quartet No. 3.mp3,wrk_41f2b3b0ec71ca
3373.mp3,Maurice Ohana_Synaxis.mp3,wrk_c4f6d7d4a25f25
3374.mp3,Maurice Ohana_Trois Graphiques.mp3,wrk_4479fa8305959e
3375.mp3,Maurice Ravel_Berceuse sur le nom de Gabriel Fauré.mp3,wrk_387d9750802112
3376.mp3,Maurice Ravel_Entre Cloches.mp3,wrk_a5735fc0c133aa
3377.mp3,Maurice Ravel_Gaspard de la nuit.mp3,wrk_1b5feb3a4a9b24
3378.mp3,Maurice Ravel_Habanera.mp3,wrk_bf0dcdc0767f8c
3379.mp3,Maurice Ravel_Menuet antique.mp3,wrk_deb07285faf64a
3380.mp3,Maurice Ravel_Menuet sur le nom de Haydn.mp3,wrk_0a983f3aebebe7
3381.mp3,Maurice Ravel_Miroirs.mp3,wrk_de37487d80dc93
3382.mp3,Maurice Ravel_Sonata No. 2.mp3,wrk_6b21822567f713
3383.mp3,Maurice Ravel_Sonatine.mp3,wrk_4c756fb449e51b
3384.mp3,Maurice Ravel_String Quartet.mp3,wrk_b0e5020ba3b7fe
3385.mp3,Maurice Ravel_Sérénade grotesque.mp3,wrk_f9c84a3a4080a1
3386.mp3,Maurice Ravel_Trio.mp3,wrk_a0b17fe65639b3
3387.mp3,Maurice Ravel_Tzigane.mp3,wrk_4b06565b2c96d9
3388.mp3,Maurice Ravel_Valses nobles et sentimentales.mp3,wrk_7f3767c68df421
3389.mp3,Mauricio Kagel_An Tasten.mp3,wrk_927b7f90e22952
3390.mp3,Mauricio Kagel_Atem.mp3,wrk_c87740ead962bd
3391.mp3,"Mauricio Kagel_Auftakte, sechshändig.mp3",wrk_3227fa8ce067e0
3392.mp3,Mauricio Kagel_Aus dem Nachlass.mp3,wrk_ce27e353a90f82
3393.mp3,Mauricio Kagel_Charakterstück.mp3,wrk_ad2b38ffa5c4c6
3394.mp3,Mauricio Kagel_Die Stücke der Windrose - Osten.mp3,wrk_07af0654b9967a
3395.mp3,"Mauricio Kagel_Episoden, Figuren.mp3",wrk_7ec3a5f7dc365a
3396.mp3,Mauricio Kagel_Finale.mp3,wrk_cf22c0271e053a
3397.mp3,Mauricio Kagel_Klangwölfe.mp3,wrk_9e5f3cc9980ec6
3398.mp3,Mauricio Kagel_L'art bruit.mp3,wrk_e32b3fb6d8fba9
3399.mp3,Mauricio Kagel_Les Idées fixes.mp3,wrk_1bc22d31a13e6a
3400.mp3,Mauricio Kagel_Mirum.mp3,wrk_98031ecaf80bd0
3401.mp3,Mauricio Kagel_Morceau de concours.mp3,wrk_e39fcb010c0b4d
3402.mp3,Mauricio Kagel_Musi.mp3,wrk_e4bb03517cf05d
3403.mp3,Mauricio Kagel_Pan.mp3,wrk_4c1d980e50cb96
3404.mp3,Mauricio Kagel_Passé composé.mp3,wrk_9f4403d39ecc55
3405.mp3,Mauricio Kagel_Phantasiestück.mp3,wrk_39d489b9f9aa41
3406.mp3,Mauricio Kagel_Serenade.mp3,wrk_84bcfe99edd4d6
3407.mp3,Mauricio Kagel_Siegfriedp'.mp3,wrk_50d445e3015ccb
3408.mp3,Mauricio Kagel_Unguis incarnatus est.mp3,wrk_c804a28e5a95e2
3409.mp3,Maurilio Cacciatore_Stesso Fragile.mp3,wrk_2a275a2108b92f
3410.mp3,Maurilio Cacciatore_Stesso Obliquo.mp3,wrk_4eeb2ee2b0b603
3411.mp3,Maurilio Cacciatore_Toccatina.mp3,wrk_d50a774def9175
3412.mp3,Maurizio Azzan_Dove tutto è stato preso (Innerspace II).mp3,wrk_889b745946b3e9
3413.mp3,Maurizio Azzan_Finding a tangency.mp3,wrk_e7964c83780a0d
3414.mp3,Maurizio Azzan_In limine.mp3,wrk_5c6dcd0b23fd0b
3415.mp3,Mauro Cardi_Trama.mp3,wrk_b4e1e2c10b3be7
3416.mp3,Mauro Lanza_Chop Suey.mp3,wrk_672ab5d0289268
3417.mp3,Mauro Lanza_Gretchen and the fragment on machines.mp3,wrk_b3caaffa2b1bdf
3418.mp3,Mauro Lanza_L'allegro chirurgo.mp3,wrk_e818cfe203d35d
3419.mp3,Mauro Lanza_Number Nine.mp3,wrk_08811119e7ca2a
3420.mp3,Mauro Lanza_Predella.mp3,wrk_1cc03d7d6a7535
3421.mp3,Mauro Lanza_The skin of the onion.mp3,wrk_01648f222ce29c
3422.mp3,Mauro Lanza_Tutto ciò che è solido si dissolve nell'aria.mp3,wrk_1213ad509cf2d2
3423.mp3,Max Reger_String Trio.mp3,wrk_6c851d8bfe9ff8
3424.mp3,Mayu Hirano_color on color.mp3,wrk_d7f6790985e23c
3425.mp3,Mayu Hirano_Impromptu n°1 Les Jardins de Forge.mp3,wrk_78fa53e1258fd6
3426.mp3,Mayu Hirano_Narcisse en eaux troubles.mp3,wrk_8a66b0b3a25668
3427.mp3,Mayu Hirano_toucher.mp3,wrk_a53151f727d38c
3428.mp3,"Mei-Fang Lin_Match, in Memoriam Mauricio Kagel.mp3",wrk_90b7873cba6b2b
3429.mp3,Mei-Fang Lin_Mistress of the Labyrinth.mp3,wrk_93e692c9541cb6
3430.mp3,Meredith Monk_Backlight.mp3,wrk_ea8e51cac8cbaa
3431.mp3,Meredith Monk_Paris.mp3,wrk_85296d364b215c
3432.mp3,Meredith Monk_Stringsongs.mp3,wrk_2b5129c987505f
3433.mp3,Meredith Monk_Trekking.mp3,wrk_fcbff0f3b77540
3434.mp3,Michael Finnissy_Snowdrift.mp3,wrk_ea61050bb0a290
3435.mp3,Michael Gordon_Clouded Yellow.mp3,wrk_96074205e894da
3436.mp3,Michael Gordon_Gene Takes a Drink.mp3,wrk_24a38ec33e12ee
3437.mp3,Michael Gordon_House Music.mp3,wrk_1169de29f44629
3438.mp3,Michael Gordon_Hyper.mp3,wrk_98b6d3df69b045
3439.mp3,Michael Gordon_loved.mp3,wrk_8b5a05545a37fb
3440.mp3,Michael Gordon_Mixed Tulips.mp3,wrk_cb61566911918c
3441.mp3,Michael Gordon_Observations on Air.mp3,wrk_255b9b2a7f92ba
3442.mp3,Michael Gordon_Rushes.mp3,wrk_5defbe3d0cedc0
3443.mp3,Michael Gordon_Sea Salt.mp3,wrk_a474b45aa5cd53
3444.mp3,Michael Gordon_Sonatra.mp3,wrk_85aceca59b7c07
3445.mp3,Michael Gordon_Tall Grass.mp3,wrk_1516ce6802444c
3446.mp3,Michael Gordon_Tree-oh.mp3,wrk_37d2fe101fb620
3447.mp3,Michael Gordon_Weather One.mp3,wrk_2be51d47a80062
3448.mp3,Michael Jarrell_... aussi peu que les nuages.mp3,wrk_6b5382e45cd1da
3449.mp3,Michael Jarrell_...mais les images restent.mp3,wrk_67829ae8d961bf
3450.mp3,Michael Jarrell_...Nachlese... II.mp3,wrk_057667ae7269ab
3451.mp3,Michael Jarrell_Assonance II.mp3,wrk_403c960b762c49
3452.mp3,Michael Jarrell_Assonance III.mp3,wrk_00ed17af7d0de7
3453.mp3,Michael Jarrell_Assonance VI.mp3,wrk_74ca6434907812
3454.mp3,Michael Jarrell_Assonance VII.mp3,wrk_b18eb41918a051
3455.mp3,Michael Jarrell_Assonance.mp3,wrk_df981852510605
3456.mp3,Michael Jarrell_Lied ohne Worte.mp3,wrk_36659933b6c67a
3457.mp3,Michael Jarrell_Music for a While.mp3,wrk_a55a5c6998dc5e
3458.mp3,Michael Jarrell_Offrande.mp3,wrk_bb209ddebc66d5
3459.mp3,Michael Jarrell_Paysages avec figures absentes - Nachlese IV.mp3,wrk_024c5c9456a21b
3460.mp3,Michael Jarrell_Prisme.mp3,wrk_992335fb16bb85
3461.mp3,Michael Jarrell_Verästelungen (Assonance Ic).mp3,wrk_a468c40f4b1165
3462.mp3,Michael Nyman_All Imperfect Things (from The Piano).mp3,wrk_de96e5dac041d3
3463.mp3,Michael Nyman_Big My Secret (from The Piano).mp3,wrk_f187d8ee6e53dd
3464.mp3,Michael Nyman_Concerto for Harpsichord and Strings.mp3,wrk_d4b93d4adad8aa
3465.mp3,Michael Nyman_Deep Sleep Playing (from The Piano).mp3,wrk_a9247e94295844
3466.mp3,Michael Nyman_Flute Concerto No. 2.mp3,wrk_80372d498b30c9
3467.mp3,Michael Nyman_For Ennio.mp3,wrk_645f012a5b32f2
3468.mp3,"Michael Nyman_Fourths, Mostly.mp3",wrk_85db9ca2a29258
3469.mp3,Michael Nyman_gdm.mp3,wrk_06924949d34d7f
3470.mp3,Michael Nyman_If (The Diary of Anne Frank).mp3,wrk_e3b26614b3a60b
3471.mp3,Michael Nyman_In Re Don Giovanni.mp3,wrk_e1739a383c2e21
3472.mp3,Michael Nyman_Love (from Enemy Zero).mp3,wrk_43a2b25edbb6d6
3473.mp3,Michael Nyman_Manhatta.mp3,wrk_875aebb0ac59b3
3474.mp3,Michael Nyman_Memorial.mp3,wrk_416c4a39657d49
3475.mp3,Michael Nyman_Poczatek.mp3,wrk_aa87582468ea9f
3476.mp3,Michael Nyman_Shaping the Curve.mp3,wrk_53c291c40bd363
3477.mp3,Michael Nyman_String Quartet No. 3.mp3,wrk_6e76c4c048a426
3478.mp3,Michael Nyman_The Piano Concerto.mp3,wrk_aaed611143644e
3479.mp3,Michael Nyman_Time Lapse (from A Zed and Two Noughts).mp3,wrk_ae22cf38b9c25e
3480.mp3,Michael Nyman_Time Will Pronounce.mp3,wrk_10ad8518b9dc47
3481.mp3,Michael Nyman_Violin Concerto.mp3,wrk_81b1ef57a68170
3482.mp3,Michael Nyman_When Ingrid Met Capa.mp3,wrk_a4d1d922cec37f
3483.mp3,Michael Nyman_Why (from the Diary of Anne Frank).mp3,wrk_a961324c20aeaf
3484.mp3,Michael Nyman_Yellow Beach.mp3,wrk_ccb1704011468b
3485.mp3,Michael Pelzel_...along 101.mp3,wrk_6f5608c63d79c1
3486.mp3,Michael Pelzel_Sempiternal lock-in.mp3,wrk_8a3215918faefb
3487.mp3,Michaël Levinas_Clameurs.mp3,wrk_41f0e73ebbad53
3488.mp3,Michaël Levinas_Froissements d'ailes.mp3,wrk_46b088c26e077a
3489.mp3,Michaël Levinas_Par-delà.mp3,wrk_4b13af0015f3e7
3490.mp3,Michaël Levinas_Trois études.mp3,wrk_f2e6472595bbfe
3491.mp3,Michel van der Aa_akin.mp3,wrk_73df5e4e7037a3
3492.mp3,Michel van der Aa_Imprint.mp3,wrk_a59ad5b5691c47
3493.mp3,Michel van der Aa_Solo.mp3,wrk_bdb5695843d37f
3494.mp3,Michelle Agnes Magalhaes_After Spring.mp3,wrk_53ff16ce8d96d9
3495.mp3,Michelle Agnes Magalhaes_Lorca Fragments.mp3,wrk_413e4e2fc97639
3496.mp3,Michelle Agnes Magalhaes_Mobile.mp3,wrk_e5b43f18647333
3497.mp3,Michelle Agnes Magalhaes_Play and theory of the duende.mp3,wrk_f5f660d73c75b2
3498.mp3,Mikel Urquiza_Atelier d'Escher.mp3,wrk_d7cdba631d7484
3499.mp3,Mikel Urquiza_Cinq pièges brefs.mp3,wrk_b72b722e9d2071
3500.mp3,Mikel Urquiza_Contrapluma.mp3,wrk_99fe454916e7c5
3501.mp3,Mikel Urquiza_Ikusia ikusirik.mp3,wrk_b386a49c7588f7
3502.mp3,Mikel Urquiza_La pluie dans un verre d'eau.mp3,wrk_1064eb59642f30
3503.mp3,Mikel Urquiza_Lavorare stanca.mp3,wrk_7e5da8574991ae
3504.mp3,Mikel Urquiza_Les lueurs se sont multipliées.mp3,wrk_1526f45d22bc79
3505.mp3,Mikel Urquiza_Mis monstruos marinos.mp3,wrk_ed388efbd9f0b2
3506.mp3,Mikel Urquiza_Oiseaux gazouillants et hibou qui se retourne.mp3,wrk_12842e34a4fc8a
3507.mp3,Mikel Urquiza_Opus vermiculatum.mp3,wrk_da5e15c5b02afc
3508.mp3,Mikel Urquiza_Ouverture Française.mp3,wrk_5bc68d5fc8d11f
3509.mp3,Mikel Urquiza_Pièges de neige.mp3,wrk_afc8da6958a59a
3510.mp3,Mikel Urquiza_Sex doll deluxe.mp3,wrk_2063fbbdf65ca3
3511.mp3,Mioko Yokoyama_Circular Spell.mp3,wrk_f08b66cdbbbec6
3512.mp3,Mioko Yokoyama_Game of Metal.mp3,wrk_1ad2c651eacf5a
3513.mp3,Mioko Yokoyama_Piano Concerto.mp3,wrk_ef3c26418ee0df
3514.mp3,Mirela Ivičević_FEAR.LESS.SONGS.mp3,wrk_1abfa431777515
3515.mp3,Mirela Ivičević_Goldspell.mp3,wrk_1137de34bb3754
3516.mp3,Miroslav Srnka_Assembly.mp3,wrk_cf358c9a4899a3
3517.mp3,Miroslav Srnka_Is This Us.mp3,wrk_3b280ea1640efa
3518.mp3,Miroslav Srnka_Standstill.mp3,wrk_fa6482598cb0a9
3519.mp3,Misato Mochizuki_All that is including me.mp3,wrk_04a36dd985eae7
3520.mp3,Misato Mochizuki_Brains.mp3,wrk_1b215ceca89300
3521.mp3,Misato Mochizuki_Chimera.mp3,wrk_d4f37ce0014f37
3522.mp3,Misato Mochizuki_Intermezzi I.mp3,wrk_84a96ad6607ec0
3523.mp3,Misato Mochizuki_Intermezzi II.mp3,wrk_56a3cfaf0c4c07
3524.mp3,Misato Mochizuki_La chambre claire.mp3,wrk_c982b055af1dcc
3525.mp3,Misato Mochizuki_Le monde des ronds et des carrés.mp3,wrk_4421b4d7afb476
3526.mp3,"Misato Mochizuki_Si bleu, si calme.mp3",wrk_11643823477072
3527.mp3,Misato Mochizuki_Voilages.mp3,wrk_24e06f33bd0544
3528.mp3,Morton Feldman_Bass Clarinet and Percussion.mp3,wrk_eae60eb2380e7f
3529.mp3,Morton Feldman_Cello and Orchestra.mp3,wrk_bb04ebe348ea76
3530.mp3,Morton Feldman_Clarinet and String Quartet.mp3,wrk_2aa29fc0894136
3531.mp3,Morton Feldman_Crippled Symmetry.mp3,wrk_1fd2116cf44650
3532.mp3,Morton Feldman_False Relationships and the Extended Ending.mp3,wrk_9b8de8220d21b9
3533.mp3,Morton Feldman_Flute and Orchestra.mp3,wrk_234f9f649fc0fd
3534.mp3,Morton Feldman_For Bunita Marcus.mp3,wrk_82eb3edbaaace9
3535.mp3,Morton Feldman_For John Cage.mp3,wrk_90660f6fb743af
3536.mp3,Morton Feldman_For Philip Guston.mp3,wrk_16dffbac4c6166
3537.mp3,Morton Feldman_For Samuel Beckett.mp3,wrk_893ac6c0c6487c
3538.mp3,Morton Feldman_Four Instruments.mp3,wrk_d7a33fab94c500
3539.mp3,Morton Feldman_I Met Heine on the Rue Furstemberg.mp3,wrk_385fb22de4f75c
3540.mp3,Morton Feldman_Instruments I.mp3,wrk_5ebe40a7831ceb
3541.mp3,Morton Feldman_Instruments II.mp3,wrk_08cf8d94f86e0b
3542.mp3,Morton Feldman_Instruments III.mp3,wrk_5a86b83bb0c7b0
3543.mp3,Morton Feldman_Madame Press Died Last Week at Ninety.mp3,wrk_292267a3c606d1
3544.mp3,Morton Feldman_Orchestra.mp3,wrk_d7fe18147a1f98
3545.mp3,Morton Feldman_Palais de Mari.mp3,wrk_3cc86f38325358
3546.mp3,Morton Feldman_Piano and Orchestra.mp3,wrk_1a3377ad0b2b59
3547.mp3,Morton Feldman_Piano and String Quartet.mp3,wrk_fbc6d5360ff871
3548.mp3,"Morton Feldman_Piano, Violin, Viola, Cello.mp3",wrk_077344b87b6556
3549.mp3,Morton Feldman_Piano.mp3,wrk_b03f5415b5d330
3550.mp3,Morton Feldman_Principal Sound.mp3,wrk_3eefaaf5ee2a07
3551.mp3,Morton Feldman_String Quartet and Orchestra.mp3,wrk_a4cc3fe8df2f1f
3552.mp3,Morton Feldman_String Quartet No. 2.mp3,wrk_1c33a5b30a63ed
3553.mp3,Morton Feldman_String Quartet.mp3,wrk_d834e17672627e
3554.mp3,Morton Feldman_The King of Denmark.mp3,wrk_0f8ea3a08bd018
3555.mp3,Morton Feldman_The Viola in My Life I.mp3,wrk_0a82ebf60bb767
3556.mp3,"Morton Feldman_Three Clarinets, Cello and Piano.mp3",wrk_460bd2e8f91062
3557.mp3,Morton Feldman_Triadic Memories.mp3,wrk_ef30a88e21b693
3558.mp3,Morton Feldman_Trio.mp3,wrk_db1f94f739a6c3
3559.mp3,Morton Feldman_Vertical Thoughts 2.mp3,wrk_1ae5f3dd62d39a
3560.mp3,Morton Feldman_Violin and Orchestra.mp3,wrk_b6d54a89376ae7
3561.mp3,Morton Feldman_Why Patterns.mp3,wrk_7476c0d3eeb852
3562.mp3,Morton Subotnick_Falling Leaves.mp3,wrk_05de8f8739f9a6
3563.mp3,Márton Illés_Ez-Tér.mp3,wrk_17ae2e2b224885
3564.mp3,Márton Illés_Forajzok.mp3,wrk_d6472682f1e9f6
3565.mp3,Márton Illés_Psychogramm I « Jajgatós ».mp3,wrk_4c726b2cee2ccd
3566.mp3,Márton Illés_Psychogramm II « Rettegös ».mp3,wrk_69f83c1b794592
3567.mp3,Márton Illés_Réz-Tér.mp3,wrk_a4b0edf0b060d4
3568.mp3,Márton Illés_Torso V.mp3,wrk_50209d291086a8
3569.mp3,Márton Illés_Vont-tér.mp3,wrk_5deebb15e2015a
3570.mp3,Márton Illés_Víz-szín-tér.mp3,wrk_1056304309b5db
3571.mp3,Nadir Vassena_11 fragili giochi della notte.mp3,wrk_9af11522363343
3572.mp3,Nadir Vassena_Come perduto nel mare un bambino.mp3,wrk_93bd4ebd673996
3573.mp3,Nadir Vassena_Luoghi sottratti.mp3,wrk_982882d102c456
3574.mp3,Nadir Vassena_Materia oscura.mp3,wrk_2c35075aae2641
3575.mp3,Nadir Vassena_Rivolto verso terra - rivolto verso il mare.mp3,wrk_a2a6191a42aad7
3576.mp3,Nadir Vassena_Triptych – Crucifixion.mp3,wrk_49c06ce8531fc1
3577.mp3,Nathaniel Otley_Detritus.mp3,wrk_da4e4782c83b5e
3578.mp3,Nathaniel Otley_the convergence of oceans.mp3,wrk_c2b8eace06acda
3579.mp3,Niccolò Castiglioni_Come io passo l'estate.mp3,wrk_ca422a1ff259e1
3580.mp3,Niccolò Castiglioni_Movimento continuato.mp3,wrk_4ddd648fcbc0ef
3581.mp3,Niccolò Castiglioni_Romanze.mp3,wrk_1deede425350b1
3582.mp3,Niccolò Castiglioni_Sonatina.mp3,wrk_23547347ae0b11
3583.mp3,Niccolò Castiglioni_Tropi.mp3,wrk_8391fc1b5babe6
3584.mp3,Nico Muhly_Clear Music.mp3,wrk_b72a3f4ca52687
3585.mp3,Nico Muhly_Common Ground.mp3,wrk_8607474b3e1d46
3586.mp3,Nico Muhly_Diacritical Marks.mp3,wrk_7a4e5d7dc24909
3587.mp3,Nico Muhly_Doublespeak.mp3,wrk_200047e91bb732
3588.mp3,Nico Muhly_Falling Berceuse.mp3,wrk_2b760ebef6e522
3589.mp3,Nico Muhly_Fast Cycles.mp3,wrk_2c380489d48516
3590.mp3,Nico Muhly_Fast Patterns.mp3,wrk_ec3d5f4d210d7a
3591.mp3,Nico Muhly_Flexible Music.mp3,wrk_a355a7166cde4b
3592.mp3,Nico Muhly_Gait.mp3,wrk_9ba57b2f22d94e
3593.mp3,Nico Muhly_Honest Music.mp3,wrk_8916f25d8e6de4
3594.mp3,Nico Muhly_Hudson Preludes.mp3,wrk_6feed761021fca
3595.mp3,Nico Muhly_It's About Time.mp3,wrk_c373bad1fa8b04
3596.mp3,Nico Muhly_Lilt.mp3,wrk_a3926cbeb86aaf
3597.mp3,Nico Muhly_Motion.mp3,wrk_404be5c8ca071a
3598.mp3,Nico Muhly_Move.mp3,wrk_a29d1d1d9642ac
3599.mp3,Nico Muhly_O Antiphon Preludes.mp3,wrk_b5cccf330da2a4
3600.mp3,"Nico Muhly_One Line, Two Shapes.mp3",wrk_4c6e7fee14308c
3601.mp3,Nico Muhly_Pastoral.mp3,wrk_f8c41b14336412
3602.mp3,Nico Muhly_Quiet Music.mp3,wrk_c083e7e2725140
3603.mp3,Nico Muhly_Refine.mp3,wrk_137d4f09b00038
3604.mp3,Nico Muhly_Short Stuff.mp3,wrk_0237e166c51a5b
3605.mp3,Nico Muhly_Step Team.mp3,wrk_96a9c9ba36708b
3606.mp3,Nico Muhly_Time After Time.mp3,wrk_b052725e1f3b84
3607.mp3,Nico Muhly_Viola Concerto.mp3,wrk_cfa943a32fe3db
3608.mp3,Nico Muhly_You Can't Get There From Here.mp3,wrk_67c9bc9934f58a
3609.mp3,Nicola Sani_Oltre il deserto spazio.mp3,wrk_1d001d83b5bfa0
3610.mp3,Nicola Sani_Verso un altro occidente II.mp3,wrk_0b499d71dee2b3
3611.mp3,Nicola Sani_Verso un altro occidente.mp3,wrk_f5449c2d52fe6a
3612.mp3,Nicolas Mondon_Olvida.mp3,wrk_5548b920dfdf77
3613.mp3,Nicolas Mondon_Ravine.mp3,wrk_515dafe669895d
3614.mp3,"Nicolas Tzortzis_... à une main, hommage à Roger Federer.mp3",wrk_3027f648009d2e
3615.mp3,Nicolas Tzortzis_Court métrage.mp3,wrk_1b0f5bfe5c543e
3616.mp3,Nicolas Tzortzis_Femme-tête-temps.mp3,wrk_d13b888b713c65
3617.mp3,Nicolas Tzortzis_Illusoire.mp3,wrk_6f235d908e61ba
3618.mp3,Nicolas Tzortzis_« ...de ce qui est en lutte... ».mp3,wrk_6eabe75433ea02
3619.mp3,Nicolaus A. Huber_Auf Flügeln der Harfe.mp3,wrk_6c73dfb3f06c3c
3620.mp3,Nicolaus A. Huber_Aus Schmerz und Trauer.mp3,wrk_7d6d50e5ff215b
3621.mp3,Nicolaus A. Huber_Blanco y Verde.mp3,wrk_7d0f3462427bd4
3622.mp3,Nicolaus A. Huber_Clash Music.mp3,wrk_9f80c1f4aab4f9
3623.mp3,Nicolaus A. Huber_Darabukka.mp3,wrk_0cadde385c4611
3624.mp3,Nicolaus A. Huber_Disappearances.mp3,wrk_95b8f8c32c6434
3625.mp3,Nicolaus A. Huber_Fingercapriccio.mp3,wrk_4c20a9a4254edc
3626.mp3,Nicolaus A. Huber_Herbstfestival.mp3,wrk_07ac2a62a5eca9
3627.mp3,Nicolaus A. Huber_In die Stille.mp3,wrk_61520510d8562d
3628.mp3,Nicolaus A. Huber_La Force du Vertige.mp3,wrk_f92ab585826b6b
3629.mp3,"Nicolaus A. Huber_O, dieses Lichts!.mp3",wrk_c6a061400fedc4
3630.mp3,Nicolaus A. Huber_Ohne Hölderlin.mp3,wrk_fb1b0c95c8654c
3631.mp3,Nicolaus A. Huber_Presente.mp3,wrk_20b06a79445a7a
3632.mp3,Nicole Lizée_Another Living Soul.mp3,wrk_5895cb15313564
3633.mp3,Nicole Lizée_Blurr is the Colour of My True Love's Eyes.mp3,wrk_da495eb0c3a246
3634.mp3,Nicole Lizée_Darkness is Not Well Lit.mp3,wrk_ad24ee70e3d0d9
3635.mp3,Nicole Lizée_Dystopia Suite.mp3,wrk_f468e272c032f5
3636.mp3,Nicole Lizée_Katana of Choice.mp3,wrk_625fad8d2c6028
3637.mp3,Nicole Lizée_Metal Jacket.mp3,wrk_04c6f3361ea6fc
3638.mp3,Nicole Lizée_Music for Body-Without-Organs.mp3,wrk_6d1de20b7b42d2
3639.mp3,Nicole Lizée_Ringer.mp3,wrk_9b8eca3f4fa5a7
3640.mp3,Nicole Lizée_Sepulchre.mp3,wrk_46548cff685a69
3641.mp3,Nicole Lizée_Télévision.mp3,wrk_c6ca0f9521d53a
3642.mp3,Nicole Lizée_Vertigo Beach [À Tom Verlaine].mp3,wrk_6a64d22ffeb598
3643.mp3,Nina Šenk_Augenblicke.mp3,wrk_f948fbe5b5a459
3644.mp3,Nina Šenk_Changing.mp3,wrk_917208e2064ff4
3645.mp3,Nina Šenk_Flux.mp3,wrk_de493c99c7afc3
3646.mp3,Nina Šenk_One's Song.mp3,wrk_837fc8cd22d3de
3647.mp3,Nina Šenk_Phases of water.mp3,wrk_80d3619379b1fd
3648.mp3,Nina Šenk_Quadrum.mp3,wrk_5cf6014f93a5b4
3649.mp3,Nina Šenk_Schnitt.mp3,wrk_b29a4cd5df066f
3650.mp3,Nina Šenk_…entourer….mp3,wrk_79cd0dcbc3a394
3651.mp3,Nino Rota_15 Preludi.mp3,wrk_4722d60666bff8
3652.mp3,Nino Rota_Allegro danzante.mp3,wrk_61597f10517337
3653.mp3,Nino Rota_Bagatella.mp3,wrk_5a71e4558b51b8
3654.mp3,Nino Rota_Balli.mp3,wrk_0257afee7e0831
3655.mp3,Nino Rota_Concerto festivo.mp3,wrk_22276aa794a027
3656.mp3,Nino Rota_Concerto soirée.mp3,wrk_f848e001aca93d
3657.mp3,Nino Rota_Improvviso (un diavolo sentimentale).mp3,wrk_1c5c55d85bb273
3658.mp3,Nino Rota_Improvviso.mp3,wrk_91cdaa439443cb
3659.mp3,Nino Rota_Intermezzo.mp3,wrk_28590eddebac55
3660.mp3,Nino Rota_Ippolito gioca.mp3,wrk_ece8479c12b339
3661.mp3,Nino Rota_Nonetto.mp3,wrk_c5137dc21c8c48
3662.mp3,Nino Rota_Sinfonia sopra una canzone d'amore.mp3,wrk_55b7b11b6c49e2
3663.mp3,Noriko Baba_Bonbori.mp3,wrk_fb9b2516d3edc5
3664.mp3,Noriko Baba_Non-canonic Variations.mp3,wrk_94650b152c2498
3665.mp3,Noriko Baba_Shiosai.mp3,wrk_0d91cea2479807
3666.mp3,Noriko Baba_Sol-itude.mp3,wrk_4d4b742ceebf86
3667.mp3,Núria Giménez-Comas_De profunditat.mp3,wrk_46a326812e62f7
3668.mp3,Núria Giménez-Comas_Pour apaiser le vent et les vagues.mp3,wrk_05f1aec72f4f9b
3669.mp3,"Núria Giménez-Comas_Tierra, polvo, tumba.mp3",wrk_934547273d8b20
3670.mp3,Ofer Pelz_Chinese Whispers.mp3,wrk_242a91fa6c5907
3671.mp3,"Ofer Pelz_Marchons, marchons.mp3",wrk_85674f5dc59879
3672.mp3,Olga Neuwirth_...ad auras.mp3,wrk_c2bbdc4ec02067
3673.mp3,Olga Neuwirth_...miramondo multiplo.mp3,wrk_aa94b0a3183e79
3674.mp3,Olga Neuwirth_...risonanze.mp3,wrk_d716d2b7fd95e9
3675.mp3,Olga Neuwirth_Clinamen Nodus.mp3,wrk_cf2b7d7366710b
3676.mp3,Olga Neuwirth_In the realms of the unreal.mp3,wrk_92132552fdc06c
3677.mp3,Olga Neuwirth_Marsyas II.mp3,wrk_ed8bedf930a0e4
3678.mp3,Olga Neuwirth_Marsyas.mp3,wrk_d3a8a4ae30189b
3679.mp3,Olga Neuwirth_Ondate.mp3,wrk_0e84de79540a7c
3680.mp3,Olga Neuwirth_Quasare Pulsare.mp3,wrk_cfaf1abb18eec5
3681.mp3,Olga Neuwirth_Settori.mp3,wrk_ebfc1d148ce662
3682.mp3,Olga Neuwirth_Spleen II.mp3,wrk_9866b1a4a38eeb
3683.mp3,Olga Neuwirth_Spleen III.mp3,wrk_e92ea3a1b4200d
3684.mp3,Olga Neuwirth_Trurliade-Zone Zero.mp3,wrk_4e87404bc66577
3685.mp3,Oliver Knussen_Cantata.mp3,wrk_7d301427f91373
3686.mp3,Oliver Knussen_Cleveland Pictures.mp3,wrk_7b534c3bcaf2ae
3687.mp3,Oliver Knussen_Coursing.mp3,wrk_b4bf936a451dc2
3688.mp3,Oliver Knussen_Eccentric Melody.mp3,wrk_b30b0ab2920869
3689.mp3,Oliver Knussen_Flourish with Fireworks.mp3,wrk_4ae127d65d0e6c
3690.mp3,Oliver Knussen_Horn concerto.mp3,wrk_b0eb6d98df0cc7
3691.mp3,Oliver Knussen_Masks.mp3,wrk_8fb6d13ad3cc0e
3692.mp3,Oliver Knussen_Prayer Bell Sketch.mp3,wrk_16899bd2849547
3693.mp3,Oliver Knussen_Reflection.mp3,wrk_664ac76a73857c
3694.mp3,Oliver Knussen_Secret Psalm.mp3,wrk_e73e16882b8fd6
3695.mp3,Oliver Knussen_Songs without Voices.mp3,wrk_7cc38aa0086831
3696.mp3,Oliver Knussen_Sonya's Lullaby.mp3,wrk_8e31ae233b9d14
3697.mp3,Oliver Knussen_Symphony No. 3.mp3,wrk_57b23c831b8c3f
3698.mp3,Oliver Knussen_Three Little Fantasies.mp3,wrk_efb18df6505027
3699.mp3,Oliver Knussen_Variations.mp3,wrk_829efc0165ac93
3700.mp3,Oliver Knussen_Violin Concerto.mp3,wrk_31566926bf0a5e
3701.mp3,Oliver Schneller_Aqua Vit.mp3,wrk_33cd2b740cbf3f
3702.mp3,Oliver Schneller_Diastema.mp3,wrk_08be5021143e4a
3703.mp3,Oliver Schneller_Superstructure.mp3,wrk_c5b6f67c4766c9
3704.mp3,Oliver Schneller_Topoi.mp3,wrk_d56a5534dc47d4
3705.mp3,Oliver Schneller_Transience.mp3,wrk_4bc088b5cdce65
3706.mp3,Olivier Greif_Le Tombeau de Ravel.mp3,wrk_c3fcaa748ab3c8
3707.mp3,Olivier Greif_Trio.mp3,wrk_42fdeb7b758608
3708.mp3,Olivier Greif_Veni Creator.mp3,wrk_c4a5f89ccff523
3709.mp3,Olivier Messiaen_Cantéyodjayâ.mp3,wrk_947d78727842d2
3710.mp3,Olivier Messiaen_Catalogue d'oiseaux.mp3,wrk_714fc2af546ef2
3711.mp3,Olivier Messiaen_Chronochromie.mp3,wrk_74d3505457e22f
3712.mp3,Olivier Messiaen_Couleurs de la Cité Céleste.mp3,wrk_b4b1e2d6fd8462
3713.mp3,Olivier Messiaen_Diptyque.mp3,wrk_a4ea82bf845e7b
3714.mp3,Olivier Messiaen_Fantaisie burlesque.mp3,wrk_65a32b0fde971b
3715.mp3,Olivier Messiaen_Hymne.mp3,wrk_c7654ed2e256b6
3716.mp3,Olivier Messiaen_L'ascension.mp3,wrk_e575f3ba6ef28d
3717.mp3,Olivier Messiaen_La Chouette hulotte.mp3,wrk_86b1edfdb524b9
3718.mp3,Olivier Messiaen_La Fauvette des Jardins.mp3,wrk_9f33ff72d6f8de
3719.mp3,Olivier Messiaen_La ville d'en-haut.mp3,wrk_4ffc81a67d86c7
3720.mp3,Olivier Messiaen_Le Banquet Céleste.mp3,wrk_9b2aca1d4e127d
3721.mp3,Olivier Messiaen_Le Merle noir.mp3,wrk_887ea69ed57986
3722.mp3,Olivier Messiaen_Le Tombeau resplendissant.mp3,wrk_202226ef01a49e
3723.mp3,Olivier Messiaen_Le Traquet rieur.mp3,wrk_11ad39696737f1
3724.mp3,Olivier Messiaen_Les Corps Glorieux.mp3,wrk_db42bdd52b4ef5
3725.mp3,Olivier Messiaen_Livre d'orgue.mp3,wrk_917067f53b5d5f
3726.mp3,Olivier Messiaen_Monodie.mp3,wrk_bc6db3a9c3f4ca
3727.mp3,Olivier Messiaen_Offrande au Saint-Sacrement.mp3,wrk_80e56629dd9ee3
3728.mp3,Olivier Messiaen_Oiseaux exotiques.mp3,wrk_fd4cfb081fc3b0
3729.mp3,Olivier Messiaen_Petites Esquisses d'oiseaux.mp3,wrk_7085d3ecdda746
3730.mp3,Olivier Messiaen_Quatre Études de rythme.mp3,wrk_5fe5cd60b8f4c5
3731.mp3,Olivier Messiaen_Rondeau.mp3,wrk_7f6a4d09155f9f
3732.mp3,Olivier Messiaen_Réveil des Oiseaux.mp3,wrk_0e0897e2da90f3
3733.mp3,Olivier Messiaen_Sept Haïkaï.mp3,wrk_10891b9bdb57ae
3734.mp3,Olivier Messiaen_Un sourire.mp3,wrk_5a2dafcbb2f1f2
3735.mp3,Olivier Messiaen_Un Vitrail et des oiseaux.mp3,wrk_a57c1b24d22de1
3736.mp3,Olivier Messiaen_Verset pour la Fête de la Dédicace.mp3,wrk_994012968294f0
3737.mp3,Olivier Messiaen_Vingt Regards sur l'Enfant Jésus.mp3,wrk_674ff7324a48bf
3738.mp3,Ondřej Adámek_B-low Up.mp3,wrk_1f0bd430037065
3739.mp3,Ondřej Adámek_Coups d’ailes.mp3,wrk_80c0d153b46c0c
3740.mp3,Ondřej Adámek_Dusty Rusty Hush.mp3,wrk_6f1ab0c5908b66
3741.mp3,Ondřej Adámek_Endless Steps.mp3,wrk_743feb099643e8
3742.mp3,Ondřej Adámek_Fishbones.mp3,wrk_fc1a285606ccd5
3743.mp3,Ondřej Adámek_Follow me.mp3,wrk_ed860ecf95a5c0
3744.mp3,Ondřej Adámek_Lo que no’ contamo’.mp3,wrk_c51fc181858ae3
3745.mp3,Ondřej Adámek_Nôise.mp3,wrk_a978150880f573
3746.mp3,Oren Boneh_Churn.mp3,wrk_895e4bf7482b9a
3747.mp3,Oren Boneh_Lug.mp3,wrk_cdf9ea986700ab
3748.mp3,Oren Boneh_Masha (the mouse).mp3,wrk_73545244308cfa
3749.mp3,Oren Boneh_Municipal Shuffle.mp3,wrk_ffb5497ae249e2
3750.mp3,Oren Boneh_Wicker and Pearl.mp3,wrk_ac079fbbf76e77
3751.mp3,"Oscar Bianchi_Aqba, Nel Soffio Tuo Dolce.mp3",wrk_f3aaaae99f5d37
3752.mp3,Oscar Bianchi_De Rerum Natura.mp3,wrk_16ae17d202bff0
3753.mp3,Oscar Bianchi_Sintonía.mp3,wrk_003df3b24d5b97
3754.mp3,Oscar Strasnoy_Kuleshov.mp3,wrk_8bfc37dfdd11ab
3755.mp3,Osvaldo Golijov_Deaths of the Angel.mp3,wrk_1c96ef321affaf
3756.mp3,Osvaldo Golijov_Fish Tale.mp3,wrk_b4520f66e60269
3757.mp3,Osvaldo Golijov_K'vakarat.mp3,wrk_aca7600cfe057a
3758.mp3,Osvaldo Golijov_Last Round.mp3,wrk_7dae4dfac9db0c
3759.mp3,Osvaldo Golijov_Omaramor.mp3,wrk_6e2663cf4c831f
3760.mp3,Osvaldo Golijov_Tenebrae.mp3,wrk_bc636a23943691
3761.mp3,Panayiotis Kokoras_Crama.mp3,wrk_0bb9b434c66254
3762.mp3,Panayiotis Kokoras_Delirium.mp3,wrk_7ed00201f87434
3763.mp3,Panayiotis Kokoras_Holophony.mp3,wrk_917bb33c671be0
3764.mp3,Panayiotis Kokoras_Paranormal.mp3,wrk_920115f2c27824
3765.mp3,Pascal Dusapin_A Quia.mp3,wrk_704e0ee0968a39
3766.mp3,Pascal Dusapin_By the Way.mp3,wrk_9d5c22c57dced2
3767.mp3,Pascal Dusapin_Cascando.mp3,wrk_4105340bfc8c38
3768.mp3,Pascal Dusapin_Clam.mp3,wrk_c6dd8c6e809fb9
3769.mp3,Pascal Dusapin_Extenso.mp3,wrk_b81d025b05bc02
3770.mp3,Pascal Dusapin_Galim.mp3,wrk_47a3c6284499a1
3771.mp3,Pascal Dusapin_Ici.mp3,wrk_6b2b114497a41c
3772.mp3,Pascal Dusapin_Immer.mp3,wrk_d452eee2d90cdc
3773.mp3,Pascal Dusapin_In & Out.mp3,wrk_a38e77ca14e966
3774.mp3,Pascal Dusapin_Indeed.mp3,wrk_661c3fedbb7672
3775.mp3,Pascal Dusapin_Inside.mp3,wrk_bfc71c53053159
3776.mp3,Pascal Dusapin_Invece.mp3,wrk_6ea4c281f515f7
3777.mp3,Pascal Dusapin_Iti.mp3,wrk_5eee4c675e4202
3778.mp3,Pascal Dusapin_Itou.mp3,wrk_cc8be71336d6cd
3779.mp3,Pascal Dusapin_Memory.mp3,wrk_bd8058eb81b098
3780.mp3,Pascal Dusapin_Morning in Long Island.mp3,wrk_14c6a0913ee6b7
3781.mp3,Pascal Dusapin_Ohimé.mp3,wrk_51347b0569c3d7
3782.mp3,Pascal Dusapin_Ohé.mp3,wrk_d7656941fb668d
3783.mp3,Pascal Dusapin_Outscape.mp3,wrk_14f0a3565af57c
3784.mp3,Pascal Dusapin_Quatuor VI.mp3,wrk_17f5b677227cc4
3785.mp3,Pascal Dusapin_Time Zones.mp3,wrk_bb269157e5745f
3786.mp3,Pascal Dusapin_Trio Rombach.mp3,wrk_f9878265ac92bb
3787.mp3,Pascal Dusapin_Waves.mp3,wrk_0e09f79aef7882
3788.mp3,Pascale Criton_Chaoscaccia.mp3,wrk_b220e82645fce9
3789.mp3,Pascale Criton_La ritournelle et le galop.mp3,wrk_1ac80d50cc8a51
3790.mp3,Pascale Criton_Objectiles.mp3,wrk_fd55a8f471741b
3791.mp3,Pascale Criton_Territoires imperceptibles.mp3,wrk_2bea7163e428c5
3792.mp3,Pascale Criton_Trans.mp3,wrk_fb8245f04d5dab
3793.mp3,Pascale Criton_Wander Steps.mp3,wrk_e5d42533392638
3794.mp3,Pasquale Corrado_Arcipeloghis.mp3,wrk_2656a31246f35d
3795.mp3,Pasquale Corrado_D'Estasi.mp3,wrk_bd4fba15c3cbc0
3796.mp3,Pasquale Corrado_Grain.mp3,wrk_da2515a8e180d2
3797.mp3,Pasquale Corrado_Insequenza.mp3,wrk_1d4813cfe5df78
3798.mp3,Pasquale Corrado_Intermezzo.mp3,wrk_98c1463c3ebb1d
3799.mp3,Pasquale Corrado_Lente.mp3,wrk_aaa609c3e4303f
3800.mp3,Pasquale Corrado_Ozone.mp3,wrk_1e5b5b7d769299
3801.mp3,Pasquale Corrado_Sovrainciso.mp3,wrk_5d8b7b6057cb8e
3802.mp3,Pasquale Corrado_Stars.mp3,wrk_acf856fc5671fe
3803.mp3,Patrick Burgan_Berceuse.mp3,wrk_4bb1ced8472a56
3804.mp3,Patrick Marcland_Variants.mp3,wrk_a2c5edc326fbb7
3805.mp3,Paul Dessau_Bach-Variationen.mp3,wrk_ab51f2601295a2
3806.mp3,Paul Dessau_Divertimento.mp3,wrk_8e6c97ef207ecb
3807.mp3,Paul Dessau_In memoriam Bertolt Brecht.mp3,wrk_6739f0ea2b18f6
3808.mp3,Paul Dessau_Lustige Variationen über ein deutsches Volkslied.mp3,wrk_20ee5b3dfd467f
3809.mp3,Paul Dessau_Musik für 15 Streichinstrumente.mp3,wrk_19f72703bf8c4e
3810.mp3,Paul Dessau_Orchestermusik Nr. 4.mp3,wrk_af843257ddfccb
3811.mp3,Paul Dessau_Sinfonie.mp3,wrk_78042275552672
3812.mp3,Paul Hindemith_A frog he went a-courting.mp3,wrk_c78d65bd6eb5c7
3813.mp3,Paul Hindemith_Der Schwanendreher.mp3,wrk_cb185ff671e993
3814.mp3,Paul Hindemith_In einer Nacht… Träume und Erlebnisse.mp3,wrk_a20d17b43b4a83
3815.mp3,Paul Hindemith_Kammermusik n°4.mp3,wrk_2f340b1695c560
3816.mp3,Paul Hindemith_Ludus tonalis.mp3,wrk_12e48fb5756405
3817.mp3,Paul Hindemith_Philharmonisches Konzert.mp3,wrk_51a89ecaee2195
3818.mp3,Paul Hindemith_Pittsburgh Symphony.mp3,wrk_fc9d7eb1e6444e
3819.mp3,Paul Hindemith_Suite 1922.mp3,wrk_001466207774a6
3820.mp3,Paul Méfano_Batro.mp3,wrk_4edf5c2b95830b
3821.mp3,Paul Méfano_Gradiva.mp3,wrk_3805abf917f181
3822.mp3,Paul Méfano_Interférences.mp3,wrk_3a2169326784f0
3823.mp3,Paul Méfano_Involutive.mp3,wrk_3a3cba6896e48f
3824.mp3,Paul Méfano_Jades.mp3,wrk_8e67beccc6080a
3825.mp3,Paul Méfano_Mémoire de la porte blanche.mp3,wrk_44903b86a5ca3d
3826.mp3,Paul Méfano_Speed.mp3,wrk_956cadb09eb6fd
3827.mp3,Paul Méfano_Traits suspendus.mp3,wrk_725a57c675d1a5
3828.mp3,Paul Méfano_Tronoën.mp3,wrk_b85bc90d5ae8b0
3829.mp3,Pauline Oliveros_The Wanderer.mp3,wrk_1acd12495371a6
3830.mp3,Per Nørgård_4 Fragmenter.mp3,wrk_50cf1b3f5b2ff0
3831.mp3,Per Nørgård_At tænde lys.mp3,wrk_5ae1b260aa1749
3832.mp3,Per Nørgård_Echo-Zone I-III.mp3,wrk_80202d8668c304
3833.mp3,Per Nørgård_Energy Fields Forever.mp3,wrk_40d151f76b8752
3834.mp3,Per Nørgård_Grooving.mp3,wrk_36d9519dad39ea
3835.mp3,Per Nørgård_Heyday's Night.mp3,wrk_a2b88bfb5ffd28
3836.mp3,Per Nørgård_Hut Ab.mp3,wrk_6f630e3c4485d1
3837.mp3,Per Nørgård_Inscape.mp3,wrk_e3647db12c29c5
3838.mp3,Per Nørgård_Iris.mp3,wrk_be6c95d4d47bda
3839.mp3,Per Nørgård_Isternia.mp3,wrk_eae5ef7e483b25
3840.mp3,Per Nørgård_Luna.mp3,wrk_ba9c03bc666deb
3841.mp3,"Per Nørgård_Night-Symphonies, Day Breaks.mp3",wrk_21c3c3adc13089
3842.mp3,Per Nørgård_Pastorale.mp3,wrk_be253bf7f23b53
3843.mp3,Per Nørgård_Remembering.mp3,wrk_5565ccbcc9a42e
3844.mp3,Per Nørgård_Solo in Scèna.mp3,wrk_5f5beec7951516
3845.mp3,Per Nørgård_Sonata in One Movement.mp3,wrk_8a7dd157b86c9b
3846.mp3,Per Nørgård_Sonora.mp3,wrk_65c91a24efa501
3847.mp3,Per Nørgård_Spell.mp3,wrk_804f3e94a3b623
3848.mp3,Per Nørgård_Swan Descending.mp3,wrk_2ebef5a3fe18f1
3849.mp3,Per Nørgård_Terrains Vagues.mp3,wrk_838335351ac5d6
3850.mp3,Per Nørgård_Tintinnabulary.mp3,wrk_8e06bbdb70fff6
3851.mp3,Per Nørgård_Trepartita.mp3,wrk_9d328bd27e24ca
3852.mp3,Per Nørgård_Turn.mp3,wrk_b1ea38dec79061
3853.mp3,Per Nørgård_Twilight.mp3,wrk_47f9ca7b34c51a
3854.mp3,Per Nørgård_Vintersalme-musik.mp3,wrk_f076d46c8b8dee
3855.mp3,Per Nørgård_Voyage into the Golden Screen.mp3,wrk_16fd2d5713de89
3856.mp3,Per Nørgård_Winds I-III.mp3,wrk_fc7a39df16f551
3857.mp3,Peter Ablinger_4 Weiss.mp3,wrk_389f250ba5d947
3858.mp3,Peter Ablinger_Anfangen ( - Aufhören).mp3,wrk_7ed6e1d6e1b8f5
3859.mp3,Peter Ablinger_Augmented Study.mp3,wrk_a1a5f72acecade
3860.mp3,Peter Ablinger_Die Schönsten Schlager der 60er und 70er Jahre.mp3,wrk_da55a6b414f5c0
3861.mp3,Peter Ablinger_In G.mp3,wrk_e6108e30a2ac9a
3862.mp3,Peter Ablinger_Regenstück 1-6.mp3,wrk_bfc74f503f6811
3863.mp3,Peter Ablinger_Titel.mp3,wrk_8910c6425c5a5c
3864.mp3,Peter Ablinger_Verkündigung.mp3,wrk_2bd76ab65b4868
3865.mp3,Peter Eötvös_a Call.mp3,wrk_3864504aeab795
3866.mp3,Peter Eötvös_Alhambra.mp3,wrk_25a1953ea59584
3867.mp3,Peter Eötvös_Cziffra Psodia.mp3,wrk_932eee9232977b
3868.mp3,Peter Eötvös_Dialog mit Mozart.mp3,wrk_0910e370e4b9aa
3869.mp3,Peter Eötvös_Fermata.mp3,wrk_6f73e3e3ccdfab
3870.mp3,Peter Eötvös_Focus.mp3,wrk_af9be3cb6b2189
3871.mp3,Peter Eötvös_Harp Concerto.mp3,wrk_a85c569ec08000
3872.mp3,Peter Eötvös_Hommage à Domenico Scarlatti.mp3,wrk_0c8bf0eaa51caf
3873.mp3,Peter Eötvös_Joyce.mp3,wrk_6bd39c19a483e1
3874.mp3,Peter Eötvös_Kosmos.mp3,wrk_6ead251d28c6bf
3875.mp3,Peter Eötvös_O rose!.mp3,wrk_8e6707e05b290f
3876.mp3,Peter Eötvös_Paris-Dakar.mp3,wrk_bcaac6e07a6d54
3877.mp3,Peter Eötvös_Psy.mp3,wrk_828f5fb6bfcedc
3878.mp3,Peter Eötvös_Sirens' song.mp3,wrk_88362a73d8bbc8
3879.mp3,Peter Eötvös_Thunder.mp3,wrk_68584c7a9f4e7e
3880.mp3,Peter Eötvös_Trio à cordes.mp3,wrk_1bd8ed8a989db7
3881.mp3,Peter Eötvös_Windsequenzen.mp3,wrk_2bde7cec380b9a
3882.mp3,Peter Eötvös_ZeroPoints.mp3,wrk_fc270df018f333
3883.mp3,Peter Jakober_Gegengleich.mp3,wrk_ff9520193fe0de
3884.mp3,Philip Glass_Company.mp3,wrk_6840fec85643ec
3885.mp3,Philip Glass_Concerto Fantasy for two Timpanists and Orchestra.mp3,wrk_6fb7130a53063c
3886.mp3,Philip Glass_Dracula.mp3,wrk_19d1b1e991f332
3887.mp3,Philip Glass_Echorus.mp3,wrk_c8ecdd06c50adf
3888.mp3,Philip Glass_Façades.mp3,wrk_01b83b0b9ed534
3889.mp3,Philip Glass_Four Movements for Two Pianos.mp3,wrk_9be5953399aaa9
3890.mp3,Philip Glass_Head On.mp3,wrk_5fc06e9ca44c45
3891.mp3,Philip Glass_How Now.mp3,wrk_4ad2996b4e40da
3892.mp3,Philip Glass_Love Divided By.mp3,wrk_de87ef0867a5f6
3893.mp3,Philip Glass_Mad Rush.mp3,wrk_835eec922e8e05
3894.mp3,Philip Glass_Orbit.mp3,wrk_7b14801b95f1da
3895.mp3,Philip Glass_Perpetulum.mp3,wrk_2413b8aedbe39c
3896.mp3,Philip Glass_Piano Concerto No. 2.mp3,wrk_ace8fa6354320a
3897.mp3,Philip Glass_Piano Sonata.mp3,wrk_9dddd1e712fe1a
3898.mp3,Philip Glass_Sonata for Violin and Piano.mp3,wrk_5513eff0d7a1cf
3899.mp3,Philip Glass_Songs and Poems for Solo Cello.mp3,wrk_34a13fddacc356
3900.mp3,Philip Glass_String Quartet No. 1.mp3,wrk_58bfe7a6c04c75
3901.mp3,Philip Glass_Symphony No. 13.mp3,wrk_22ef0dbe2e27c9
3902.mp3,Philip Glass_Symphony No. 2.mp3,wrk_fc53224a856fe2
3903.mp3,Philip Glass_Symphony No. 3.mp3,wrk_7c1213bf0ca9cd
3904.mp3,Philip Glass_The Canyon.mp3,wrk_a2fa257e9d482f
3905.mp3,Philip Glass_The Light.mp3,wrk_c67148d32a9a93
3906.mp3,Philip Glass_The Not-Doings of an Insomniac.mp3,wrk_1a17ad2dab0973
3907.mp3,Philip Glass_The Windcatcher.mp3,wrk_848637553ff120
3908.mp3,Philip Glass_Wichita Vortex Sutra.mp3,wrk_7a633fdf27b150
3909.mp3,Philip Venables_Klaviertrio im Geiste.mp3,wrk_cbffeb32dfa58c
3910.mp3,Philipp Maintz_tourbillon.mp3,wrk_32d16c655ad9da
3911.mp3,Philipp Maintz_trawl.mp3,wrk_2bc92abc66135e
3912.mp3,Philipp Maintz_upon a moment's shallow rim.mp3,wrk_38f417d599f1ea
3913.mp3,Philippe Boesmans_Cadenza.mp3,wrk_ad8a6595a7c359
3914.mp3,Philippe Boesmans_Intervalles II.mp3,wrk_6bcadb928047c5
3915.mp3,Philippe Boesmans_Summer Dreams.mp3,wrk_bd2b91077e40eb
3916.mp3,Philippe Boesmans_ÉlémentExtensions.mp3,wrk_c05d4aa1203467
3917.mp3,Philippe Fénelon_Deux épigrammes.mp3,wrk_750355a611eebf
3918.mp3,Philippe Fénelon_Épilogue.mp3,wrk_67674a5b1990ee
3919.mp3,Philippe Hersant_Apparitions.mp3,wrk_f3ef8051df0724
3920.mp3,Philippe Hersant_Bamyan.mp3,wrk_d5f5aed53d92ed
3921.mp3,Philippe Hersant_Chants de la lagune.mp3,wrk_a33c10b84297ec
3922.mp3,Philippe Hersant_Choral.mp3,wrk_86a0ec4c4b6577
3923.mp3,Philippe Hersant_Cinq Miniatures.mp3,wrk_8e7f9e9b93cbbb
3924.mp3,Philippe Hersant_Duo Sephardim.mp3,wrk_874e011e106202
3925.mp3,Philippe Hersant_Hopi.mp3,wrk_d37e07d3fcb396
3926.mp3,Philippe Hersant_Im Fremden Land.mp3,wrk_00e21e384e6b01
3927.mp3,Philippe Hersant_Le chemin de Jérusalem.mp3,wrk_52cfe144555aad
3928.mp3,Philippe Hersant_Lully Lullay.mp3,wrk_253d94e19f2fe6
3929.mp3,Philippe Hersant_Melancholia.mp3,wrk_1a8ecdb2be2fd1
3930.mp3,Philippe Hersant_Mouvement.mp3,wrk_0cbac09e677d04
3931.mp3,Philippe Hersant_Musical humors.mp3,wrk_87f0498eccfff6
3932.mp3,Philippe Hersant_Nachtgesang.mp3,wrk_e33f556ecdc613
3933.mp3,Philippe Hersant_Niggun.mp3,wrk_acdb6cc7283041
3934.mp3,Philippe Hersant_Pascolas.mp3,wrk_cd753d7215b0ae
3935.mp3,Philippe Hersant_Pavane.mp3,wrk_55d747dc815855
3936.mp3,Philippe Hersant_Sept miniatures.mp3,wrk_92ea2a7eae56ef
3937.mp3,Philippe Hersant_Shehnaï.mp3,wrk_10a38f84e18a27
3938.mp3,Philippe Hersant_Six bagatelles.mp3,wrk_4ae896cc97396b
3939.mp3,Philippe Hersant_Sur la neige.mp3,wrk_d66fe27674a6e1
3940.mp3,Philippe Hersant_Tarentelle.mp3,wrk_5bf548aed95874
3941.mp3,Philippe Hersant_Tenebrae.mp3,wrk_438b796eb8a2b9
3942.mp3,Philippe Hersant_Trio (Variations sur la Sonnerie de Sainte Geneviève du Mont de Marin Marais).mp3,wrk_39fecbb9eca6dd
3943.mp3,Philippe Hersant_Trois esquisses japonaises.mp3,wrk_28a966c467ab50
3944.mp3,Philippe Hersant_Une vision d'Hildegarde.mp3,wrk_3be18d2fa72ce5
3945.mp3,Philippe Hersant_Usher.mp3,wrk_befc2fe6041e38
3946.mp3,Philippe Hersant_Éphémères.mp3,wrk_0896cecefb45ad
3947.mp3,Philippe Hurel_...à mesure.mp3,wrk_5fdcc1e8eac5ea
3948.mp3,Philippe Hurel_Autour.mp3,wrk_64125d9b05dc14
3949.mp3,Philippe Hurel_Eolia.mp3,wrk_cbed82fb80944f
3950.mp3,Philippe Hurel_Figures libres.mp3,wrk_6ad31b5c22da64
3951.mp3,Philippe Hurel_Funky Studies.mp3,wrk_19eb12123ef819
3952.mp3,Philippe Hurel_Interstices.mp3,wrk_5f01449d049346
3953.mp3,Philippe Hurel_Loops II.mp3,wrk_139946f9c28e89
3954.mp3,Philippe Hurel_Loops III.mp3,wrk_17695dd4ba64b1
3955.mp3,Philippe Hurel_Musica 2.mp3,wrk_bad88033e4a55f
3956.mp3,Philippe Hurel_Pour l'image.mp3,wrk_43cc1d66e39d75
3957.mp3,Philippe Hurel_Pour Luigi.mp3,wrk_b8854135293880
3958.mp3,Philippe Hurel_Quatre Variations.mp3,wrk_fcdb311140de57
3959.mp3,Philippe Hurel_Quelques traces dans l'air.mp3,wrk_d4d6968be9fe7c
3960.mp3,Philippe Hurel_Six miniatures en trompe-l'œil.mp3,wrk_4c887bb6c45a4e
3961.mp3,"Philippe Hurel_So nah, so fern.mp3",wrk_f400172f97c29b
3962.mp3,Philippe Hurel_Tombeau in memoriam Gérard Grisey.mp3,wrk_b9fd22acea3c99
3963.mp3,Philippe Hurel_Tour à Tour III.mp3,wrk_aca7d616297557
3964.mp3,Philippe Leroux_(d)Tourner.mp3,wrk_28d7b78a0a43f2
3965.mp3,Philippe Leroux_...Ami ... Chemin ... Oser ... Vie.mp3,wrk_450d66da190841
3966.mp3,Philippe Leroux_AAA.mp3,wrk_3d01c78f9cc8ab
3967.mp3,Philippe Leroux_Air-Ré.mp3,wrk_58c1bf0e66fdd7
3968.mp3,Philippe Leroux_Air.mp3,wrk_64333e9e4f3f40
3969.mp3,Philippe Leroux_Airs.mp3,wrk_1cfac6f72e924c
3970.mp3,Philippe Leroux_Bagatelle...Désert.mp3,wrk_5efd156beb8954
3971.mp3,Philippe Leroux_Continuo(ns).mp3,wrk_80f707daa86228
3972.mp3,Philippe Leroux_De l'itération.mp3,wrk_eaaa27f3f32a7b
3973.mp3,Philippe Leroux_De l'épaisseur.mp3,wrk_129162390625fb
3974.mp3,Philippe Leroux_De la texture.mp3,wrk_c58da1b3aa0b9f
3975.mp3,Philippe Leroux_De la vitesse.mp3,wrk_5afb985164b50a
3976.mp3,Philippe Leroux_Dense…englouti.mp3,wrk_f98b45d604731d
3977.mp3,Philippe Leroux_Du souffle.mp3,wrk_42f6f1acda2f59
3978.mp3,Philippe Leroux_Envers IV.mp3,wrk_4f2710aeb04df2
3979.mp3,Philippe Leroux_Histoires anciennes.mp3,wrk_ed61617315a2d2
3980.mp3,Philippe Leroux_Ial.mp3,wrk_95a9f3e6e3e822
3981.mp3,Philippe Leroux_Impressions d'Enfance.mp3,wrk_69fe298020549c
3982.mp3,Philippe Leroux_L'épais.mp3,wrk_ba0417749950c6
3983.mp3,Philippe Leroux_Les Uns.mp3,wrk_b0ea264b368151
3984.mp3,Philippe Leroux_Masse(s)...Mémo(ire).mp3,wrk_9d7475ded73932
3985.mp3,Philippe Leroux_Noûs.mp3,wrk_1820509282a39f
3986.mp3,Philippe Leroux_Phonie douce.mp3,wrk_bced5c772f17c0
3987.mp3,Philippe Leroux_Postlude à l'épais.mp3,wrk_acd09e041a2bd0
3988.mp3,Philippe Leroux_PPP.mp3,wrk_852ce089256dc5
3989.mp3,Philippe Leroux_Rheumics.mp3,wrk_096459a90936e4
3990.mp3,Philippe Leroux_Répéter...Opposer.mp3,wrk_469dc23afce267
3991.mp3,Philippe Leroux_SPP.mp3,wrk_e8d55487c12ae7
3992.mp3,Philippe Leroux_VVV.mp3,wrk_b993818e452050
3993.mp3,Philippe Leroux_Éon.mp3,wrk_f6984d8258916b
3994.mp3,Philippe Manoury_Cryptophonos.mp3,wrk_63f681dd4d5c35
3995.mp3,Philippe Manoury_Fragments pour un portrait.mp3,wrk_eecbe4d90682b4
3996.mp3,Philippe Manoury_Instants pluriels.mp3,wrk_329eb4a203955b
3997.mp3,Philippe Manoury_La ville.mp3,wrk_ee85dcd8a5bc23
3998.mp3,Philippe Manoury_Last.mp3,wrk_1cde634fbb5059
3999.mp3,Philippe Manoury_Passacaille pour Tokyo.mp3,wrk_24de0f6266a1f8
4000.mp3,Philippe Manoury_Passages.mp3,wrk_653d627fd56d7a
4001.mp3,Philippe Manoury_Petit Aleph.mp3,wrk_fd9c31f95f14de
4002.mp3,Philippe Manoury_Quasi una ciacona.mp3,wrk_94bd9db23a8c0f
4003.mp3,Philippe Manoury_Sound and Fury.mp3,wrk_61d17f423dc9fd
4004.mp3,Philippe Manoury_Stringendo.mp3,wrk_4dbc3ee86a82db
4005.mp3,Philippe Manoury_Ultima.mp3,wrk_a1a88892aeb69a
4006.mp3,Philippe Manoury_État d'alerte.mp3,wrk_572bcc1e43525b
4007.mp3,Philippe Schœller_La sauterelle.mp3,wrk_f8e59ca53c46aa
4008.mp3,Philippe Schœller_Lune d’argent.mp3,wrk_f1ec5a3e93798a
4009.mp3,Philippe Schœller_Omaggio Henri Dutilleux.mp3,wrk_c52c39c36e43fb
4010.mp3,Pierluigi Billone_2 Alberi.mp3,wrk_6454a39a40e6ee
4011.mp3,Pierluigi Billone_Equilibrio. Cerchio.mp3,wrk_21276797bbd686
4012.mp3,Pierluigi Billone_ITI KE MI.mp3,wrk_c8334b162e1f44
4013.mp3,Pierluigi Billone_Legno.Edre II.Edre.mp3,wrk_7f0ddc13f61577
4014.mp3,Pierluigi Billone_Legno.Edre IV.Manda.mp3,wrk_ea4179b7fe59b2
4015.mp3,Pierluigi Billone_Legno.Edre V.Metrio.mp3,wrk_e09f9264501b65
4016.mp3,Pierluigi Billone_Legno.Intile.mp3,wrk_7c6eb4150716aa
4017.mp3,Pierluigi Billone_Mani.Giacometti.mp3,wrk_ce19f6206c7a34
4018.mp3,Pierluigi Billone_Mani.Long.mp3,wrk_81d00c7786485e
4019.mp3,Pierluigi Billone_Mani.Matta.mp3,wrk_af81061cdd85d3
4020.mp3,Pierluigi Billone_Mani.Mono.mp3,wrk_16bb0cc8ca9327
4021.mp3,Pierluigi Billone_Mani.Stereos.mp3,wrk_d218ecaab331e2
4022.mp3,Pierluigi Billone_Staglio.mp3,wrk_af1ccf091c4d18
4023.mp3,Pierluigi Billone_Δίκη Wall.mp3,wrk_e05ea9e516deb8
4024.mp3,Pierre Boulez_Anthèmes.mp3,wrk_e251d6a5a9de59
4025.mp3,Pierre Boulez_Domaines.mp3,wrk_9e67f92d6e6074
4026.mp3,Pierre Boulez_Dérive 1.mp3,wrk_8c28f5318484ac
4027.mp3,Pierre Boulez_Dérive 2.mp3,wrk_328b4377ceb72c
4028.mp3,Pierre Boulez_Figures-Doubles-Prismes.mp3,wrk_555cafbda5b29b
4029.mp3,Pierre Boulez_Messagesquisse.mp3,wrk_e337b4445df1fa
4030.mp3,Pierre Boulez_Mémoriale.mp3,wrk_df06e18d792a11
4031.mp3,Pierre Boulez_Première sonate.mp3,wrk_5e7cfa1a6b0a48
4032.mp3,Pierre Boulez_Rituel in memoriam Bruno Maderna.mp3,wrk_f98c6f20dee96a
4033.mp3,Pierre Boulez_Sonatine.mp3,wrk_a11cbb64fc29a0
4034.mp3,Pierre Boulez_sur Incises.mp3,wrk_114f6aaf7026c6
4035.mp3,Pierre Boulez_Troisième sonate pour piano.mp3,wrk_2bb801f8a48435
4036.mp3,Pierre Boulez_Éclat.mp3,wrk_5e48a845d55409
4037.mp3,Pierre Boulez_ÉclatMultiples.mp3,wrk_75c40c47020fa6
4038.mp3,Pierre Jodlowski_Criogenesis.mp3,wrk_50ceababe05d2f
4039.mp3,Pierre Jodlowski_Drones.mp3,wrk_885e69a4fffb36
4040.mp3,Pierre-Yves Macé_Contre-flux I – Muzak Codex.mp3,wrk_34b7e9e909e986
4041.mp3,Qigang Chen_Enchantements Oubliés.mp3,wrk_0896624f11a75d
4042.mp3,Qigang Chen_Er Huang.mp3,wrk_a29a1453b6c76c
4043.mp3,Qigang Chen_Extase II.mp3,wrk_fac06ed65bcd36
4044.mp3,Qigang Chen_Extase.mp3,wrk_7794055a86fed6
4045.mp3,Qigang Chen_Feu d'Ombres.mp3,wrk_473fae4f2559f8
4046.mp3,Qigang Chen_Itinéraire d'une illusion.mp3,wrk_6dcae53117bcd6
4047.mp3,Qigang Chen_Joie Eternelle.mp3,wrk_ff984436472598
4048.mp3,Qigang Chen_L'éloignement.mp3,wrk_0bcb5996cec691
4049.mp3,Qigang Chen_La joie de la souffrance.mp3,wrk_237c84205d1ec2
4050.mp3,Qigang Chen_Wu Xing (The Five Elements).mp3,wrk_729799b80a2c11
4051.mp3,Ramon Lazkano_Bras dessus bras dessous.mp3,wrk_2b2b00ac07a8c6
4052.mp3,Ramon Lazkano_Egan-4.mp3,wrk_ee805838b0024d
4053.mp3,Ramon Lazkano_Gentle Sway.mp3,wrk_c8d0c077abea97
4054.mp3,Ramon Lazkano_Petrikhor.mp3,wrk_49ff05d21545c0
4055.mp3,Ramon Lazkano_Ziaboga.mp3,wrk_e1c14f77c19dec
4056.mp3,Raphaël Cendo_Action painting.mp3,wrk_49020c340749a8
4057.mp3,Raphaël Cendo_Ars Satura.mp3,wrk_60126ace74a6e9
4058.mp3,Raphaël Cendo_Badlands.mp3,wrk_15c424bf973122
4059.mp3,Raphaël Cendo_Corps.mp3,wrk_31375a0fac488e
4060.mp3,Raphaël Cendo_Denkklänge.mp3,wrk_291fe072d77405
4061.mp3,Raphaël Cendo_Furia.mp3,wrk_918516d32e74bf
4062.mp3,Raphaël Cendo_Graphein.mp3,wrk_28500523e0b097
4063.mp3,Raphaël Cendo_In Vivo.mp3,wrk_734f1079804c42
4064.mp3,Raphaël Cendo_Rokh.mp3,wrk_42122079e9ecfc
4065.mp3,Raphaël Cendo_Tract.mp3,wrk_607bd64a337c63
4066.mp3,Rebecca Saunders_...of waters making moan.mp3,wrk_0abe7aa32721d4
4067.mp3,Rebecca Saunders_Behind the Velvet Curtain.mp3,wrk_4ce92163418107
4068.mp3,Rebecca Saunders_Bite.mp3,wrk_7500b0b0ffc070
4069.mp3,Rebecca Saunders_blaauw.mp3,wrk_b9fb835421a3a4
4070.mp3,Rebecca Saunders_Blue and Gray.mp3,wrk_1d8525d83a5f0e
4071.mp3,Rebecca Saunders_Breath.mp3,wrk_7d0e6895a6905b
4072.mp3,Rebecca Saunders_Caerulean.mp3,wrk_16b4db924937e2
4073.mp3,Rebecca Saunders_choler.mp3,wrk_d5159c3966a1f1
4074.mp3,Rebecca Saunders_cinnabar.mp3,wrk_44268d4f3089cf
4075.mp3,Rebecca Saunders_crimson.mp3,wrk_f9b3da4ee055df
4076.mp3,Rebecca Saunders_Duo.mp3,wrk_cb8b0efd01dc58
4077.mp3,Rebecca Saunders_Dust.mp3,wrk_b35af7598ed39d
4078.mp3,Rebecca Saunders_Flesh.mp3,wrk_f4b18be6946f94
4079.mp3,Rebecca Saunders_fury II.mp3,wrk_90bd25a6398417
4080.mp3,Rebecca Saunders_fury.mp3,wrk_aee570e7ee0182
4081.mp3,Rebecca Saunders_Hauch II.mp3,wrk_e79d6307ddbf70
4082.mp3,Rebecca Saunders_Hauch.mp3,wrk_fa4637e27c839b
4083.mp3,"Rebecca Saunders_Mirror, mirror on the wall.mp3",wrk_0d150cd0eede61
4084.mp3,Rebecca Saunders_Murmurs.mp3,wrk_cc21b118febb56
4085.mp3,Rebecca Saunders_Quartet.mp3,wrk_18cef3d215a021
4086.mp3,Rebecca Saunders_Sole.mp3,wrk_83e24e4b79df8e
4087.mp3,Rebecca Saunders_Solitude.mp3,wrk_e545338bc3821a
4088.mp3,Rebecca Saunders_Still.mp3,wrk_0890c0d0a703da
4089.mp3,Rebecca Saunders_Stirrings Still.mp3,wrk_a8d33f76e2f5f1
4090.mp3,Rebecca Saunders_Stirrings.mp3,wrk_bde46f043fe4c0
4091.mp3,Rebecca Saunders_Stratum.mp3,wrk_db9b130cbe4270
4092.mp3,Rebecca Saunders_taste.mp3,wrk_829bbedf7547cb
4093.mp3,Rebecca Saunders_That time.mp3,wrk_c876e38a94fb11
4094.mp3,Rebecca Saunders_The under-side of green.mp3,wrk_49fe096b67e48a
4095.mp3,Rebecca Saunders_To An Utterance - Study.mp3,wrk_b596c9bb959ae3
4096.mp3,Rebecca Saunders_to and fro.mp3,wrk_d684a56cb17bb9
4097.mp3,Rebecca Saunders_Traces.mp3,wrk_92e556a276ae21
4098.mp3,Rebecca Saunders_White.mp3,wrk_38a16e3a9b729f
4099.mp3,Reinhard Fuchs_blue poles.mp3,wrk_f595ea9d71f3a8
4100.mp3,Reinhard Fuchs_Invers.mp3,wrk_31f99aa9f4bed4
4101.mp3,Reinhard Fuchs_twined traces.mp3,wrk_6e8e17e6212d28
4102.mp3,Reinhard Fuchs_wo Lippen die Blätter zu Zeichen bewegen.mp3,wrk_7b0a7c89232265
4103.mp3,Ricardo Nillni_Dressing cello.mp3,wrk_1f3c6428bae401
4104.mp3,Ricardo Nillni_Fuscum Subnigrum.mp3,wrk_0258a26818eb69
4105.mp3,Ricardo Nillni_Transeo Tandem.mp3,wrk_f24de231ee55a2
4106.mp3,Ricardo Nillni_Vaga.mp3,wrk_e118e759967b8d
4107.mp3,Riccardo Nova_Ma's Sequence 7.mp3,wrk_5bfe29e8f79467
4108.mp3,Richard Barrett_3 chansons.mp3,wrk_8f68067999e837
4109.mp3,Richard Barrett_abglanzbeladenauseinandergeschrieben.mp3,wrk_b34dd1b0002b3e
4110.mp3,Richard Barrett_basalt.mp3,wrk_fb9a266d1be772
4111.mp3,Richard Barrett_Earth.mp3,wrk_e7cf5a8446237f
4112.mp3,Richard Barrett_Flechtwerk.mp3,wrk_c30c844720059e
4113.mp3,Richard Barrett_knospend-gespaltener.mp3,wrk_a65e0161c7a3f2
4114.mp3,Richard Barrett_Lost.mp3,wrk_06e895e796ef82
4115.mp3,Richard Barrett_splinter.mp3,wrk_bbf6a54089e05d
4116.mp3,Richard Barrett_what remains.mp3,wrk_5987c63eb523ba
4117.mp3,Richard Strauss_Festmusik der Stadt Wien.mp3,wrk_ae6a93a557254d
4118.mp3,Richard Strauss_Japanische Festmusik.mp3,wrk_b2958612963615
4119.mp3,Richard Strauss_Königsmarsch.mp3,wrk_35e707f42bd0c6
4120.mp3,Richard Strauss_Metamorphosen.mp3,wrk_cddc8653510482
4121.mp3,"Richard Strauss_Panathenaenzug, op. 74.mp3",wrk_3a0d5562bcbb79
4122.mp3,Robert Ashley_for Andie Springer.mp3,wrk_1a106c02c92aeb
4123.mp3,Robert Ashley_Van Cao's Meditation.mp3,wrk_fb2f0ea63d3bac
4124.mp3,Robert HP Platz_Maro.mp3,wrk_84b4a3c4036dc1
4125.mp3,Robert HP Platz_Schaukelpferd.mp3,wrk_07c019dab4e6bb
4126.mp3,Robert HP Platz_senko-hana-bi.mp3,wrk_1231b6ad0f9e71
4127.mp3,Roberto Gerhard_Gemini.mp3,wrk_c4a72e7eee3495
4128.mp3,Robin De Raaff_Concerto for orchestra.mp3,wrk_3b0bb07d620c50
4129.mp3,Robin De Raaff_Der Einsame im Herbst.mp3,wrk_889af3b8d2b947
4130.mp3,Robin De Raaff_In memoriam Dimitri Shostakovich.mp3,wrk_1d5898fbbb0e03
4131.mp3,Robin De Raaff_Piano concerto.mp3,wrk_313f6961d60081
4132.mp3,Robin De Raaff_Piano trio.mp3,wrk_25c42445d073cf
4133.mp3,Robin De Raaff_Tanglewood Tales.mp3,wrk_32b16bd47eb2c8
4134.mp3,Robin De Raaff_Un visage d'emprunt.mp3,wrk_b4df7209a20991
4135.mp3,Robin De Raaff_Unisono.mp3,wrk_ca70db588fec5b
4136.mp3,Roger Redgate_Genoi Hoios Essi.mp3,wrk_d5ed9dd0c62029
4137.mp3,Roger Reynolds_Autumn Island.mp3,wrk_8f8ee9f2bc5caf
4138.mp3,Roger Reynolds_Coconino...a shattered landscape.mp3,wrk_85eb59227a3450
4139.mp3,Roger Reynolds_Epigram and Evolution.mp3,wrk_13b190b174f050
4140.mp3,Roger Reynolds_Mosaic.mp3,wrk_5eb489e613ba9e
4141.mp3,Roger Reynolds_Quick Are the Mouths of Earth.mp3,wrk_1234b4fa01fa08
4142.mp3,Roger Reynolds_Shadowed Narrative.mp3,wrk_d9ef6301bc2d8e
4143.mp3,Roger Reynolds_Transfigured Wind I.mp3,wrk_50bd886258e51b
4144.mp3,Roger Reynolds_Variation.mp3,wrk_9055620eeb5c02
4145.mp3,Roger Reynolds_Watershed I.mp3,wrk_64398771447720
4146.mp3,Roger Reynolds_Wedge.mp3,wrk_a8bbce69506c24
4147.mp3,Roger Reynolds_Whispers Out of Time.mp3,wrk_d9a0345db71137
4148.mp3,Roger Tessier_Froissures.mp3,wrk_917a45966cd292
4149.mp3,Roger Tessier_Miroir du silence.mp3,wrk_d9b3d3e9349f40
4150.mp3,Roger Tessier_Scène II.mp3,wrk_117616d407ae9b
4151.mp3,Rolf Wallin_Appearances.mp3,wrk_4d3f42b3173b8e
4152.mp3,Rolf Wallin_The Age of Wire and String.mp3,wrk_4df2eaec84d51c
4153.mp3,Rune Glerup_Concerto.mp3,wrk_67c6f8a76c81be
4154.mp3,Rune Glerup_dust encapsulated #2.mp3,wrk_b6a70c0e55b6f3
4155.mp3,Ruth Crawford-Seeger_String Quartet.mp3,wrk_7e6ea266c9b086
4156.mp3,Ryoji Ikeda_op.3.mp3,wrk_83560815168a79
4157.mp3,Régis Campo_Celestial City.mp3,wrk_07740bc0d04984
4158.mp3,Régis Campo_Dove Sono.mp3,wrk_a18b551557867d
4159.mp3,Régis Campo_Elytres.mp3,wrk_414996542215d2
4160.mp3,Régis Campo_Esprit.mp3,wrk_1255957393e3ef
4161.mp3,Régis Campo_Eternal Sunshine 1.mp3,wrk_23c4a1feaa144a
4162.mp3,Régis Campo_Exsultate jubilate.mp3,wrk_aab955c4f37215
4163.mp3,Régis Campo_Fata Morgana II.mp3,wrk_bf0130fdf12e07
4164.mp3,Régis Campo_Hommage à Georges Cziffra.mp3,wrk_e75c15c427e51a
4165.mp3,Régis Campo_J'ai le sourire de vos anges.mp3,wrk_f1fdc5b10a9fa2
4166.mp3,Régis Campo_Laterna magica.mp3,wrk_a0a9bacc7b730d
4167.mp3,Régis Campo_Le Pic-vert.mp3,wrk_82a83c3373e4b8
4168.mp3,Régis Campo_Licht ! Un hommage à Gérard Grisey.mp3,wrk_724ea86d724642
4169.mp3,Régis Campo_Oh Sweet Kisses!!.mp3,wrk_fa4ab3522d6c1c
4170.mp3,Régis Campo_Phantasmagoria.mp3,wrk_e62fcfd7977e00
4171.mp3,Régis Campo_Phénix.mp3,wrk_97b2711018eeb8
4172.mp3,Régis Campo_Pop-art.mp3,wrk_90258dd9926ba5
4173.mp3,Régis Campo_Scherzo.mp3,wrk_4efa94a3ba11bf
4174.mp3,Régis Campo_Steamy Punk.mp3,wrk_649d8eaa948731
4175.mp3,Régis Campo_Étude pour les cordes bloquées.mp3,wrk_710ef465cd35c6
4176.mp3,Saed Haddad_Le Contredésir.mp3,wrk_0537ba9fc80895
4177.mp3,Salvatore Sciarrino_4 Adagi.mp3,wrk_0c7819cf1703d2
4178.mp3,Salvatore Sciarrino_Addio case del vento.mp3,wrk_576ea556e422c6
4179.mp3,Salvatore Sciarrino_Ai limiti della notte.mp3,wrk_0b20272705d04e
4180.mp3,Salvatore Sciarrino_Allegoria della notte.mp3,wrk_1005a9048d9d70
4181.mp3,Salvatore Sciarrino_Anamorfosi.mp3,wrk_40a6bd5cf46dd3
4182.mp3,Salvatore Sciarrino_Archeologia del telefono.mp3,wrk_8b6d276e758e66
4183.mp3,Salvatore Sciarrino_Autostrada prima di Babilonia.mp3,wrk_2ad94c49ac9e43
4184.mp3,"Salvatore Sciarrino_Che sai guardiano, della notte.mp3",wrk_eb12467e395f79
4185.mp3,Salvatore Sciarrino_Codex purpureus.mp3,wrk_dc4537dd35e09c
4186.mp3,Salvatore Sciarrino_Come vengono prodotti gli incantesimi.mp3,wrk_7c411c9426a035
4187.mp3,Salvatore Sciarrino_D'un faune.mp3,wrk_3410b73a43f35c
4188.mp3,Salvatore Sciarrino_De o de do.mp3,wrk_5253acbd6fe6a4
4189.mp3,Salvatore Sciarrino_Due notturni crudeli.mp3,wrk_6c6818872405ae
4190.mp3,Salvatore Sciarrino_Due studi.mp3,wrk_9b144c85b733ed
4191.mp3,Salvatore Sciarrino_Esercizio.mp3,wrk_2cf9c8e27e090f
4192.mp3,Salvatore Sciarrino_Esplorazione del bianco I.mp3,wrk_67a3d5f1497283
4193.mp3,Salvatore Sciarrino_Fauno che fischia a un merlo.mp3,wrk_bcf6cdff7b9da4
4194.mp3,Salvatore Sciarrino_Fra i testi dedicati alle nubi.mp3,wrk_686d1ec1970abb
4195.mp3,Salvatore Sciarrino_Fra sé.mp3,wrk_fc0bbd6eb75877
4196.mp3,Salvatore Sciarrino_Hermes.mp3,wrk_94a03c24896ebd
4197.mp3,Salvatore Sciarrino_I Sonata.mp3,wrk_fc3d98c1e5c354
4198.mp3,Salvatore Sciarrino_II Sonata.mp3,wrk_0f0b2737d52ea5
4199.mp3,Salvatore Sciarrino_III Sonata.mp3,wrk_8effabedff2200
4200.mp3,Salvatore Sciarrino_Il legno e la parola.mp3,wrk_aa570f17808f16
4201.mp3,Salvatore Sciarrino_Il motivo degli oggetti di vetro.mp3,wrk_75acb7bf0a2951
4202.mp3,Salvatore Sciarrino_Immagine fenicia.mp3,wrk_edd67b7879efa0
4203.mp3,Salvatore Sciarrino_In nomine nominis.mp3,wrk_e9267e818a6e64
4204.mp3,Salvatore Sciarrino_Introduzione all'oscuro.mp3,wrk_eb52c09c57e0d9
4205.mp3,Salvatore Sciarrino_IV Sonata.mp3,wrk_3b81a2533e7c30
4206.mp3,Salvatore Sciarrino_L'Addio a Trachis.mp3,wrk_0bc9372d1a01ee
4207.mp3,"Salvatore Sciarrino_La bocca, i piedi, il suono.mp3",wrk_958e6bbf4757cf
4208.mp3,Salvatore Sciarrino_La Malinconia.mp3,wrk_30948084afec8f
4209.mp3,Salvatore Sciarrino_Le ragioni delle conchiglie.mp3,wrk_6df29737fc0f31
4210.mp3,Salvatore Sciarrino_Lettera degli antipodi portata dal vento.mp3,wrk_a04e162a894e4a
4211.mp3,Salvatore Sciarrino_Lo spazio inverso.mp3,wrk_089d80af8f4441
4212.mp3,Salvatore Sciarrino_Muro d'orizzonte.mp3,wrk_d427456baaa349
4213.mp3,Salvatore Sciarrino_Omaggio a Burri.mp3,wrk_7ca0b8bd528204
4214.mp3,Salvatore Sciarrino_Per Mattia.mp3,wrk_d80f18af916488
4215.mp3,Salvatore Sciarrino_Perduto in una città d'acque.mp3,wrk_62552514439c46
4216.mp3,Salvatore Sciarrino_Prélude.mp3,wrk_064f4f33460889
4217.mp3,Salvatore Sciarrino_Raffigurar Narciso al fonte.mp3,wrk_89d84678a1ef1a
4218.mp3,Salvatore Sciarrino_Sei Capricci.mp3,wrk_9e9f5dc9d92a7f
4219.mp3,Salvatore Sciarrino_Sei quartetti brevi.mp3,wrk_6585ae01442387
4220.mp3,Salvatore Sciarrino_Shadow of Sound.mp3,wrk_d635cf74a103df
4221.mp3,Salvatore Sciarrino_Sonata.mp3,wrk_603b3362affaea
4222.mp3,Salvatore Sciarrino_Sonatina.mp3,wrk_fa329fd0554196
4223.mp3,Salvatore Sciarrino_Trio n. 2.mp3,wrk_cd57718644d648
4224.mp3,Salvatore Sciarrino_Venere che le Grazie la fioriscono.mp3,wrk_41d52faeb618e9
4225.mp3,Salvatore Sciarrino_Vento d'ombra.mp3,wrk_0176d1c244d18d
4226.mp3,Salvatore Sciarrino_Étude de concert.mp3,wrk_e50404c8c03847
4227.mp3,Samir Odeh-Tamimi_Ahinnu II.mp3,wrk_b785a20130c967
4228.mp3,Samir Odeh-Tamimi_Alif.mp3,wrk_e40fd5f28b9398
4229.mp3,Samir Odeh-Tamimi_Jabsurr.mp3,wrk_6d452799500687
4230.mp3,Samir Odeh-Tamimi_Li-Sabbrá.mp3,wrk_633ece92e93c22
4231.mp3,Samir Odeh-Tamimi_Rituale.mp3,wrk_432acc3fad0f29
4232.mp3,Samir Odeh-Tamimi_Tslalím.mp3,wrk_33018b951dd392
4233.mp3,Sampo Haapamäki_Highway.mp3,wrk_4e470753388945
4234.mp3,Sampo Haapamäki_Power.mp3,wrk_209a607e92dd05
4235.mp3,Sampo Haapamäki_Quarter-tone piano concerto.mp3,wrk_be4bba3780faf7
4236.mp3,Sara Glojnarić_Mora.mp3,wrk_b703b971d560eb
4237.mp3,Sara Glojnarić_sugarcoating #2.mp3,wrk_704b564c914ead
4238.mp3,Sara Glojnarić_sugarcoating #3.mp3,wrk_e8f477c300dd5e
4239.mp3,Sara Glojnarić_sugarcoating #4.mp3,wrk_97eeff3655e01e
4240.mp3,Sara Glojnarić_sugarcoating (v3.0).mp3,wrk_2432fa631d4b53
4241.mp3,Sarah Nemtsov_[love].mp3,wrk_8925499eb72f71
4242.mp3,Sarah Nemtsov_black trees.mp3,wrk_8f0fcaa0b74c95
4243.mp3,Sarah Nemtsov_Briefe – Heloisa.mp3,wrk_fae5546de97f50
4244.mp3,Sarah Nemtsov_hundertelf.mp3,wrk_81bd706afde74d
4245.mp3,Sarah Nemtsov_IRA.mp3,wrk_6ae5e19e9dd229
4246.mp3,Sarah Nemtsov_Kreise.mp3,wrk_85d974dc748f7c
4247.mp3,Sarah Nemtsov_Sechs Zeichen.mp3,wrk_1081905207c740
4248.mp3,Sarah Nemtsov_Tür.mp3,wrk_a5c32431fff62a
4249.mp3,Sarah Nemtsov_Unscheinbare Pforten Paris.mp3,wrk_7c8bc1b74c1ab3
4250.mp3,Sarah Nemtsov_White eyes erased.mp3,wrk_73c713ce442415
4251.mp3,Sarah Nemtsov_WOLVES.mp3,wrk_a8b6a88ea1a846
4252.mp3,Sarah Nemtsov_…beredtes Schweigen.mp3,wrk_09e057ca7df999
4253.mp3,Sebastian Hilli_Bird.mp3,wrk_a490917f9c0c31
4254.mp3,Sebastian Hilli_Butterfly Curve.mp3,wrk_2b518027469a36
4255.mp3,Sebastian Hilli_confluencedivergence.mp3,wrk_af8d271971b34f
4256.mp3,Sebastian Hilli_Delta.mp3,wrk_efccf07238fa85
4257.mp3,Sebastian Hilli_Miracle.mp3,wrk_1f2153f7b274e5
4258.mp3,Sebastian Hilli_Paraphrase II – ”Giant steps and eden acid”.mp3,wrk_b261e7d5d2c341
4259.mp3,Sebastian Hilli_Peach.mp3,wrk_d3f7e63334da43
4260.mp3,Sebastian Hilli_Snap Music.mp3,wrk_036787b9456e15
4261.mp3,Sebastian Rivas_l’ombre d’un doute….mp3,wrk_014b69e5b6f3df
4262.mp3,Serge Nigg_Fastes de l'imaginaire.mp3,wrk_846ea588eb8a8d
4263.mp3,Serge Nigg_Fulgur.mp3,wrk_7ab88eadf5901d
4264.mp3,Serge Nigg_Jérôme Bosch - Symphonie.mp3,wrk_88ba021f2a52fc
4265.mp3,Serge Nigg_Scènes concertantes.mp3,wrk_0acd70eb588547
4266.mp3,Sergej Newski_Cloud Ground.mp3,wrk_fc0c285e6c63f6
4267.mp3,Sergej Newski_Exploding Rooms.mp3,wrk_85a94fb8cff804
4268.mp3,Sergej Newski_Incidents.mp3,wrk_2df7683cf06a6e
4269.mp3,Sergej Newski_Klavierquartett.mp3,wrk_4a119fa60c305e
4270.mp3,Sergej Newski_Mechanica.mp3,wrk_0c209e0681552e
4271.mp3,Shuya Xu_In nomine II.mp3,wrk_9499875cf00f8b
4272.mp3,Simon Steen-Andersen_De Profundis.mp3,wrk_03df8ba8d71674
4273.mp3,Simon Steen-Andersen_in-side-out-side-in.mp3,wrk_168446cdc8a771
4274.mp3,Simon Steen-Andersen_On And Off And To And Fro.mp3,wrk_57d38875ddb68f
4275.mp3,Simon Steen-Andersen_Praesens.mp3,wrk_7fe4c538123892
4276.mp3,Simon Steen-Andersen_Spin-Off.mp3,wrk_c2271e953bfe9b
4277.mp3,Simon Steen-Andersen_String Quartet.mp3,wrk_53db0c5643d30f
4278.mp3,Sina Fallahzadeh_Seul reste le désert.mp3,wrk_3e6f466eeb1573
4279.mp3,Sir Harrison Birtwistle_Cantus Iambeus.mp3,wrk_2fd3a6426bdffc
4280.mp3,Sir Harrison Birtwistle_Carmen Arcadiae Mechanicae Perpetuum.mp3,wrk_613c64f537f58e
4281.mp3,Sir Harrison Birtwistle_Cortege.mp3,wrk_76e6a15889153f
4282.mp3,Sir Harrison Birtwistle_Linoi.mp3,wrk_da5c5e17ecdd0f
4283.mp3,Sir John Tavener_The Protecting Veil.mp3,wrk_1e74a070f68980
4284.mp3,Sir Michael Tippett_Fantasia Concertante on a Theme of Corelli.mp3,wrk_4d6700cebadbbb
4285.mp3,Sir Michael Tippett_Little Music.mp3,wrk_6892aa9f3b0b43
4286.mp3,Sir Michael Tippett_Preludio al Vespro di Monteverdi.mp3,wrk_5dc6cf2163e694
4287.mp3,Sir Peter Maxwell Davies_A Postcard from Sanday.mp3,wrk_7b993b35c9d3f3
4288.mp3,Sir Peter Maxwell Davies_Hill Runes.mp3,wrk_14f3994a7d0f62
4289.mp3,Sir Peter Maxwell Davies_Military March No.2.mp3,wrk_52ee7c9c92d46d
4290.mp3,Sir Peter Maxwell Davies_Nocturne.mp3,wrk_9771255ad87973
4291.mp3,Sir Peter Maxwell Davies_Telos 135.mp3,wrk_72b567fa719263
4292.mp3,Sivan Eldar_Crumb Child.mp3,wrk_130087f40e9bb6
4293.mp3,Sivan Eldar_Tarr.mp3,wrk_6125c0f1ffd902
4294.mp3,Sofia Avramidou_Chronofonia.mp3,wrk_9a76bc38130086
4295.mp3,Sofia Avramidou_Scène Sixième.mp3,wrk_cc4a0899ae31ae
4296.mp3,Sofia Avramidou_What can that be but my apple-tree.mp3,wrk_47a29b8227cbb2
4297.mp3,Sofia Goubaïdoulina_Quaternion.mp3,wrk_5304369ce57e79
4298.mp3,Stefan Keller_Schaukel.mp3,wrk_b6677889498ba6
4299.mp3,Stefan Keller_Sextett.mp3,wrk_d4bffa8699bfe0
4300.mp3,Stefan Prins_Ensuite.mp3,wrk_8c6147c67d5760
4301.mp3,Stefan Prins_No habra una sola cosa que no sea una nube.mp3,wrk_67da76aa3bd049
4302.mp3,Stefan Wolpe_Solo piece.mp3,wrk_dc528a0e67bba6
4303.mp3,Stefano Bulfon_Il rovescio del sublime.mp3,wrk_064c6418bff490
4304.mp3,Stefano Bulfon_Le temps est un fleuve sans rives.mp3,wrk_80aaf6d8ec7ede
4305.mp3,Stefano Bulfon_Quand tu étais comme avec moi dans les choses éphémères.mp3,wrk_bd7ac95e4c5176
4306.mp3,Stefano Bulfon_Stultifera Navis.mp3,wrk_2028ec36deadf5
4307.mp3,"Stefano Gervasoni_Adagio ghiacciato, da Mozart, KV 356.mp3",wrk_a6dca207a6de73
4308.mp3,Stefano Gervasoni_Animato.mp3,wrk_193ac82ac7a28e
4309.mp3,Stefano Gervasoni_Ansioso quasi con gioia.mp3,wrk_3ebea6aa427a6c
4310.mp3,Stefano Gervasoni_Bleu jusqu'au blanc.mp3,wrk_7574ee57da0db6
4311.mp3,Stefano Gervasoni_Clamour.mp3,wrk_59bae34062aa68
4312.mp3,Stefano Gervasoni_Due voci.mp3,wrk_0995c6f7407d0f
4313.mp3,Stefano Gervasoni_Epicadenza.mp3,wrk_a8dd054d8e6c2f
4314.mp3,Stefano Gervasoni_Froward.mp3,wrk_506cd60bc966c6
4315.mp3,Stefano Gervasoni_Gramigna.mp3,wrk_bb915d3a1d211e
4316.mp3,Stefano Gervasoni_Meta' della Ripa.mp3,wrk_a293d170fd8990
4317.mp3,Stefano Gervasoni_Odoi.mp3,wrk_f90f2bae6ba11e
4318.mp3,Stefano Gervasoni_Phanes II.mp3,wrk_1f248ee57e1c68
4319.mp3,Stefano Gervasoni_Rigirio.mp3,wrk_0027cdbd6da27a
4320.mp3,Stefano Gervasoni_Sonatinexpressive.mp3,wrk_b5952d76ae579a
4321.mp3,Stefano Gervasoni_Studio di disabitudine.mp3,wrk_a1b525eed389e5
4322.mp3,Stefano Gervasoni_Sviete tihi - Capriccio dopo la fantasia.mp3,wrk_9733880348b1fd
4323.mp3,Stefano Gervasoni_Tre intermezzi.mp3,wrk_297c18fedc99be
4324.mp3,Steve Lehman_Echos.mp3,wrk_4e70bbb96a84e0
4325.mp3,Steve Lehman_Foster.mp3,wrk_135f5ecfb08dc7
4326.mp3,Steve Reich_Duet.mp3,wrk_e768b1cff87dd2
4327.mp3,Steve Reich_Eight Lines.mp3,wrk_e69d600b705839
4328.mp3,Steve Reich_Mallet Quartet.mp3,wrk_a5ed8975a47ac0
4329.mp3,Steve Reich_Music for Pieces of Wood.mp3,wrk_a8d0ee2b7f7a0e
4330.mp3,Steve Reich_New York counterpoint.mp3,wrk_a6ef873eff5331
4331.mp3,Steve Reich_Quartet.mp3,wrk_7cf980a8db820b
4332.mp3,Steve Reich_Six Pianos.mp3,wrk_b77250840a2793
4333.mp3,Steve Reich_Three Movements.mp3,wrk_c195c19e615f09
4334.mp3,Suzanne Giraud_Envoutements IV.mp3,wrk_3090bace8362ac
4335.mp3,Sylvano Bussotti_Brillante.mp3,wrk_fe792fcd5ea674
4336.mp3,Sylvano Bussotti_Deborah Parker.mp3,wrk_365c9a17e74b32
4337.mp3,Sylvano Bussotti_I semi di Gramsci.mp3,wrk_5d23a82e921472
4338.mp3,Sylvano Bussotti_Marbre.mp3,wrk_7765af5bb556bb
4339.mp3,Sylvano Bussotti_Novelletta.mp3,wrk_6c3a6581b97145
4340.mp3,Sylvano Bussotti_Nudo disteso.mp3,wrk_46edae4f4ee749
4341.mp3,Sylvano Bussotti_Trio.mp3,wrk_b63d7b749f4593
4342.mp3,Sébastien Gaxie_Promenade d’une Lilliputienne.mp3,wrk_7d18136c6c81c2
4343.mp3,Tadeusz Baird_Play.mp3,wrk_062c55cbd10161
4344.mp3,Takuya Imahori_Synchronisation.mp3,wrk_cabcab432032a0
4345.mp3,Tania León_A La Par.mp3,wrk_74e9664f58627f
4346.mp3,Tania León_Alegre.mp3,wrk_6cce90a607fdd7
4347.mp3,Tania León_Alma.mp3,wrk_d22cff08b2a614
4348.mp3,Tania León_Bailarín.mp3,wrk_ca1afe2371d6bd
4349.mp3,Tania León_Batá.mp3,wrk_e48d9365fc157b
4350.mp3,Tania León_De Color.mp3,wrk_d210db023f895f
4351.mp3,Tania León_De Memorias.mp3,wrk_8e78349b5dfd85
4352.mp3,"Tania León_del Caribe, Soy!.mp3",wrk_8f30af32f5f3f7
4353.mp3,Tania León_Entre nos.mp3,wrk_811b4dfb6bb025
4354.mp3,Tania León_Homenatge.mp3,wrk_b115a3b5beceb6
4355.mp3,Tania León_Horizons.mp3,wrk_ae6a147bc34d1b
4356.mp3,Tania León_Indígena.mp3,wrk_a6be4fda9dd6b9
4357.mp3,Tania León_Momentum.mp3,wrk_ee848b5e00206f
4358.mp3,Tania León_One Mo' Time.mp3,wrk_022461844c3a97
4359.mp3,Tania León_Para Viola y Orquesta.mp3,wrk_d7e603ce074a8a
4360.mp3,Tania León_Pinceladas.mp3,wrk_badf2ef304ab29
4361.mp3,Tania León_Rituál.mp3,wrk_0887a847551c0f
4362.mp3,Tania León_Satiné.mp3,wrk_2c48778fe449d0
4363.mp3,Tania León_Toque.mp3,wrk_a955d74f5b289c
4364.mp3,Tania León_Tumbao.mp3,wrk_d858022e5c724d
4365.mp3,Tania León_¡Paisanos Semos!.mp3,wrk_37d7426d19887b
4366.mp3,Tania León_À Tres Voces.mp3,wrk_6b1b01331afd29
4367.mp3,Tania León_Ácana.mp3,wrk_d020ef08ef4217
4368.mp3,Tansy Davies_Dark Ground.mp3,wrk_d35e85cf5945e5
4369.mp3,Tansy Davies_Iris.mp3,wrk_d40df7b533059f
4370.mp3,Tansy Davies_kingpin.mp3,wrk_a92b7a0dd06259
4371.mp3,Tansy Davies_Nature.mp3,wrk_d41956fb9ba209
4372.mp3,Tansy Davies_Streamlines.mp3,wrk_a77c832c9ba859
4373.mp3,Tansy Davies_Wild Card.mp3,wrk_ddd1f898736714
4374.mp3,Terry Riley_Cancion Desierto.mp3,wrk_2ee3bc2b1c6a43
4375.mp3,Terry Riley_Cinco de Mayo.mp3,wrk_e6f3b059d394f4
4376.mp3,Terry Riley_Dias de los Muertos.mp3,wrk_85ba0b1f641468
4377.mp3,Terry Riley_Etude from the Old Country.mp3,wrk_584442c5d6ce09
4378.mp3,Terry Riley_Fandango on the Heaven Ladder.mp3,wrk_d89fff25704b67
4379.mp3,Terry Riley_Francesco en Paraiso.mp3,wrk_cb01c2c21368f5
4380.mp3,Terry Riley_G-Song.mp3,wrk_5f8c5a59873b91
4381.mp3,Terry Riley_Good Medicine.mp3,wrk_ef4be29d652207
4382.mp3,Terry Riley_Havana Man.mp3,wrk_140a938ee52398
4383.mp3,Terry Riley_Hombre.mp3,wrk_707e9268d9acf4
4384.mp3,Terry Riley_Piedad.mp3,wrk_842a6dd44e15b6
4385.mp3,Terry Riley_Quijote.mp3,wrk_24f5a17627efc3
4386.mp3,Terry Riley_Sunrise of the Planetary Dream Collector.mp3,wrk_c7ffe5345f4694
4387.mp3,Terry Riley_Tango Ladeado.mp3,wrk_5f8ca9c5b96652
4388.mp3,Terry Riley_The Gift.mp3,wrk_27ac23d63f9e72
4389.mp3,Terry Riley_The Sands.mp3,wrk_dd43644be48f65
4390.mp3,Terry Riley_The Walrus in Memoriam.mp3,wrk_00165a0aeb5e21
4391.mp3,Terry Riley_Y Bolanzero.mp3,wrk_e2711580d7edb8
4392.mp3,Thierry Blondeau_Non-lieu.mp3,wrk_2e5ffe89a68932
4393.mp3,Thierry Escaich_Choral's dream.mp3,wrk_6a96cfa74f8220
4394.mp3,Thierry Escaich_Cinq versets sur le « Victimae Paschali ».mp3,wrk_f5f85f477de257
4395.mp3,Thierry Escaich_Fantaisie concertante.mp3,wrk_5ad71e766c3db2
4396.mp3,Thierry Escaich_Ground II.mp3,wrk_3bf85fd793e370
4397.mp3,Thierry Escaich_Ground III.mp3,wrk_71dc603d657297
4398.mp3,Thierry Escaich_Ground IV.mp3,wrk_2ef9a453401857
4399.mp3,Thierry Escaich_Jeux de doubles.mp3,wrk_872611e931f64d
4400.mp3,Thierry Escaich_La Ronde.mp3,wrk_4b0566052d7b06
4401.mp3,Thierry Escaich_Le bal.mp3,wrk_8059a042a47eed
4402.mp3,Thierry Escaich_Lettres mêlées.mp3,wrk_fa411785799332
4403.mp3,Thierry Escaich_Magic Circus.mp3,wrk_0d79b79bf8d9e8
4404.mp3,Thierry Escaich_Mecanic Song.mp3,wrk_f2576d89d59147
4405.mp3,Thierry Escaich_Nun komm.mp3,wrk_afe26c2635e6e3
4406.mp3,Thierry Escaich_Phantasia antiqua.mp3,wrk_97549002313df0
4407.mp3,Thierry Escaich_Quatrième Esquisse « Le Cri des abîmes ».mp3,wrk_b602c1dc95443a
4408.mp3,Thierry Escaich_Sax Trip.mp3,wrk_2aab0ac058ca44
4409.mp3,Thierry Escaich_Scènes de bal.mp3,wrk_9da83de79a6d96
4410.mp3,Thierry Escaich_Tango virtuoso.mp3,wrk_eb12b8020e7b33
4411.mp3,Thierry Escaich_Variations-Études.mp3,wrk_9a1d19cabaa163
4412.mp3,Thierry Pécou_Danzón.mp3,wrk_99d5bcf9053fd4
4413.mp3,Thierry Pécou_Les machines désirantes.mp3,wrk_ec356b7acb9f1e
4414.mp3,Thierry Pécou_Manoa.mp3,wrk_88cb30be96191e
4415.mp3,"Thierry Pécou_Outre-Mémoire, variances.mp3",wrk_6c8278a2218f78
4416.mp3,Thierry Pécou_Pour un rituel imaginaire.mp3,wrk_ad1892a53a8030
4417.mp3,Thierry Pécou_Soleil-Feu.mp3,wrk_a08c11906d32ef
4418.mp3,Thierry Pécou_Soleil-Tigre.mp3,wrk_01962366666ae9
4419.mp3,Thierry Pécou_Sous l’aile du vent.mp3,wrk_52a3e6716c71a1
4420.mp3,Thomas Adès_Arcadiana.mp3,wrk_30d7eb8d9355ba
4421.mp3,Thomas Adès_Asyla.mp3,wrk_8c891f6a36862b
4422.mp3,Thomas Adès_Blanca variations.mp3,wrk_4ff849b85b6d8d
4423.mp3,Thomas Adès_Catch.mp3,wrk_08d0e3421557e2
4424.mp3,Thomas Adès_Concert Paraphrase on Powder Her Face.mp3,wrk_66bf3a380fb1bb
4425.mp3,Thomas Adès_Concerto Conciso.mp3,wrk_6be9053fe50f11
4426.mp3,Thomas Adès_Darknesse Visible.mp3,wrk_bc72eb4ddab874
4427.mp3,Thomas Adès_Lieux retrouvés.mp3,wrk_d5f5c68338c49c
4428.mp3,Thomas Adès_Living Toys.mp3,wrk_8eca396183310e
4429.mp3,Thomas Adès_Mazurkas.mp3,wrk_cb21669a4e783d
4430.mp3,Thomas Adès_Piano Quintet.mp3,wrk_6c91485fb57f48
4431.mp3,Thomas Adès_Polaris.mp3,wrk_85a5bfb7459d31
4432.mp3,Thomas Adès_Sonata da Caccia.mp3,wrk_dcd48bfeb1970d
4433.mp3,Thomas Adès_Still Sorrowing.mp3,wrk_018de808ba1242
4434.mp3,Thomas Adès_Tevot.mp3,wrk_a5f44a5c5bfc99
4435.mp3,Thomas Adès_The Four Quarters.mp3,wrk_4156f25870184e
4436.mp3,Thomas Adès_The Origin of the Harp.mp3,wrk_c39272efbfd195
4437.mp3,Thomas Adès_Three Berceuses from The Exterminating Angel.mp3,wrk_98ecda3b86ca37
4438.mp3,Thomas Adès_Three Studies from Couperin.mp3,wrk_f88ebb68276c58
4439.mp3,Thomas Adès_Traced Overhead.mp3,wrk_77366b12167f20
4440.mp3,Thomas Adès_Violin Concerto.mp3,wrk_0efe812e6df58d
4441.mp3,Théo Loevendie_Ackermusik.mp3,wrk_92c53c4e3f1388
4442.mp3,Théo Loevendie_Strides.mp3,wrk_a9c68998bee8ba
4443.mp3,Théo Loevendie_Timbo.mp3,wrk_77a167e2697e13
4444.mp3,Timothy McCormack_Apparatus.mp3,wrk_13eb164b976832
4445.mp3,Timothy McCormack_Decke.mp3,wrk_eea279c3575230
4446.mp3,Timothy McCormack_Disfix.mp3,wrk_a83f9b555e5d80
4447.mp3,Timothy McCormack_DRIFT MATTER.mp3,wrk_4b11d3895026ec
4448.mp3,Timothy McCormack_HEAVY MATTER.mp3,wrk_54cc134ea19ea3
4449.mp3,Timothy McCormack_I REMEMBER YOU.mp3,wrk_6d58e2ecebce50
4450.mp3,Timothy McCormack_mine but for its sublimation.mp3,wrk_59d241be1e8d9a
4451.mp3,Timothy McCormack_Mirror Stratum.mp3,wrk_0fa6e1b268d9bf
4452.mp3,Timothy McCormack_traces that time leaves on built form.mp3,wrk_8faf3d8960c83a
4453.mp3,Timothy McCormack_WORLDEATER.mp3,wrk_5778e8236ac874
4454.mp3,Tom Johnson_360 Chords.mp3,wrk_d49dde50c3c177
4455.mp3,Tom Johnson_An hour for piano.mp3,wrk_8e6eeae1047c53
4456.mp3,Tom Johnson_La vie est si courte.mp3,wrk_56c420971ee46b
4457.mp3,Tom Johnson_Movements.mp3,wrk_c4686447532727
4458.mp3,Tom Johnson_Nine Bells.mp3,wrk_5e70d7883b1534
4459.mp3,Tom Johnson_Same or different.mp3,wrk_945de23a15722d
4460.mp3,Tom Johnson_Septapede.mp3,wrk_b61ca77fa122c9
4461.mp3,Tom Johnson_Spaces.mp3,wrk_b60fe3cb072539
4462.mp3,Tom Johnson_Triple Threat.mp3,wrk_d0ed9a1e76d5f2
4463.mp3,Torsten Herrmann_Pivot.mp3,wrk_7be711b7ca061e
4464.mp3,Toshi Ichiyanagi_Cloud Figures.mp3,wrk_51ec9280db7fb6
4465.mp3,Toshi Ichiyanagi_Flowers Blooming in Summer.mp3,wrk_8f8710459f7831
4466.mp3,Toshi Ichiyanagi_Galaxy.mp3,wrk_a0ae4cc5feb5f7
4467.mp3,Toshi Ichiyanagi_In a Living Memory.mp3,wrk_8dfbe0115e6d99
4468.mp3,Toshi Ichiyanagi_In Memory of John Cage.mp3,wrk_7c92f64357345f
4469.mp3,Toshi Ichiyanagi_Perspectives.mp3,wrk_919bb6b1a468a2
4470.mp3,Toshi Ichiyanagi_Piano Poem.mp3,wrk_ee926f54cb6e19
4471.mp3,Toshi Ichiyanagi_Piano Space.mp3,wrk_fcc712da6c6d90
4472.mp3,Toshi Ichiyanagi_Portrait of Forest.mp3,wrk_5e096a4951711d
4473.mp3,Toshi Ichiyanagi_Rhythm Gradation.mp3,wrk_852db97b915a0c
4474.mp3,Toshi Ichiyanagi_Symphony No. 9.mp3,wrk_59c1ecd86348ef
4475.mp3,Toshi Ichiyanagi_The Source.mp3,wrk_d31740584b502f
4476.mp3,"Toshi Ichiyanagi_Time in Tree, Time in Water.mp3",wrk_f10d915b2e05b7
4477.mp3,Toshi Ichiyanagi_Trio interlink.mp3,wrk_5ac44e118defcf
4478.mp3,Toshi Ichiyanagi_Two Existence.mp3,wrk_b2da87f0afde22
4479.mp3,Toshi Ichiyanagi_Waltz Solemnity.mp3,wrk_ce7060788d5062
4480.mp3,Toshi Ichiyanagi_Wind trace.mp3,wrk_55773a0dfc8802
4481.mp3,Toshio Hosokawa_A Song from far away.mp3,wrk_4d50b5737fdc52
4482.mp3,Toshio Hosokawa_A string around autumn.mp3,wrk_da0bd367cfe83a
4483.mp3,Toshio Hosokawa_Atem-Lied.mp3,wrk_8859a8a4667b22
4484.mp3,Toshio Hosokawa_Autumn Wind.mp3,wrk_fbc738972c4b18
4485.mp3,Toshio Hosokawa_BAI.mp3,wrk_9c44466717d62d
4486.mp3,Toshio Hosokawa_Birds Fragments III.mp3,wrk_80c1b2fe548f9a
4487.mp3,Toshio Hosokawa_Blossoming II.mp3,wrk_240ac4b7985c70
4488.mp3,Toshio Hosokawa_Circulating Ocean.mp3,wrk_2150c6a6523b45
4489.mp3,Toshio Hosokawa_Edi.mp3,wrk_1aa6c10bbc1924
4490.mp3,Toshio Hosokawa_Elegy.mp3,wrk_f31fd7259b6975
4491.mp3,Toshio Hosokawa_Extasis.mp3,wrk_9e6e849bcef4f8
4492.mp3,Toshio Hosokawa_Ferne-Landschaft I.mp3,wrk_ed7716057bd04a
4493.mp3,Toshio Hosokawa_Floral Fairy.mp3,wrk_6d997d2e484671
4494.mp3,Toshio Hosokawa_Flute Concerto « Per Sonare ».mp3,wrk_ccce9aa47e9147
4495.mp3,Toshio Hosokawa_Fragmente II.mp3,wrk_0bd89700664626
4496.mp3,Toshio Hosokawa_Für Walter – Arc Song II -.mp3,wrk_bc6fddf38b0bdf
4497.mp3,Toshio Hosokawa_Gesine.mp3,wrk_d05604c1f7e374
4498.mp3,Toshio Hosokawa_Hika.mp3,wrk_a292bb5493c9a5
4499.mp3,Toshio Hosokawa_Im Nebel.mp3,wrk_19a5037b710812
4500.mp3,Toshio Hosokawa_Landscape I.mp3,wrk_f6347b4eeddf16
4501.mp3,Toshio Hosokawa_Landscape II.mp3,wrk_b0f8c2c445b879
4502.mp3,Toshio Hosokawa_Landscape III.mp3,wrk_0e967502259b11
4503.mp3,Toshio Hosokawa_Landscape V.mp3,wrk_ba59bd4af89e0f
4504.mp3,Toshio Hosokawa_Lied II.mp3,wrk_89f7ef493d8069
4505.mp3,Toshio Hosokawa_Lied.mp3,wrk_525b77eee8dc7e
4506.mp3,Toshio Hosokawa_Lotus under the moonlight.mp3,wrk_2c54383da69c22
4507.mp3,Toshio Hosokawa_Mai – Uralte japanische Tanzmusik.mp3,wrk_bf937802081fdd
4508.mp3,Toshio Hosokawa_Manifestation.mp3,wrk_a23ab8a666e45e
4509.mp3,Toshio Hosokawa_Meditation – to the Victims of Tsunami 3.11.mp3,wrk_3fa8ce8fbf143c
4510.mp3,Toshio Hosokawa_Melodia.mp3,wrk_328a97866e1a61
4511.mp3,Toshio Hosokawa_MI-KO.mp3,wrk_d3b27e9667f630
4512.mp3,Toshio Hosokawa_Nocturne.mp3,wrk_a452d580bd08f1
4513.mp3,Toshio Hosokawa_Prayer.mp3,wrk_c0549effee4a2c
4514.mp3,Toshio Hosokawa_Re-turning.mp3,wrk_11282a105eb440
4515.mp3,Toshio Hosokawa_Reminiscence.mp3,wrk_ff36b4b5b81f5d
4516.mp3,Toshio Hosokawa_Sakura (Kirschblüte).mp3,wrk_fb612b1f9bb874
4517.mp3,Toshio Hosokawa_Sen I.mp3,wrk_d668b344152d20
4518.mp3,Toshio Hosokawa_Sen II.mp3,wrk_cb00a4e2633c9d
4519.mp3,Toshio Hosokawa_Sen VI.mp3,wrk_0450e807600b35
4520.mp3,Toshio Hosokawa_Serenade.mp3,wrk_588dabb7a9fc46
4521.mp3,Toshio Hosokawa_Silent Flowers.mp3,wrk_97cbaa819bec30
4522.mp3,Toshio Hosokawa_Slow Motion.mp3,wrk_5dfc6effc714e0
4523.mp3,Toshio Hosokawa_Spell Song.mp3,wrk_d6119800291d45
4524.mp3,Toshio Hosokawa_Spell.mp3,wrk_f03c20d79267e5
4525.mp3,Toshio Hosokawa_The Water of Lethe.mp3,wrk_7587032b986f10
4526.mp3,Toshio Hosokawa_Three Essays.mp3,wrk_c310082a015b40
4527.mp3,Toshio Hosokawa_Threnody – to the victims of Tohoku Earthquake 3.11.mp3,wrk_011ae1e0d26d62
4528.mp3,Toshio Hosokawa_Two Japanese Folk Songs.mp3,wrk_acdcb7221be784
4529.mp3,Toshio Hosokawa_Vertical Time Study I.mp3,wrk_6e4f4a0516a598
4530.mp3,Toshio Hosokawa_Vertical Time Study II.mp3,wrk_37e6045859334a
4531.mp3,Toshio Hosokawa_Vertical Time Study III.mp3,wrk_609d73a443860f
4532.mp3,Toshio Hosokawa_Voyage I.mp3,wrk_d2ee4227221f24
4533.mp3,Toshio Hosokawa_Voyage II.mp3,wrk_bb95df7c041199
4534.mp3,Toshio Hosokawa_Voyage III.mp3,wrk_9616bcfe332b25
4535.mp3,Toshio Hosokawa_Voyage IV.mp3,wrk_d6adaad09baed6
4536.mp3,Toshio Hosokawa_Voyage V.mp3,wrk_036ae09df1b595
4537.mp3,Toshio Hosokawa_Voyage VII.mp3,wrk_acc4c47b99e381
4538.mp3,Toshio Hosokawa_Winter Bird.mp3,wrk_00f36bc1472fce
4539.mp3,Toshio Hosokawa_Woven Dreams.mp3,wrk_dbd8e447d6369e
4540.mp3,Toshiro Mayuzumi_Prelude.mp3,wrk_5d6f5b0c8424a7
4541.mp3,Tristan Murail_Altitude 8000.mp3,wrk_d7aa0e17d90fb8
4542.mp3,Tristan Murail_Au-delà du mur du son.mp3,wrk_c6bacc53319bb8
4543.mp3,"Tristan Murail_C'est un jardin secret, ma sœur, ma fiancée, une fontaine close, une source scellée.mp3",wrk_290fcf6e48a8f0
4544.mp3,Tristan Murail_Comme un œil suspendu et poli par le songe.mp3,wrk_da01d519ca37a0
4545.mp3,Tristan Murail_Dernières nouvelles du vent d'ouest.mp3,wrk_373683c057b44a
4546.mp3,Tristan Murail_Estuaire.mp3,wrk_485c7bbdf0541e
4547.mp3,Tristan Murail_Feuilles à travers les cloches.mp3,wrk_3c1f1274cb6605
4548.mp3,Tristan Murail_Gondwana.mp3,wrk_3d37a989d113ca
4549.mp3,Tristan Murail_L'attente.mp3,wrk_c53027a1cb9c3f
4550.mp3,Tristan Murail_L'œil du cyclone.mp3,wrk_793401568be3a7
4551.mp3,Tristan Murail_La Barque mystique.mp3,wrk_bd168683053eb2
4552.mp3,Tristan Murail_La Dérive des continents.mp3,wrk_a7990c76faf4ee
4553.mp3,Tristan Murail_La Mandragore.mp3,wrk_79d057908578f3
4554.mp3,Tristan Murail_Lachrymae.mp3,wrk_e941b80eb1aa80
4555.mp3,Tristan Murail_Le fou à pattes bleues.mp3,wrk_0e90b4a016bf99
4556.mp3,Tristan Murail_Le lac.mp3,wrk_75e8be7ba9859b
4557.mp3,Tristan Murail_Le Rossignol en amour.mp3,wrk_70c6eb547cbcfc
4558.mp3,Tristan Murail_Les ruines circulaires.mp3,wrk_1cf73f94333934
4559.mp3,Tristan Murail_Les travaux et les jours.mp3,wrk_5c88827b2668be
4560.mp3,Tristan Murail_Légendes urbaines.mp3,wrk_3016034b021915
4561.mp3,Tristan Murail_MémoireErosion.mp3,wrk_ef4715741ac781
4562.mp3,Tristan Murail_Où tremblent les contours.mp3,wrk_6f2330ef798bd3
4563.mp3,Tristan Murail_Paludes.mp3,wrk_e1305c5f05e1c5
4564.mp3,Tristan Murail_Portulan.mp3,wrk_07cf113d3496df
4565.mp3,"Tristan Murail_Sogni, ombre et fumi.mp3",wrk_771b5d046433b3
4566.mp3,Tristan Murail_Tellur.mp3,wrk_9b193c87e20af6
4567.mp3,Tristan Murail_Territoires de l'oubli.mp3,wrk_c16c9368010ccb
4568.mp3,Tristan Murail_The Bronze Age.mp3,wrk_dd5f9f9a35db18
4569.mp3,Tristan Murail_Transsahara express.mp3,wrk_4093b314f017be
4570.mp3,Tristan Murail_Travel Notes.mp3,wrk_89ec18bbfa329e
4571.mp3,Tristan Murail_Unanswered questions.mp3,wrk_14c173558ffcc6
4572.mp3,Tristan Murail_Une relecture des Kinderszenen de Robert Schumann.mp3,wrk_a1e41db58b7ac1
4573.mp3,Tōru Takemitsu_A string around Autumn.mp3,wrk_710d9a456b884c
4574.mp3,Tōru Takemitsu_Air.mp3,wrk_2ec787e40879a0
4575.mp3,Tōru Takemitsu_Ame zo furu - Rain coming.mp3,wrk_e1a0b00ee8ad66
4576.mp3,Tōru Takemitsu_Between Tides.mp3,wrk_213b0872994eaf
4577.mp3,Tōru Takemitsu_Bryce.mp3,wrk_2c08bef4cf8833
4578.mp3,Tōru Takemitsu_Cross Hatch.mp3,wrk_ba4a61202dd0b8
4579.mp3,Tōru Takemitsu_Distance de fée.mp3,wrk_c2943e6d8837ce
4580.mp3,Tōru Takemitsu_Distance.mp3,wrk_e28b8511fc188a
4581.mp3,Tōru Takemitsu_Eclipse.mp3,wrk_2a43a685b2c2b2
4582.mp3,Tōru Takemitsu_Entre-temps.mp3,wrk_d2000dd1113c69
4583.mp3,Tōru Takemitsu_Equinox.mp3,wrk_dfd952b413270c
4584.mp3,Tōru Takemitsu_Eucalypts II.mp3,wrk_e35eda2672b1c9
4585.mp3,Tōru Takemitsu_FantasmaCantos.mp3,wrk_4bbcfc5330b55f
4586.mp3,Tōru Takemitsu_Folios.mp3,wrk_24b1c2991400a9
4587.mp3,Tōru Takemitsu_For away.mp3,wrk_3d3543aebcea68
4588.mp3,Tōru Takemitsu_From me flows what you call Time.mp3,wrk_cbea75fcce3f2b
4589.mp3,Tōru Takemitsu_Garden Rain.mp3,wrk_bc293a56d56112
4590.mp3,Tōru Takemitsu_Hika.mp3,wrk_9911a46a73c409
4591.mp3,Tōru Takemitsu_How Slow the Wind.mp3,wrk_1dd2e844f7edb4
4592.mp3,Tōru Takemitsu_I hear the water dreaming.mp3,wrk_77527c41f7ff8f
4593.mp3,Tōru Takemitsu_In the Woods.mp3,wrk_d11a5bfa60114a
4594.mp3,Tōru Takemitsu_Landscape.mp3,wrk_76941525db4c7c
4595.mp3,Tōru Takemitsu_Les Yeux clos II.mp3,wrk_840fe5e28492c6
4596.mp3,Tōru Takemitsu_Les Yeux clos.mp3,wrk_34bf324a2c4d03
4597.mp3,Tōru Takemitsu_Orion.mp3,wrk_beea5a33080fed
4598.mp3,Tōru Takemitsu_Piano distance.mp3,wrk_155bda74b4c7f1
4599.mp3,Tōru Takemitsu_Riverrun.mp3,wrk_fe7563c00d8644
4600.mp3,Tōru Takemitsu_Romance.mp3,wrk_115131225478ae
4601.mp3,Tōru Takemitsu_Scene.mp3,wrk_2294c9ce399194
4602.mp3,Tōru Takemitsu_Spectral Canticle.mp3,wrk_58286dfdb1a30f
4603.mp3,Tōru Takemitsu_Tree Line.mp3,wrk_ed7ad7420a5f2e
4604.mp3,Tōru Takemitsu_Twill by Twilight.mp3,wrk_371c7259bfc344
4605.mp3,"Tōru Takemitsu_Vers, l'arc-en-ciel, Palma.mp3",wrk_6acaf8a38d2fe5
4606.mp3,Tōru Takemitsu_Visions.mp3,wrk_ab2afc82d35ef1
4607.mp3,Tōru Takemitsu_Waves.mp3,wrk_9a0ea577faca63
4608.mp3,Tōru Takemitsu_Yume no toki - Dreamtime.mp3,wrk_03e747985a6cd0
4609.mp3,Unsuk Chin_Alaraph ‘Ritus des Herzschlags’.mp3,wrk_c0c044e3e1a0c3
4610.mp3,Unsuk Chin_Chorós Chordón.mp3,wrk_33396f6f5a9277
4611.mp3,Unsuk Chin_Clarinet Concerto.mp3,wrk_8cf3465aaa4774
4612.mp3,Unsuk Chin_cosmigimmicks.mp3,wrk_0207e5db60e1f4
4613.mp3,Unsuk Chin_Double Concerto.mp3,wrk_3cd5236c21f342
4614.mp3,Unsuk Chin_Fantaisie mécanique.mp3,wrk_9a85256ebf7ce9
4615.mp3,Unsuk Chin_Graffiti.mp3,wrk_80a1be23caed6c
4616.mp3,Unsuk Chin_Gran Cadenza.mp3,wrk_baad7687e5e447
4617.mp3,Unsuk Chin_Mannequin.mp3,wrk_2fe7a2eab50433
4618.mp3,Unsuk Chin_Operascope.mp3,wrk_448b73a60e6f14
4619.mp3,Unsuk Chin_Piano Concerto.mp3,wrk_80697b53e95306
4620.mp3,Unsuk Chin_Rocaná.mp3,wrk_30e70b2ced149e
4621.mp3,Unsuk Chin_SPIRA - Concerto for orchestra.mp3,wrk_c0213e31597ed5
4622.mp3,Unsuk Chin_subito con forza.mp3,wrk_c73d8305410192
4623.mp3,Unsuk Chin_Violin Concerto No.2 'Scherben der Stille'.mp3,wrk_8c8466002a3030
4624.mp3,Unsuk Chin_Violin Concerto.mp3,wrk_4d51bad657af17
4625.mp3,Valerio Sannicandro_Pour te sauver de l'Ombre.mp3,wrk_055380b077dc10
4626.mp3,Valerio Sannicandro_Quadranti.mp3,wrk_e0b5dfd90bf8ba
4627.mp3,Vincent David_De vif bois.mp3,wrk_4ed31fd2d6ddb4
4628.mp3,Vincent David_Mirages.mp3,wrk_f8a0a115aa358d
4629.mp3,Vincent David_Mécanique céleste.mp3,wrk_7ce516a2991a18
4630.mp3,Vincent David_Nuée ardente.mp3,wrk_a1c1ea72dbfe90
4631.mp3,Vincent David_Pulse.mp3,wrk_2d2ca3f34c2074
4632.mp3,Vincent David_Sillage.mp3,wrk_38a3a204244f20
4633.mp3,Vincent David_Échos éclatés.mp3,wrk_bcb83563ffbc24
4634.mp3,Vincent David_Éclats d'échos.mp3,wrk_655b0bdc15d0e9
4635.mp3,Vinko Globokar_Atemstudie.mp3,wrk_e9f1e3d2f89be4
4636.mp3,"Vinko Globokar_Avgustin, dober je vin.mp3",wrk_23d8d0e684cf3b
4637.mp3,Vinko Globokar_Corporel.mp3,wrk_65a77f70e66712
4638.mp3,Vinko Globokar_Dialog über Erde.mp3,wrk_78c0aaacfefb1f
4639.mp3,Vinko Globokar_Dialog über Luft.mp3,wrk_afa7b8338c1b19
4640.mp3,Vinko Globokar_Discours II.mp3,wrk_31ab683f6c5583
4641.mp3,Vinko Globokar_Discours III.mp3,wrk_001231f38f12ea
4642.mp3,Vinko Globokar_Discours IV.mp3,wrk_3b26a4b99c165c
4643.mp3,Vinko Globokar_Discours IX.mp3,wrk_606fc14fdda0dc
4644.mp3,Vinko Globokar_Drama.mp3,wrk_37777023dacf23
4645.mp3,Vinko Globokar_Juriritubaïoka.mp3,wrk_8a7b9eee076af1
4646.mp3,Vinko Globokar_Kvadrat.mp3,wrk_63543058544b38
4647.mp3,Vinko Globokar_Oblak semen.mp3,wrk_de05f2094ae762
4648.mp3,Vinko Globokar_ResAsExIns-pirer.mp3,wrk_98174e6950f1d7
4649.mp3,Vinko Globokar_Toucher.mp3,wrk_18c5dc57199625
4650.mp3,Vinko Globokar_Échanges.mp3,wrk_42fc38a3932bf1
4651.mp3,Vito Žuraj_Ai marmi.mp3,wrk_ac31d770bc8252
4652.mp3,Vito Žuraj_Api-Danza Macabra.mp3,wrk_e8d16809febb7d
4653.mp3,Vito Žuraj_Burlesque.mp3,wrk_8bd275c0076dc5
4654.mp3,Vito Žuraj_Chrysanthemum.mp3,wrk_04a0c043e07c99
4655.mp3,Vito Žuraj_Contour.mp3,wrk_2c31d205cd86ed
4656.mp3,Vito Žuraj_Fired-up.mp3,wrk_7dc2574756d177
4657.mp3,Vito Žuraj_Hawk-Eye.mp3,wrk_bb468ae9dca56e
4658.mp3,Vito Žuraj_Interfret.mp3,wrk_c2204c3b11fb31
4659.mp3,Vito Žuraj_Overgrip.mp3,wrk_3c2a396fba4718
4660.mp3,Vito Žuraj_Scratch.mp3,wrk_1bcad61a1f76eb
4661.mp3,Vito Žuraj_Tension.mp3,wrk_754e3d5116e00f
4662.mp3,Vito Žuraj_Torklja.mp3,wrk_f8b6c4c7f8952b
4663.mp3,Vito Žuraj_Unveiled.mp3,wrk_e96015dfe0d0d6
4664.mp3,Vito Žuraj_Warm-up.mp3,wrk_16df4b3ab54a50
4665.mp3,Vito Žuraj_Čmrlj.mp3,wrk_16679941050fbf
4666.mp3,Vittorio Montalti_Don’t shoot the piano players.mp3,wrk_388871a5b43ae4
4667.mp3,Vittorio Montalti_Inside my head.mp3,wrk_66fb5cbd6c9a19
4668.mp3,Vittorio Montalti_Les toits de Paris.mp3,wrk_e1f42826b24c1f
4669.mp3,Vittorio Montalti_Nu descendant un escalier.mp3,wrk_a60f6d68cf6d94
4670.mp3,Vykintas Baltakas_(co)ro(na).mp3,wrk_c9fae39c600d95
4671.mp3,Vykintas Baltakas_(how does the silver cloud s)ou(nd).mp3,wrk_6cd24200d20872
4672.mp3,Vykintas Baltakas_b(ell tree).mp3,wrk_b95ce241129637
4673.mp3,Vykintas Baltakas_Sinfonia.mp3,wrk_a5bb40276222d1
4674.mp3,Vykintas Baltakas_Smokey Arnold.mp3,wrk_4044bd794c2fce
4675.mp3,Walter Boudreau_Le Grand Méridien.mp3,wrk_5d8f03b4dac171
4676.mp3,Walter Boudreau_Valse de l’asile.mp3,wrk_aae4b1aa470751
4677.mp3,Walter Feldmann_« courbes » - séquences.mp3,wrk_edca735a599c1a
4678.mp3,Walter Feldmann_« incantation ».mp3,wrk_701533024f9bae
4679.mp3,Walter Feldmann_« … unsichtbahr Text … ».mp3,wrk_86005329f74188
4680.mp3,William Kraft_Encounters III.mp3,wrk_4b21ba8b9d0a8b
4681.mp3,Witold Lutosławski_Bukoliki.mp3,wrk_34b93381c60ce7
4682.mp3,Witold Lutosławski_Chain 2.mp3,wrk_5e91af386a2207
4683.mp3,Witold Lutosławski_Chain 3.mp3,wrk_9117ca61612d0c
4684.mp3,Witold Lutosławski_Concerto for Cello and Orchestra.mp3,wrk_c42320c34f2f8d
4685.mp3,Witold Lutosławski_Concerto for Piano and Orchestra.mp3,wrk_3b70f5dc750765
4686.mp3,Witold Lutosławski_Double Concerto.mp3,wrk_41c3bc0d588c36
4687.mp3,Witold Lutosławski_Epitaph.mp3,wrk_2ce077d54fceda
4688.mp3,Witold Lutosławski_Grave.mp3,wrk_760119a6afd157
4689.mp3,Witold Lutosławski_Jeux vénitiens.mp3,wrk_b0349e25331f76
4690.mp3,Witold Lutosławski_Livre pour orchestre.mp3,wrk_7009b0672b9057
4691.mp3,Witold Lutosławski_Mi-parti.mp3,wrk_2fca5f4f007c59
4692.mp3,Witold Lutosławski_Mini-Overture.mp3,wrk_31ef677247895a
4693.mp3,Witold Lutosławski_Novelette.mp3,wrk_ff33df7d265766
4694.mp3,Witold Lutosławski_Overture for Strings.mp3,wrk_39076ae1c71c11
4695.mp3,Witold Lutosławski_Partita.mp3,wrk_40901075a056a2
4696.mp3,Witold Lutosławski_Prelude for G.S.M.D.mp3,wrk_e4712a749a8ec7
4697.mp3,Witold Lutosławski_Preludes and Fugue.mp3,wrk_1907e1cd84cab0
4698.mp3,Witold Lutosławski_Sacher Variation.mp3,wrk_cee8e52ec48da6
4699.mp3,Witold Lutosławski_Slides.mp3,wrk_33c8dd956c9ac6
4700.mp3,Witold Lutosławski_Sonata.mp3,wrk_f6c9d297207959
4701.mp3,Witold Lutosławski_String Quartet.mp3,wrk_b348fc853a75fc
4702.mp3,Witold Lutosławski_Symphonic Variations.mp3,wrk_33b715606ef6af
4703.mp3,Witold Lutosławski_Symphony no. 1.mp3,wrk_facb8c678cd36c
4704.mp3,Witold Lutosławski_Symphony No. 2.mp3,wrk_090cd0d13d0cfb
4705.mp3,Witold Lutosławski_Symphony No.3.mp3,wrk_46b319c4fb1841
4706.mp3,Witold Lutosławski_Symphony No.4.mp3,wrk_4d2eb4b1055668
4707.mp3,Witold Lutosławski_Three Postludes.mp3,wrk_2e2947fb86452a
4708.mp3,Witold Lutosławski_Trio.mp3,wrk_640e2d439091b1
4709.mp3,Wolfgang Rihm_Am Horizont.mp3,wrk_920fa08bd3c4c0
4710.mp3,Wolfgang Rihm_Auf einem anderen Blatt.mp3,wrk_469d87c1e3f0a4
4711.mp3,"Wolfgang Rihm_Bann, Nachtschwärmerei.mp3",wrk_770e9be54864a7
4712.mp3,Wolfgang Rihm_Blick auf Kolchis.mp3,wrk_7a020b2de46df2
4713.mp3,Wolfgang Rihm_Canzona nuova.mp3,wrk_85316d2c8f1fe4
4714.mp3,Wolfgang Rihm_Chiffre IV.mp3,wrk_0f58a1bb98b93e
4715.mp3,Wolfgang Rihm_Concerto en Sol.mp3,wrk_465166f3a0105e
4716.mp3,Wolfgang Rihm_En plein air.mp3,wrk_b6c133f7d6e1a8
4717.mp3,Wolfgang Rihm_Ernster Gesang.mp3,wrk_9f648d9bf74e59
4718.mp3,Wolfgang Rihm_Erscheinung.mp3,wrk_6725bdad5d1e60
4719.mp3,Wolfgang Rihm_Fetzen 2.mp3,wrk_6631ff0f67e0da
4720.mp3,Wolfgang Rihm_Fetzen 3.mp3,wrk_0977edecbe089f
4721.mp3,Wolfgang Rihm_Fetzen 4.mp3,wrk_0c7251e5257e66
4722.mp3,Wolfgang Rihm_Fetzen.mp3,wrk_a731b28f92f164
4723.mp3,Wolfgang Rihm_Fremde Szene II.mp3,wrk_83d485ef858aa0
4724.mp3,Wolfgang Rihm_Fremde Szene III.mp3,wrk_faf64e4a96b76d
4725.mp3,Wolfgang Rihm_Gegenstück.mp3,wrk_c10ec46e15d297
4726.mp3,Wolfgang Rihm_Gesungene Zeit.mp3,wrk_e383f574321489
4727.mp3,Wolfgang Rihm_Grat.mp3,wrk_3eec4828360caf
4728.mp3,Wolfgang Rihm_Grave.mp3,wrk_c30d01bb9486e8
4729.mp3,Wolfgang Rihm_Hekton.mp3,wrk_976944a70e567f
4730.mp3,Wolfgang Rihm_In-Schrift.mp3,wrk_c3b73dff536c10
4731.mp3,Wolfgang Rihm_Interscriptum.mp3,wrk_3bc587b7144daa
4732.mp3,Wolfgang Rihm_Jagden und Formen.mp3,wrk_a6801ba1183110
4733.mp3,Wolfgang Rihm_Klavierstück Nr. 1.mp3,wrk_6252add8f4e69a
4734.mp3,Wolfgang Rihm_Klavierstück Nr. 2.mp3,wrk_3314ef84e0c466
4735.mp3,Wolfgang Rihm_Klavierstück Nr. 4.mp3,wrk_7a265ac396e898
4736.mp3,Wolfgang Rihm_Klavierstück Nr. 5.mp3,wrk_83fa5565b6da06
4737.mp3,Wolfgang Rihm_Klavierstück Nr. 6.mp3,wrk_a1046d08bba445
4738.mp3,Wolfgang Rihm_Klavierstück Nr. 7.mp3,wrk_7ddeb511a80a74
4739.mp3,Wolfgang Rihm_Kolchis.mp3,wrk_af95bd9552566c
4740.mp3,Wolfgang Rihm_Konzert in einem Satz.mp3,wrk_7bad93bc50fc28
4741.mp3,Wolfgang Rihm_Lichtes Spiel.mp3,wrk_8360a3812061ea
4742.mp3,Wolfgang Rihm_Maske.mp3,wrk_5a9b19c3894760
4743.mp3,Wolfgang Rihm_Mehrere kurze walzer.mp3,wrk_967d192fb6b0ce
4744.mp3,Wolfgang Rihm_Nach-Schrift.mp3,wrk_a3ce8a65d884eb
4745.mp3,Wolfgang Rihm_Nature morte - Still alive.mp3,wrk_391f73922d3866
4746.mp3,Wolfgang Rihm_Pol - Kolchis - Nucleus.mp3,wrk_387cd57e091558
4747.mp3,Wolfgang Rihm_Pol.mp3,wrk_1e416e9481f5d2
4748.mp3,Wolfgang Rihm_Quartettstudie.mp3,wrk_235f1a300b20ff
4749.mp3,Wolfgang Rihm_Sine nomine I.mp3,wrk_2b8b3098f4c628
4750.mp3,Wolfgang Rihm_Sotto voce.mp3,wrk_7e660c4136b635
4751.mp3,Wolfgang Rihm_Sphäre um Sphäre.mp3,wrk_773011fec786d6
4752.mp3,Wolfgang Rihm_Stück.mp3,wrk_e662cf0a67e310
4753.mp3,Wolfgang Rihm_Sub-Kontur.mp3,wrk_df4b6a9573ba4e
4754.mp3,Wolfgang Rihm_Unbenannt IV.mp3,wrk_0d44fa96e72561
4755.mp3,Wolfgang Rihm_Verborgene Formen.mp3,wrk_5c92bdd8507493
4756.mp3,Wolfgang Rihm_Vers une Symphonie fleuve IV.mp3,wrk_8ffc06c76f5498
4757.mp3,Wolfgang Rihm_Versuchung.mp3,wrk_0d09b5b341a54d
4758.mp3,Wolfgang Rihm_Verwandlung 3.mp3,wrk_0a0d03e57fd4de
4759.mp3,Wolfgang Rihm_Zwiesprache.mp3,wrk_4f7c8b263b6978
4760.mp3,Wolfgang Rihm_Über die Linie VI.mp3,wrk_560d3ebe9f1570
4761.mp3,Wolfram Schurig_capriccio per gerhard richter.mp3,wrk_04d0aa98eafee4
4762.mp3,Wolfram Schurig_fenster.mp3,wrk_40e313bb3dc6d3
4763.mp3,Xavier Dayer_Mais je me suis enfuis.mp3,wrk_355ac5787ab5f6
4764.mp3,Yan Maresz_Circumambulation.mp3,wrk_7fab5d5b7ab816
4765.mp3,Yan Maresz_Entrelacs.mp3,wrk_c20a1c33a9be64
4766.mp3,Yan Maresz_Festin.mp3,wrk_7196fc1cb45bea
4767.mp3,Yan Maresz_Frammenti.mp3,wrk_fbb66fac4ed09a
4768.mp3,Yan Maresz_Éclipse.mp3,wrk_4180e2b0218f54
4769.mp3,Yan Maresz_Étude d'impacts.mp3,wrk_775740ee44ea72
4770.mp3,Yang Song_Nomadic Sound.mp3,wrk_9dfbf5333cbf66
4771.mp3,Yang Song_Petrichor.mp3,wrk_5dd7fb74404f18
4772.mp3,Yang Song_Scattered Views.mp3,wrk_8b57c1b4099d87
4773.mp3,Yang Song_Serb'mo.mp3,wrk_4cb348bbf54a6b
4774.mp3,"Yang Song_The Wave, 波澜.mp3",wrk_e5d4b6e48b19af
4775.mp3,Yann Robin_Ashes.mp3,wrk_87f43e4e5614f5
4776.mp3,Yann Robin_Draft II.mp3,wrk_28ef5da44425a1
4777.mp3,Yann Robin_Extraction.mp3,wrk_d7a5195a75836d
4778.mp3,Yann Robin_Fterà.mp3,wrk_d243f4c86f33d5
4779.mp3,Yann Robin_Schizophrenia.mp3,wrk_5164c70e1ab81d
4780.mp3,Yann Robin_Shadows.mp3,wrk_178cc0f4bba5ea
4781.mp3,Yassen Vodenitcharov_Appels et chants en trio.mp3,wrk_8bbd07dec11618
4782.mp3,Yassen Vodenitcharov_Golden drops I.mp3,wrk_bf3f3bebd75725
4783.mp3,Yassen Vodenitcharov_Le ruban de Möbius.mp3,wrk_cbc65aa1e3cc7e
4784.mp3,Yassen Vodenitcharov_Les chants du ruisseau.mp3,wrk_9f22e4aa6c81d1
4785.mp3,Yassen Vodenitcharov_Les tambours du Désert.mp3,wrk_860a33e12a8804
4786.mp3,Yi Xu_Gu Yin.mp3,wrk_09cd7f9af35ccf
4787.mp3,Yi Xu_Liao.mp3,wrk_54c508dfc23b9b
4788.mp3,Yi Xu_Qing.mp3,wrk_c2c02605d69934
4789.mp3,Yi Xu_Self - Nonself.mp3,wrk_51222639cf59f9
4790.mp3,Ying Wang_Durchsichtiges Lied.mp3,wrk_689d0bab0aa1a8
4791.mp3,"Ying Wang_Unermüdlich strömend, nahezu transparent.mp3",wrk_c66d50b3ce5d51
4792.mp3,York Höller_Aufbruch.mp3,wrk_9e439a94694060
4793.mp3,York Höller_Diaphonie.mp3,wrk_90453bad61b64f
4794.mp3,York Höller_Epitaph.mp3,wrk_738bc5af1a7561
4795.mp3,York Höller_Gegenklänge.mp3,wrk_cfa7bac9b8492e
4796.mp3,York Höller_Improvisation sur le nom de Pierre Boulez.mp3,wrk_4867152398c121
4797.mp3,York Höller_Klangzeichen.mp3,wrk_ae530b146abda6
4798.mp3,York Höller_Partita.mp3,wrk_ae1d8a47a6d54d
4799.mp3,York Höller_Scan.mp3,wrk_73bccea5584280
4800.mp3,York Höller_Tagträume.mp3,wrk_e42fcca6908aa4
4801.mp3,York Höller_Trias.mp3,wrk_edc670ede4923f
4802.mp3,York Höller_Widerspiel.mp3,wrk_6034d4d7c6bd51
4803.mp3,York Höller_Zwiegestalt.mp3,wrk_605a745f379e93
4804.mp3,Yoshihisa Taira_Convergence III.mp3,wrk_5c491bf80829e2
4805.mp3,Younghi Pagh-Paan_AA-GA I.mp3,wrk_da7b67155905d6
4806.mp3,Younghi Pagh-Paan_Die Insel schwimmt.mp3,wrk_d7c87e2fe1e0c6
4807.mp3,Younghi Pagh-Paan_Dreisam-Nore.mp3,wrk_4f78e03d6aa5ec
4808.mp3,Younghi Pagh-Paan_Fanfarella.mp3,wrk_30206d36c6e09e
4809.mp3,Younghi Pagh-Paan_Glanz des Sonnenuntergangs.mp3,wrk_771ff0c64cfb3e
4810.mp3,Younghi Pagh-Paan_HANG-SANG II.mp3,wrk_5acf2e2c13067f
4811.mp3,Younghi Pagh-Paan_Hang-Sang V.mp3,wrk_cac2005e00aa19
4812.mp3,Younghi Pagh-Paan_Horizont auf hoher See.mp3,wrk_eaed26277a3d15
4813.mp3,Younghi Pagh-Paan_I thirst.mp3,wrk_39e98dc7f767d6
4814.mp3,Younghi Pagh-Paan_Klangsäulen.mp3,wrk_c17656d57e7842
4815.mp3,Younghi Pagh-Paan_Lebensbaum III.mp3,wrk_275d2cf660d78e
4816.mp3,Younghi Pagh-Paan_Madi.mp3,wrk_f28784a8b5b297
4817.mp3,Younghi Pagh-Paan_NE MA-UM.mp3,wrk_f654b2b15b01ef
4818.mp3,Younghi Pagh-Paan_NO-UL.mp3,wrk_d8eca193cde494
4819.mp3,Younghi Pagh-Paan_PA-MUN Wellen.mp3,wrk_8bdb73bfc529f2
4820.mp3,Younghi Pagh-Paan_PYON-KYONG.mp3,wrk_5b09691443fca0
4821.mp3,Younghi Pagh-Paan_Silbersaiten.mp3,wrk_33703aa7c75664
4822.mp3,Younghi Pagh-Paan_Sori.mp3,wrk_56ff2c5c917537
4823.mp3,Younghi Pagh-Paan_Unterm Sternenlicht.mp3,wrk_504b6c7232e4a3
4824.mp3,Younghi Pagh-Paan_Wundgeträumt.mp3,wrk_ea34fcd8c1a65a
4825.mp3,Yves Chauris_I hear bodies.mp3,wrk_348fe6914737bf
4826.mp3,Yves Chauris_Mineral pianos.mp3,wrk_c771d22ee039b6
4827.mp3,Yves Chauris_Ripples I.mp3,wrk_216502462a3a9c
4828.mp3,Yves Chauris_Shakkei.mp3,wrk_c3718abfc46c80
4829.mp3,Yves Chauris_Trio.mp3,wrk_047cee3ee9b9ba
4830.mp3,Yves Chauris_Why so quiet.mp3,wrk_01e7437a9a8895
4831.mp3,Zeynep Toraman_Album for the Young.mp3,wrk_0e71add1ce9c60
4832.mp3,Éliane Radigue_Occam XXV.mp3,wrk_994219c7a33356
4833.mp3,Øyvind Torvund_Giants of Jazz.mp3,wrk_baf0035b8999ef
4834.mp3,Øyvind Torvund_Willibald Motor Landscape.mp3,wrk_c48954ef3aee1c
