clip_filename,source_sha256,sample_rate,channels,decoded_samples,input_duration_seconds,input_lufs,input_true_peak_dbtp,max_target_lufs,gain_at_minus23_db,warning_at_minus23,analysis_status
0001.mp3,6d94a471161ed53b12b2f5a6c7edfac2e8ad12ec324e7c993ccf9e4fb58028d6,48000,2,240000,5.000000000,-23.22,-12.16,-13.06,0.22,,READY
0002.mp3,1190cffd3e95dc6d6f19b4bf6bfd7567cc30dfe1976e22af1155f6722250c520,48000,2,240000,5.000000000,-22.02,-6.59,-17.43,-0.98,,READY
0003.mp3,31bff50650bade1d8fb34327cc03d60c5a551ee093cfdf051275af9dd0f8ee50,48000,2,240000,5.000000000,-18.15,-8.64,-11.51,-4.85,,READY
0004.mp3,1bc1813a5b97a07eb51510e47fddad7fa674cd569eaf05ab5e45090ad21a7b66,48000,2,240000,5.000000000,-16.31,-4.19,-14.12,-6.69,,READY
0005.mp3,9d23a2862567bd8b3e7cf29b792d7e682828064e28efc874633a7417b987de19,48000,2,240000,5.000000000,-15.27,-2.88,-14.39,-7.73,,READY
0006.mp3,f12785aae087ff144170602024f03287c0413abece7f568500c1c5db3fb2e640,48000,2,240000,5.000000000,-22.28,-9.49,-14.79,-0.72,,READY
0007.mp3,8f71a3d4d8c43cb203c77fa70c70c8185456ffb763c6c559eee8bbf891259945,48000,2,240000,5.000000000,-26.74,-15.94,-12.80,3.74,,READY
0008.mp3,65cf033d8e38ebc5253d281b4f0585d4887f088a7321fd16a89ba218cf583890,48000,2,240000,5.000000000,-37.26,-24.28,-14.98,14.26,GAIN_ABOVE_+10_DB,READY
0009.mp3,499c6ee44816c82e883c31c4eba28bca9d9aede29176b0e93a2ff0502601d884,48000,2,240000,5.000000000,-22.46,-9.15,-15.31,-0.54,,READY
0010.mp3,61e26ac161474ba11fb8f9dee78d2526bb1385e4c24d5e3e2a8b9445a2a9871b,48000,2,240000,5.000000000,-36.52,-22.73,-15.79,13.52,GAIN_ABOVE_+10_DB,READY
0011.mp3,a1cb630f7f2143a927db64ee514394a461add864f485eddfc04b984abf602fee,48000,2,240000,5.000000000,-64.35,-48.32,-18.03,41.35,GAIN_ABOVE_+10_DB,READY
0012.mp3,03e3af1ac1f6a8c30e9a0a41316876c6fef5d74389c873ee4a0ae30126899244,48000,2,240000,5.000000000,-35.75,-24.30,-13.45,12.75,GAIN_ABOVE_+10_DB,READY
0013.mp3,f617921355d2ca1a6ccadfb13d03c4c989042e013d4d12c4bd16dd8f787a6c23,48000,2,240000,5.000000000,-25.77,-8.48,-19.29,2.77,,READY
0014.mp3,ea4abb81502547de921ac855f7933bad66e5e4eb25aac8057d5bd16c754421ea,48000,2,240000,5.000000000,-34.72,-22.67,-14.05,11.72,GAIN_ABOVE_+10_DB,READY
0015.mp3,1e866703625b31ab50e6cffec615f35488540d14e481e1732cc6c88112f645f0,48000,2,240000,5.000000000,-24.68,-12.36,-14.32,1.68,,READY
0016.mp3,01e85e35abe71f63a041d90fcaa9f510f8743d1b919ed2f7110c132a69a67285,48000,2,240000,5.000000000,-26.53,-11.89,-16.64,3.53,,READY
0017.mp3,e5b37dd99bf7c21ddf43b482ed63d271297d8e5e8fa4042d030d7d32c11bed0d,48000,2,240000,5.000000000,-20.95,-8.27,-14.68,-2.05,,READY
0018.mp3,ec71030ac262334a7bf41004a354b72a09187ee08229d3b1db7c8c9ec1a39198,48000,2,240000,5.000000000,-31.52,-17.16,-16.36,8.52,,READY
0019.mp3,e098b67734c37e76dfd93d78acfbfdcf7ad4770b8461761e6c1bb720dd847ded,48000,2,240000,5.000000000,-20.00,-6.16,-15.84,-3.00,,READY
0020.mp3,671f3fbdccf2ac44307b0f259668a5e365074f98b58a05be5698f25924a41e56,48000,2,240000,5.000000000,-36.08,-22.55,-15.53,13.08,GAIN_ABOVE_+10_DB,READY
0021.mp3,4aa98a3009f25b01dfef2f43dbff6097770eb598c82d37f1985d6583b0ce02dd,48000,2,240000,5.000000000,-31.13,-14.88,-18.25,8.13,,READY
0022.mp3,511ed06cc2a872ae9576d753e04f17f808109319938bc3dd36a0ee67ee4d07e7,48000,2,240000,5.000000000,-16.94,-3.92,-15.02,-6.06,,READY
0023.mp3,694c305bd9d7c6f7b8c430b64c72f103a44a4efc8b631f5e75e132aadd898ab7,48000,2,240000,5.000000000,-28.68,-16.90,-13.78,5.68,,READY
0024.mp3,6f1855d3f3bddc3435c7c6811f467c9d08cf23f2a31e91253749bf72caf73b51,48000,2,240000,5.000000000,-22.26,-8.85,-15.41,-0.74,,READY
0025.mp3,f0274d011be318d4c3ad0f1c97527b0088112ad31e66bab8b5149153b62ec496,48000,2,240000,5.000000000,-27.78,-12.59,-17.19,4.78,,READY
0026.mp3,eb7f18e47536d44a2bf6e7405f18e748c4f69cdac543131ae0648626b8aafb51,48000,2,240000,5.000000000,-27.59,-15.82,-13.77,4.59,,READY
0027.mp3,6e052c0f015157b138fc74701497ac066a8aa612144ac31a633e3f98efa1d113,48000,2,240000,5.000000000,-14.32,-2.14,-14.18,-8.68,,READY
0028.mp3,509a9a167de9dbde81e81898bf234a021c853de259dc0d81646e68d82c6d486b,48000,2,240000,5.000000000,-18.09,-2.88,-17.21,-4.91,,READY
0029.mp3,8d422346dc8c1a58d276ce9dff97f7474d17d4932f6cb30347da572ceedcb419,48000,2,240000,5.000000000,-23.31,-4.15,-21.16,0.31,,READY
0030.mp3,db02dde91f394b8d7eef91a4a76562c9609f906fb02c70d23d7e0022d4e0e3b6,48000,2,240000,5.000000000,-19.93,-7.34,-14.59,-3.07,,READY
0031.mp3,c91a04ce851509d80984f0e58e1ff48089cab44838d283571c0853ea2abe7468,48000,2,240000,5.000000000,-57.23,-42.42,-16.81,34.23,GAIN_ABOVE_+10_DB,READY
0032.mp3,d6dec18b2dea4d3a4287d514372c5b7f23b43ea5ac3e154dfeb81d3f56980788,48000,2,240000,5.000000000,-28.11,-11.09,-19.02,5.11,,READY
0033.mp3,ceb43bdb4cb74f4ddba4cc26da221d42b5ef23b907781161e023028795a9816e,48000,2,240000,5.000000000,-22.40,-9.77,-14.63,-0.60,,READY
0034.mp3,2fae9da575ba431b20826f4aa273a8a1c724d6c445a87ae878f4eba4871c9f4d,48000,2,240000,5.000000000,-16.61,-3.72,-14.89,-6.39,,READY
0035.mp3,0ff612867bc70c6fa3043f4772e02638a3f0bd695e2378e98c44ff2579e5f304,48000,2,240000,5.000000000,-32.06,-10.08,-23.98,9.06,,READY
0036.mp3,7d3107489d23c4ed846015ab0c53c45249d4ef9bf697ec2ae7bb4f4603ea3706,48000,2,240000,5.000000000,-60.59,-45.30,-17.29,37.59,GAIN_ABOVE_+10_DB,READY
0037.mp3,0a9b9ff8584c9319c661434d95721a93c1a093232f31927229e8cbd68acb9d8a,48000,2,240000,5.000000000,-14.53,-0.51,-16.02,-8.47,,READY
0038.mp3,1c9bb78dd581fb7162e71eb75654db220737cd66b8e5240dfd2214bec51e9e14,48000,2,240000,5.000000000,-47.07,-22.76,-26.31,24.07,GAIN_ABOVE_+10_DB,READY
0039.mp3,4b02554a19a5e3db840f7d29712f703d44f1efc035949df93bd4e0c0c73fc397,48000,2,240000,5.000000000,-26.93,-14.21,-14.72,3.93,,READY
0040.mp3,435f0c94a86b476ac27c042022429d892864071b244566278dae6c25770e6761,48000,2,240000,5.000000000,-36.53,-23.30,-15.23,13.53,GAIN_ABOVE_+10_DB,READY
0041.mp3,eda50b664c3b558eb4dc397724e7325a6378df3ea20b3199643677192e7e27ed,48000,2,240000,5.000000000,-14.40,-2.65,-13.75,-8.60,,READY
0042.mp3,14dc11c97b39ff80d5ca43bdcdaef3653cb7a77f7e3178905d594098321bd0e5,48000,2,240000,5.000000000,-32.56,-17.71,-16.85,9.56,,READY
0043.mp3,24e58c4d0ee77116907a5f5adb6f82732d79db87e1e44796814b63bb88ece46d,44100,2,220500,5.000000000,-35.46,-24.89,-12.57,12.46,GAIN_ABOVE_+10_DB,READY
0044.mp3,bb01088450a506b44002ab285e66a3d5132deb6c9ff8a638f39546f728f18fa7,48000,2,240000,5.000000000,-15.00,-5.61,-11.39,-8.00,,READY
0045.mp3,bdc0f2c732c3e13d70b258b88559d6caff432598a83b70b7f54ef55c2a8a5ab8,48000,2,240000,5.000000000,-35.87,-25.30,-12.57,12.87,GAIN_ABOVE_+10_DB,READY
0046.mp3,30a5c7959a46db41e5da29a435f59520b9fc1b4f001e59e57fb8f08f0807327b,48000,2,240000,5.000000000,-31.48,-16.58,-16.90,8.48,,READY
0047.mp3,754ff31c6d8888e8003dc65cc2281e6413b3bea11380bfa57ee67909a6faecb8,48000,2,240000,5.000000000,-48.19,-41.24,-8.95,25.19,GAIN_ABOVE_+10_DB,READY
0048.mp3,edfa7c1dd6fa08d5ae924f8497be5c0619951d3688a85daada156ce891dd7369,48000,2,240000,5.000000000,-17.25,-5.29,-13.96,-5.75,,READY
0049.mp3,7a7ab30e2a590d73c5d26dc3501ab52eece9fd9a669e9dcca7117997208479fd,48000,2,240000,5.000000000,-47.60,-30.17,-19.43,24.60,GAIN_ABOVE_+10_DB,READY
0050.mp3,4822d0944df79f47968cf723178cb21db3e73b073a392efb41ceaec041958322,48000,2,240000,5.000000000,-21.99,-8.86,-15.13,-1.01,,READY
0051.mp3,a37f55e171e9e26dc812ec7b3e8053ba8d92be48e2cfece6220cd322fa243568,48000,2,240000,5.000000000,-27.60,-18.88,-10.72,4.60,,READY
0052.mp3,dc91f098f07c5aa9a6366a62465dc7e37c2f10cd3089a933f5db1a71ccdee3d7,48000,2,240000,5.000000000,-29.28,-18.60,-12.68,6.28,,READY
0053.mp3,2fbbdd69a13f3b574306bdfeac1d87ef43cddd97135140958e339655430292cd,48000,2,240000,5.000000000,-50.55,-35.27,-17.28,27.55,GAIN_ABOVE_+10_DB,READY
0054.mp3,425aa01550a56fda0ea9389b2601ff657e169fc81616ed0668085c3e25aec54e,48000,2,240000,5.000000000,-23.09,-9.02,-16.07,0.09,,READY
0055.mp3,ccdd855a0f5af4008c52e4cdb298840f9bd3313edbc8af3477de9baab8744ef2,48000,2,240000,5.000000000,-18.17,-8.99,-11.18,-4.83,,READY
0056.mp3,6c358a20daf6a764a0edf80a9319d4d1ef78ccb896a174b7b939d0872828b59e,48000,2,240000,5.000000000,-21.07,-8.59,-14.48,-1.93,,READY
0057.mp3,2ed4e020d0e76091934bf1d1fa4ae1883dbd9666067e2ff7c3ae52ad03bb6c45,48000,2,240000,5.000000000,-40.74,-29.25,-13.49,17.74,GAIN_ABOVE_+10_DB,READY
0058.mp3,13b252ed66564c6608f897ebb803b77428c6d304c6466472a569731c4f843933,48000,2,240000,5.000000000,-29.10,-19.31,-11.79,6.10,,READY
0059.mp3,fa9007921bfaa47f588dbe7a1eb3b959e156d6c65f557d2004a31beed52f27fb,48000,2,240000,5.000000000,-13.48,-6.57,-8.91,-9.52,,READY
0060.mp3,35d7705cbf7546286e6875e1ead00c12293cf5c4de439bd30d8a34a8768e5a4a,48000,2,240000,5.000000000,-22.63,-10.15,-14.48,-0.37,,READY
0061.mp3,375022981be38822e02c03f17e7045718ab9527eee7d5e01fd12cb615c2d3ec0,48000,2,240000,5.000000000,-32.10,-13.69,-20.41,9.10,,READY
0062.mp3,55f6ebedb8d1847ed386da2315dabdd30e2902cf4b3afd53b6c8ac463e24f1e1,48000,2,240000,5.000000000,-47.38,-28.78,-20.60,24.38,GAIN_ABOVE_+10_DB,READY
0063.mp3,c2d04955e285f4f582ca7e0163de18f4d39f3542b9f1c7ebba6a2796f99cbdef,48000,2,240000,5.000000000,-18.41,-7.86,-12.55,-4.59,,READY
0064.mp3,b7ec0e359dcfce89feed981800491baf40e991a34d57c392c916ef1e312ad1e2,48000,2,240000,5.000000000,-12.16,0.11,-14.27,-10.84,ATTENUATION_BELOW_-10_DB,READY
0065.mp3,6f4f5bcbeb4ffbc324c4c047f93cd18d4927f4c6b241459fd973b4adaebd0b19,48000,2,240000,5.000000000,-16.57,-5.93,-12.64,-6.43,,READY
0066.mp3,5254005b09464b37669042d764e046e21cecc9b55b3b765f4b2ea4d23c898c32,48000,2,240000,5.000000000,-11.25,-0.13,-13.12,-11.75,ATTENUATION_BELOW_-10_DB,READY
0067.mp3,893222a698cd6bbf368f26299bee25a5932fc611e2d141dab6fb7020bb7a56f8,48000,2,240000,5.000000000,-16.19,-7.25,-10.94,-6.81,,READY
0068.mp3,175b8fa1c83cde66f150cd5f63a5dc997e6af92fd3687787f23dd7763ea58b83,48000,2,240000,5.000000000,-14.60,-2.31,-14.29,-8.40,,READY
0069.mp3,04e67f3c1d92ba6431cbc636280582d6de118619b4fc1c66073b67540a5dd86a,48000,2,240000,5.000000000,-19.20,-8.10,-13.10,-3.80,,READY
0070.mp3,d9c4545ec226340f5bac49ae8045a03dcf2dd3dfe154a36408d8bfd12ede374b,48000,2,240000,5.000000000,-26.78,-16.61,-12.17,3.78,,READY
0071.mp3,c4d6b1fb01105d4b757683f2a0fb5f8316324dff806f81b5473d06d1c5dd14d6,44100,2,220500,5.000000000,-52.76,-40.15,-14.61,29.76,GAIN_ABOVE_+10_DB,READY
0072.mp3,6155b8d1af10ee3b31810e51a43eb383952ebf48d655b12f1e227572e8dda26d,48000,2,240000,5.000000000,-10.72,-1.09,-11.63,-12.28,ATTENUATION_BELOW_-10_DB,READY
0073.mp3,dc34ba06494eab49f166f6fe0cd5a4427bd791373ccf0dcd2228e10d96132e33,48000,2,240000,5.000000000,-12.13,0.07,-14.20,-10.87,ATTENUATION_BELOW_-10_DB,READY
0074.mp3,96a0a2f4a92b0bcc3a9aedfbb7a6e1379222773444cb2c3ec7fef87e8114c684,48000,2,240000,5.000000000,-28.88,-16.61,-14.27,5.88,,READY
0075.mp3,c5193d61132c0baffcdbe4c1f7021005b93188486c78f0d8dfadd5a2eb26e103,48000,2,240000,5.000000000,-31.39,-17.12,-16.27,8.39,,READY
0076.mp3,3b3ada47427cd2d0fcd7adf7a9a3764686fac1627452c6188147a9e09ce36fde,48000,2,240000,5.000000000,-42.47,-30.77,-13.70,19.47,GAIN_ABOVE_+10_DB,READY
0077.mp3,e397033a81224dcdaa28dccc5e3c9466109e0620968ebbf640c5b859e56ccc07,48000,2,240000,5.000000000,-29.74,-17.61,-14.13,6.74,,READY
0078.mp3,124a8a050f41649d9aa4408df6debb24fe0b588d13233b0386078ec6b1718b0d,48000,2,240000,5.000000000,-34.32,-20.18,-16.14,11.32,GAIN_ABOVE_+10_DB,READY
0079.mp3,027d25d9516845817601508c8a5edae7884588a4f3d293c2c070ebb407013d96,48000,2,240000,5.000000000,-22.11,-7.40,-16.71,-0.89,,READY
0080.mp3,f6a41907e89d3dba9b71e548c5f03183b9db47a3068bf575137e5d24edbef3a1,48000,2,240000,5.000000000,-33.35,-14.48,-20.87,10.35,GAIN_ABOVE_+10_DB,READY
0081.mp3,f31093d3e88da9cbc0c505ca14ecdba478081e759e8c293ad55369709a2d7e04,48000,2,240000,5.000000000,-34.47,-21.46,-15.01,11.47,GAIN_ABOVE_+10_DB,READY
0082.mp3,65b12277f03cdd103e616e7752852b90666adb40f4446164a8fcec00953df46b,48000,2,240000,5.000000000,-60.12,-42.64,-19.48,37.12,GAIN_ABOVE_+10_DB,READY
0083.mp3,e2eace5741a7f5eefbe1450754d3e08310af51668acecf75f3b1e12c38d16fa5,48000,2,240000,5.000000000,-30.21,-15.19,-17.02,7.21,,READY
0084.mp3,0d353d43bfe85fd13d9e7130a48fb0392a66cdd9688366de1aad87998e3588f7,48000,2,240000,5.000000000,-31.05,-17.90,-15.15,8.05,,READY
0085.mp3,9c532f4f31b3068b0305d8fe37639ad2b060c25c780c6689c3bcc35d27720b61,48000,2,240000,5.000000000,-43.47,-24.71,-20.76,20.47,GAIN_ABOVE_+10_DB,READY
0086.mp3,f410550e4e08bc43b4f71b00aa69e85d9d7d66073e83042ede147e046a83fdd2,48000,2,240000,5.000000000,-12.29,-0.21,-14.08,-10.71,ATTENUATION_BELOW_-10_DB,READY
0087.mp3,231e766b7a7ee44e77137136c0947b9bfd2baab1ee7b7ac90283847a15816ada,48000,2,240000,5.000000000,-7.61,0.38,-9.99,-15.39,ATTENUATION_BELOW_-10_DB,READY
0088.mp3,f9499caecf61f754b51626d5f35c055fd113624926ca60385b2f8d6da728c334,48000,2,240000,5.000000000,-19.89,-7.19,-14.70,-3.11,,READY
0089.mp3,2209f786eea59bda6a180d0f6e99efb89b39cf1dfcbb14c989ebe004a5d27c18,48000,2,240000,5.000000000,-18.12,-6.42,-13.70,-4.88,,READY
0090.mp3,444ca2185067082473828ac57ecb8db065a711696fbe33bc1fe77b08b421ee33,48000,2,240000,5.000000000,-33.75,-22.14,-13.61,10.75,GAIN_ABOVE_+10_DB,READY
0091.mp3,c050b4926f036b2b82e778bbfe8b476c24e339bbfce504136039a26b24930fb5,48000,2,240000,5.000000000,-21.31,-9.71,-13.60,-1.69,,READY
0092.mp3,8ba8d5f5f581d97b811287f3023474167c63e7b479ae4ae93809fc353af50c84,48000,2,240000,5.000000000,-39.42,-33.63,-7.79,16.42,GAIN_ABOVE_+10_DB,READY
0093.mp3,248ed3ab8c4c167d5b8176b1cad3eb4fb85d2efaa307c22dd2078e31109bf4dc,48000,2,240000,5.000000000,-23.63,-10.27,-15.36,0.63,,READY
0094.mp3,1f99d6c5fe18ca67697a7bb9ed7dab52fb1deb868d209e359fbd99974cab7565,44100,2,220500,5.000000000,-21.04,-6.08,-16.96,-1.96,,READY
0095.mp3,6d6d65c06e1611f3a04f1fe5571b1bd2cdecc5300261566a1d8d56ed1942d813,48000,2,240000,5.000000000,-27.80,-14.79,-15.01,4.80,,READY
0096.mp3,07d09be62b3b1e8825a22fd1ed85d87dfaf558d586d9df66b4bcebae3f92330d,48000,2,240000,5.000000000,-21.40,-3.31,-20.09,-1.60,,READY
0097.mp3,6d1e5203ad1e32d8d6a5c3b8c7d11f97558bb60efe8bad476da60ab1d6122f2c,48000,2,240000,5.000000000,-47.89,-38.95,-10.94,24.89,GAIN_ABOVE_+10_DB,READY
0098.mp3,abb4d621f045fb92d441d349167fb032b4ce37bddd6c1a011efdc2aa0c02b895,48000,2,240000,5.000000000,-28.74,-17.46,-13.28,5.74,,READY
0099.mp3,4687c8f9b4a9a0c28a03a08060e5ba21726df4d5c0ea5c8fc223e9b34c9d8e51,44100,2,220500,5.000000000,-32.02,-23.36,-10.66,9.02,,READY
0100.mp3,41f65d2b2a0a94318140c1802f52a5fddc8a38f089fa719659ef715ba2300f00,48000,2,240000,5.000000000,-14.29,-0.60,-15.69,-8.71,,READY
0101.mp3,e12e68770ee6510dbb2f74ddc1c172d8d8e56b905e1b94da4d3056758da33e7c,44100,2,220500,5.000000000,-16.05,-8.78,-9.27,-6.95,,READY
0102.mp3,930713235ab4ca92dba173f386cbec3ceea949b3571633adad229a2e9da924a4,48000,2,240000,5.000000000,-24.42,-12.02,-14.40,1.42,,READY
0103.mp3,3c345fd97f92fdc87e06d0c50cf5984c8fb1151b6468913300abfd365246bff5,48000,2,240000,5.000000000,-30.75,-19.90,-12.85,7.75,,READY
0104.mp3,e34809ab483af96abea8cf9179f512e8fa8a7b1974b18bd932238fb6a4fbcd8b,48000,2,240000,5.000000000,-19.78,-2.10,-19.68,-3.22,,READY
0105.mp3,dedd3c1f13dbad7f733db77c1a16e4d3627eab38dfc6fb97294996160741b44e,48000,2,240000,5.000000000,-20.93,-7.67,-15.26,-2.07,,READY
0106.mp3,e3aa2ff3ad0d7892d70aa31b75998b8bbddaa2543475bdcd9883b926f3b08ff0,48000,2,240000,5.000000000,-18.12,-8.29,-11.83,-4.88,,READY
0107.mp3,aabeba4434d64a51a78277939df7a9799d0f60a2b4137bd762debcd23a4d2134,48000,2,240000,5.000000000,-21.89,-18.32,-5.57,-1.11,,READY
0108.mp3,92d0454dcd8b744576df876ac0a64057aca40eee4489f3698bfbde640b3d6e91,48000,2,240000,5.000000000,-21.98,-11.78,-12.20,-1.02,,READY
0109.mp3,5d3fccd16e9a6c763e3a9784c215581ca3a779affc4271db9a02917da8baf77b,48000,2,240000,5.000000000,-17.37,-3.92,-15.45,-5.63,,READY
0110.mp3,4b476592c19b0338a8a6a532c419d9f32cfbfc5aa5b83404d9ff727d033fe767,44100,2,220500,5.000000000,-17.87,-6.38,-13.49,-5.13,,READY
0111.mp3,4f3931d44785191fffe1e097dbf3983420589a36acfab5aedaa05309c10347c6,48000,2,240000,5.000000000,-18.46,-4.84,-15.62,-4.54,,READY
0112.mp3,95cfd31c741a0bc48489850f3899011ee509059db12206daf1e7ef0efc8384df,48000,2,240000,5.000000000,-32.44,-19.25,-15.19,9.44,,READY
0113.mp3,04a9052fba59b82cf79e98911930907d03cbb55062aef2b87bd7251729ea04c4,48000,2,240000,5.000000000,-19.92,-7.83,-14.09,-3.08,,READY
0114.mp3,0e600a30044eabb162002adfc348f7d92fd9704eb90683ad00e0fca90f3cdbf8,48000,2,240000,5.000000000,-37.22,-21.63,-17.59,14.22,GAIN_ABOVE_+10_DB,READY
0115.mp3,5185a55fcbc489e78be1331ada947f312198091c7a997f3625065ef1ab1740be,44100,2,220500,5.000000000,-21.85,-14.99,-8.86,-1.15,,READY
0116.mp3,f4c9d9c31e53672fd3a2f72c0e529fb1f5057bd8112ca9cfb15518f7d5ed5155,44100,2,220500,5.000000000,-52.92,-25.36,-29.56,29.92,GAIN_ABOVE_+10_DB,READY
0117.mp3,fcf90c1bf38431c27dc96c9460d790ae2193919fc013843336e92d25187dd7a3,48000,2,240000,5.000000000,-11.21,-1.64,-11.57,-11.79,ATTENUATION_BELOW_-10_DB,READY
0118.mp3,8237c9f99e06e761a7a24565d3eab58bb25e5bcebb1246ad7ffdbbe6530ed295,44100,2,220500,5.000000000,-22.94,-7.58,-17.36,-0.06,,READY
0119.mp3,6c32efa13c66ebf2c477a94f7eb27d049df75cce7c0eac6929f9d6e7af3d9856,48000,2,240000,5.000000000,-20.84,-10.36,-12.48,-2.16,,READY
0120.mp3,3cf1e6b9a3f3bfdb51d13239c5f0b02771c33bc826e33e3f30f8e7fe0ba550e0,48000,2,240000,5.000000000,-22.28,-9.96,-14.32,-0.72,,READY
0121.mp3,60d69ff4cc97f3f28c52b8f40a62637f9878f736452249eaea376a3cfb9f3862,44100,2,220500,5.000000000,-34.41,-21.46,-14.95,11.41,GAIN_ABOVE_+10_DB,READY
0122.mp3,0125e22f87b4647de6ce006accdda45e07b5cc52c1a1ba1dd75d953c591688a3,44100,2,220500,5.000000000,-31.14,-16.11,-17.03,8.14,,READY
0123.mp3,bfca03ce7d067a3a9dc42b509c55eb37b30cd3b50eb93357fddb1dfb37feebec,44100,2,220500,5.000000000,-32.07,-14.95,-19.12,9.07,,READY
0124.mp3,241f373d3aad3037a9091b0c4de518ec161e0f788080ce16dd23980d23ffb04c,48000,2,240000,5.000000000,-22.52,-10.95,-13.57,-0.48,,READY
0125.mp3,c0b826584e10143ae43113445ea0867bd7c1fad3cf0ddf06ac9f54c3b07ca95c,44100,2,220500,5.000000000,-14.93,-6.89,-10.04,-8.07,,READY
0126.mp3,ccc4cfb82402f63cb0884962f2ea3e409c58af11524b61a1742b37d4d560444f,48000,2,240000,5.000000000,-27.00,-13.91,-15.09,4.00,,READY
0127.mp3,cdf20b8418c823c684ba44da0584d7af9410d94bc6af1e349bbbb1fb8acd8fad,48000,2,240000,5.000000000,-35.24,-17.20,-20.04,12.24,GAIN_ABOVE_+10_DB,READY
0128.mp3,3aca3a98b3ea824700c59b2f0c172790622e8e923e1f5327fa276bd50089c1c3,48000,2,240000,5.000000000,-24.73,-11.21,-15.52,1.73,,READY
0129.mp3,dca1e33ed4d54eb10c4bce7a0ebb3972e058dbc227f136578926fd5fda40732e,48000,2,240000,5.000000000,-31.35,-17.20,-16.15,8.35,,READY
0130.mp3,a7487c226da64f36fb09ae0e7b4a8ffe1e466e2e58ed46e8760d96a9968e3d08,48000,2,240000,5.000000000,-20.69,-4.88,-17.81,-2.31,,READY
0131.mp3,726791c96477d1c50208703da897ce7a36edd831783327aad8c3ca53418130af,48000,2,240000,5.000000000,-24.59,-7.07,-19.52,1.59,,READY
0132.mp3,200d1227ebc6077a37f8ed7e75171af1a244b5effa9afc154e5ca9121aeb5b8d,48000,2,240000,5.000000000,-21.84,-8.46,-15.38,-1.16,,READY
0133.mp3,9ac861172a978d26314d2f9deb298552ecc73dcd5579740d6a07f8fc3c2efd70,44100,2,220500,5.000000000,-26.18,-9.53,-18.65,3.18,,READY
0134.mp3,22561cf8f6883a9bd7ebe66dc2c21ce6283a85f0cd0e3eebbe772b0d230fc51c,48000,2,240000,5.000000000,-23.34,-10.38,-14.96,0.34,,READY
0135.mp3,1932762b377bb3c087759f86e30c039e76f9eb163898f86dd60b1c4c5fdfe8c6,48000,2,240000,5.000000000,-17.30,-3.17,-16.13,-5.70,,READY
0136.mp3,cdbad33782845618b4a9f326ace1f4ad41a24169dff0af37d9dd1cfc3c31d115,48000,2,240000,5.000000000,-19.22,-5.99,-15.23,-3.78,,READY
0137.mp3,f3fbf61bae964072fd6fe981f37d97bad22d465fba7f93997ef1d4a4b1d15c31,48000,2,240000,5.000000000,-31.54,-17.05,-16.49,8.54,,READY
0138.mp3,fd2a10283838af714b6c9891cb0ed847c2f25087ab2abb49b269b593044ac725,48000,2,240000,5.000000000,-34.89,-16.13,-20.76,11.89,GAIN_ABOVE_+10_DB,READY
0139.mp3,9d9d4a95fab611585147bf38914de55ec6bd8194fd6f7cea267e29ef031477b1,48000,2,240000,5.000000000,-20.13,-4.38,-17.75,-2.87,,READY
0140.mp3,02d081bcb106cff46abe6fe74b3d7a54202bfdb599a11c3ddb0d1ee5ae4ba7f3,48000,2,240000,5.000000000,-26.60,-10.82,-17.78,3.60,,READY
0141.mp3,ca7b1a842cdb229481e6fce5d608db2138d7401c3c0e08494dd0d5de4502391a,48000,2,240000,5.000000000,-43.25,-27.63,-17.62,20.25,GAIN_ABOVE_+10_DB,READY
0142.mp3,1d8ec4da3c7b25b8c7329046afb0d57d9ab3a5916aae9a4207893794fa6bc463,48000,2,240000,5.000000000,-22.08,-8.57,-15.51,-0.92,,READY
0143.mp3,52b51216f33f70a3ba61cc13945c895df83193e2ddfce53d9169631b3b5acfe8,48000,2,240000,5.000000000,-22.84,-8.49,-16.35,-0.16,,READY
0144.mp3,54584a194d759ff3de855624f3089d54b612aaf9d20afd258a5007f4bc2233d6,48000,2,240000,5.000000000,-53.44,-35.29,-20.15,30.44,GAIN_ABOVE_+10_DB,READY
0145.mp3,3655cd483ac835b0fccf7621cc0e637e5826484b01ad8dddbc4941bd00aec938,48000,2,240000,5.000000000,-14.81,-0.05,-16.76,-8.19,,READY
0146.mp3,ba3ad83304397a572d7273bd81c1af3424440d3555a1d7e654bb732a0ad69917,48000,2,240000,5.000000000,-12.02,-0.58,-13.44,-10.98,ATTENUATION_BELOW_-10_DB,READY
0147.mp3,211ed53c043f28fbc90d2cece962a8df523d3990173322d4f64f410f142f48e2,48000,2,240000,5.000000000,-20.48,-7.88,-14.60,-2.52,,READY
0148.mp3,bf6a35c7d750d77a3b32fb4852fae14c628030a9e046bceebd5f5dd483938768,48000,2,240000,5.000000000,-27.78,-10.04,-19.74,4.78,,READY
0149.mp3,3a195acb0afe866e402d5748e08fce29249c80770b502ff29b01971a1bca3cee,48000,2,240000,5.000000000,-32.61,-20.08,-14.53,9.61,,READY
0150.mp3,4b9ae2c5957467c075d0864059cc7929199341f5313c2f9ebbf413261cdd1a2c,48000,2,240000,5.000000000,-21.94,-6.43,-17.51,-1.06,,READY
0151.mp3,571d594d2545fa3efcf7e20527a760198411ae39a494c45d161a6c463955dd1e,48000,2,240000,5.000000000,-26.80,-14.41,-14.39,3.80,,READY
0152.mp3,573694394d105c7ce058c0a3592f0ca0909f342dcca712e721ba379dfb476f45,48000,2,240000,5.000000000,-16.20,-0.19,-18.01,-6.80,,READY
0153.mp3,1b7d3f3bde20fd03f9e5b4c9d98bf418d8537516f0d18210d0dd6c2988e1a599,48000,2,240000,5.000000000,-33.28,-15.43,-19.85,10.28,GAIN_ABOVE_+10_DB,READY
0154.mp3,dcb8c80d3004d79badbcd5c7c500f4e01e98418d4273be58690c0f770fc01d86,48000,2,240000,5.000000000,-42.09,-25.39,-18.70,19.09,GAIN_ABOVE_+10_DB,READY
0155.mp3,b30ff8e3be739ff2ecb5cfd812e5b14f6d9a9201c0f179ccb2363350ea45112f,48000,2,240000,5.000000000,-17.60,-3.34,-16.26,-5.40,,READY
0156.mp3,832d8bf8e835919272cfb745ce9b3455e86c029a5f6548f9a6db22b92b4527ed,48000,2,240000,5.000000000,-14.30,-0.25,-16.05,-8.70,,READY
0157.mp3,d966d65438f0246dd5161721f961bd4029608b60be172405c385e2be9f66b322,48000,2,240000,5.000000000,-21.28,-6.20,-17.08,-1.72,,READY
0158.mp3,fe5da41f7d60d6fce48d35260562c382fd2cd6c11447336ed09822aab5f21776,48000,2,240000,5.000000000,-31.38,-20.98,-12.40,8.38,,READY
0159.mp3,74802ebe53b1c0ab417d7af181f9108c8dc71ef4c9e0c6adc7cadc725ec327db,48000,2,240000,5.000000000,-19.74,-10.31,-11.43,-3.26,,READY
0160.mp3,23bf8d2c6070847b1e00e5a61aea6cbac785917f695128a79291cb7c6e555565,48000,2,240000,5.000000000,-19.18,-6.13,-15.05,-3.82,,READY
0161.mp3,851c38290be330c35b2a133aa6409aabb63782b17aa22da2de4de37a3c94ef1e,44100,2,220500,5.000000000,-20.19,-2.69,-19.50,-2.81,,READY
0162.mp3,80d40aaea272e4da8790175b265c1efb448fcc0f1a45b37467c71737fd2ec17a,48000,2,240000,5.000000000,-43.29,-33.50,-11.79,20.29,GAIN_ABOVE_+10_DB,READY
0163.mp3,0a8d6e587ac3b7a787cf0411c8aa751801827619dc9f439ed3d5362f3157e52c,48000,2,240000,5.000000000,-29.46,-15.42,-16.04,6.46,,READY
0164.mp3,255395ec90034074f57096930c1bfd76dab575e5212308bb3f209fb5bb240530,48000,2,240000,5.000000000,-29.54,-17.27,-14.27,6.54,,READY
0165.mp3,199618c18b08ecff7453c43ff0acdfe12fb044c274e06cb2d1c436351111ef78,48000,2,240000,5.000000000,-35.97,-21.98,-15.99,12.97,GAIN_ABOVE_+10_DB,READY
0166.mp3,3522acf65e87c1a779f2b342b490e39a4d3b4b9d4b33e997a5ff81120e4152c7,48000,2,240000,5.000000000,-32.77,-18.95,-15.82,9.77,,READY
0167.mp3,0900f32972dbb5018ca3fbeddff23cb480c69f3a3d34b2d4ad676af850578c85,48000,2,240000,5.000000000,-21.86,-4.96,-18.90,-1.14,,READY
0168.mp3,d49d89b98fa87b4c0e6fe97760c425899b5877a33b58589c4e943d9c7ee32d97,48000,2,240000,5.000000000,-21.30,-7.45,-15.85,-1.70,,READY
0169.mp3,ea276bf9db30dab9977cbf55f4b70c6fdffc004ac7b2c63f46eb0cd20612851e,48000,2,240000,5.000000000,-21.00,-2.93,-20.07,-2.00,,READY
0170.mp3,44d4f9207b62d0ed16abe70e1344e787c63370417f3495fbb3ca6dcdd9b4163a,48000,2,240000,5.000000000,-34.03,-20.62,-15.41,11.03,GAIN_ABOVE_+10_DB,READY
0171.mp3,95e1c8a35bbada95d2e5cae6d3d5acb3868bd7ee81b04899340147e69715ea4c,48000,2,240000,5.000000000,-15.63,-5.25,-12.38,-7.37,,READY
0172.mp3,49e6d3aab500bca16ff9a7cc955463e9baffcc912ba8c8e1d84d7d897799e676,48000,2,240000,5.000000000,-47.29,-34.67,-14.62,24.29,GAIN_ABOVE_+10_DB,READY
0173.mp3,e4d56bb2a4985aaa906f3313b39e372dda62f82433a84d5137174204c2d6f5ea,48000,2,240000,5.000000000,-26.86,-15.10,-13.76,3.86,,READY
0174.mp3,4b27119ce2cf3c5831cab7b3e8654f95a87f90ccf98c2f24c4312277fa9839e0,48000,2,240000,5.000000000,-21.00,-7.98,-15.02,-2.00,,READY
0175.mp3,2eb4277d125931c7a6f3f4111c510a90a5e84015017156afa57613437367fcf2,48000,2,240000,5.000000000,-21.49,-7.63,-15.86,-1.51,,READY
0176.mp3,df20bb3c258615311db6f1085617343c92170038d7ab2240b437339fcae5653b,48000,2,240000,5.000000000,-15.21,-0.46,-16.75,-7.79,,READY
0177.mp3,cef8ca3c265969ae3ce3a6b28e4332afec4b3df8e20e1640a6dd4f13d1df1b3a,48000,2,240000,5.000000000,-35.44,-23.03,-14.41,12.44,GAIN_ABOVE_+10_DB,READY
0178.mp3,4c333b519d3d811eb41b243d6ee2bd4e36eab0d24dd9e5eb5e7e0287d54bc3a5,48000,2,240000,5.000000000,-19.47,-4.94,-16.53,-3.53,,READY
0179.mp3,6596443769e75105d0a9efc49915aa81836e55cc5485f078e954de799bd9e195,48000,2,240000,5.000000000,-30.02,-19.51,-12.51,7.02,,READY
0180.mp3,acceeae10103ebb691ee3687931cc136d6f727a123d72fc907ff130a075ed900,48000,2,240000,5.000000000,-18.23,-5.40,-14.83,-4.77,,READY
0181.mp3,d731111df47cc270b4fe9a6b15325170470a17f7100cf3f757a8fba5edcea8be,48000,2,240000,5.000000000,-27.59,-12.11,-17.48,4.59,,READY
0182.mp3,bfe5ebd01f479ae366ec7ff3886f4a74f45206139e9a1ad61e5463f680dadafc,48000,2,240000,5.000000000,-19.81,-9.24,-12.57,-3.19,,READY
0183.mp3,f2c69ad382ebf8d5be3fea5c968d0bd45b41f80c562c204cf68e8d110b4ab412,48000,2,240000,5.000000000,-50.52,-35.67,-16.85,27.52,GAIN_ABOVE_+10_DB,READY
0184.mp3,49262ad1f70bf6c4b67098aae96139f232f6bed01bd2512b96d91b3f58d83477,48000,2,240000,5.000000000,-17.52,-4.51,-15.01,-5.48,,READY
0185.mp3,95330aabec63f4ac93beacc6132a91f4052c8bb318705274e282c5648d4a9470,48000,2,240000,5.000000000,-34.40,-20.33,-16.07,11.40,GAIN_ABOVE_+10_DB,READY
0186.mp3,b5bae71895f940ec42f19045539f81ebf2dc3de73341cdb0a68d6bd99fc48907,48000,2,240000,5.000000000,-11.38,0.07,-13.45,-11.62,ATTENUATION_BELOW_-10_DB,READY
0187.mp3,350b39ba1b7c8299d7e22be33248ab6b7d12fb8eee3f6cb1028ec62c94b56932,48000,2,240000,5.000000000,-34.97,-23.58,-13.39,11.97,GAIN_ABOVE_+10_DB,READY
0188.mp3,e2d54098133ebe3d53d8a565b6d8372a9839b2fd4159e774043d4bccd5a2620f,48000,2,240000,5.000000000,-49.59,-35.20,-16.39,26.59,GAIN_ABOVE_+10_DB,READY
0189.mp3,576ee468894d33ab863b518fb7cac0ab47f2526d737ac7512eff8a93be27fd6e,48000,2,240000,5.000000000,-32.24,-17.77,-16.47,9.24,,READY
0190.mp3,08cd1c290253c208edc13d5a260ef90d08808b6c073a34b4a694fb937113ccad,48000,2,240000,5.000000000,-40.98,-25.77,-17.21,17.98,GAIN_ABOVE_+10_DB,READY
0191.mp3,704a607742c595c7956166e3c4899ebb13ffeac23116d77116270229f5fce7bf,48000,2,240000,5.000000000,-35.01,-22.55,-14.46,12.01,GAIN_ABOVE_+10_DB,READY
0192.mp3,6e47bd8ab2cfea2ba3dc73b9e978b67c2f0bf69108d55f1dc3ca516c0cac6ddc,48000,2,240000,5.000000000,-25.00,-10.50,-16.50,2.00,,READY
0193.mp3,1d8ec54135442b8e2db124ea10274262c80d0675ad13c8184ea97dc7bc044b60,48000,2,240000,5.000000000,-18.22,-3.20,-17.02,-4.78,,READY
0194.mp3,63be60b4f735cb9499595f5e416ee5d9329e2c1f647fb8e237c90665ea728a2f,48000,2,240000,5.000000000,-15.43,-2.64,-14.79,-7.57,,READY
0195.mp3,b4bf5385791d3d74edf3555a7c68acaa3cb2cfccea1fbc7c539534b3b14bc21e,44100,2,220500,5.000000000,-36.15,-18.34,-19.81,13.15,GAIN_ABOVE_+10_DB,READY
0196.mp3,f68ff66d9aec5c18b977d950985e6bce1604bab185347a2207a4e8214e5bbeb9,48000,2,240000,5.000000000,-31.45,-18.41,-15.04,8.45,,READY
0197.mp3,0d5bc7ddb5e9008a79836e9129a49feea189d3e7e9b8677f9f0cffcd917af3c2,48000,2,240000,5.000000000,-9.88,0.55,-12.43,-13.12,ATTENUATION_BELOW_-10_DB,READY
0198.mp3,79a9ba1270d3455e599001408bddbb151b5b521b651dc734e4222cc331164494,48000,2,240000,5.000000000,-20.10,-9.04,-13.06,-2.90,,READY
0199.mp3,939cef58cbb7bc8320dd45f8d3b0f2edb644d0159422eca0353103398ee2c640,44100,2,220500,5.000000000,-29.38,-13.21,-18.17,6.38,,READY
0200.mp3,37f7a00c945d9a0e8340f7b8f4007b944fb9e59c3ae0e6a96baf6cc117df6eef,48000,2,240000,5.000000000,-7.14,0.18,-9.32,-15.86,ATTENUATION_BELOW_-10_DB,READY
0201.mp3,ac253d72143c1238115864a752b9aa52af3403cb28abcc7eb2e4f47ff7a3c37f,48000,2,240000,5.000000000,-46.21,-30.61,-17.60,23.21,GAIN_ABOVE_+10_DB,READY
0202.mp3,8de08ac95aaf8132844dd8ecfc80d478788be8371afe8ae221a1b308f7bca4fc,48000,2,240000,5.000000000,-47.66,-36.35,-13.31,24.66,GAIN_ABOVE_+10_DB,READY
0203.mp3,0c3d48ac44e430ecbec7b5002393550733caf283b77158dc204ccb90ad5065a0,48000,2,240000,5.000000000,-28.57,-21.61,-8.96,5.57,,READY
0204.mp3,0b61963f95acc6fe7f5d2c94d66cdbb2a3fe00a5a5a4b1064173489e77a84b3c,48000,2,240000,5.000000000,-21.94,-11.35,-12.59,-1.06,,READY
0205.mp3,ddcb42d6a62138fc3bc17fdb00002c80d215a60962415734ad6b51526c852262,48000,2,240000,5.000000000,-11.50,-1.73,-11.77,-11.50,ATTENUATION_BELOW_-10_DB,READY
0206.mp3,4be28409cde53ff9bf196e8c4b94b5d328896b186620dc0482949e73fff81caa,48000,2,240000,5.000000000,-26.52,-13.00,-15.52,3.52,,READY
0207.mp3,df529b0fe2c1a14efb98ff9c3da6bd136cac567a31bb66f32f2de1fb4892f9ea,48000,2,240000,5.000000000,-14.60,-5.21,-11.39,-8.40,,READY
0208.mp3,623e02a9df9efe64cb64333496e2bfbedc6535eba36d832eb18e78e4340ed812,48000,2,240000,5.000000000,-21.96,-9.83,-14.13,-1.04,,READY
0209.mp3,c907372e9e7c79c31f508f2d41e699a3fe1c459f09c510e8cf3ca3e9d085ab63,48000,2,240000,5.000000000,-31.02,-17.72,-15.30,8.02,,READY
0210.mp3,39cfce49672854ff25dcc71d2ae7f79f47f270175a839f0d0dcd1d6921e78e88,48000,2,240000,5.000000000,-40.27,-26.52,-15.75,17.27,GAIN_ABOVE_+10_DB,READY
0211.mp3,8293410e0592adb4c82abafc84388a71bb590c29d56ca124feea4c7643cbc087,48000,2,240000,5.000000000,-14.22,-3.80,-12.42,-8.78,,READY
0212.mp3,9bd38f0f3a003337eda87e36a2e0a28ce415bff2955768447bdbe96bbbf258c7,48000,2,240000,5.000000000,-34.67,-11.47,-25.20,11.67,GAIN_ABOVE_+10_DB,READY
0213.mp3,47f4af36a790b9421ce9f6ad9a847a0bc2e25d0bcb9540e193e3dc79fbc7d753,48000,2,240000,5.000000000,-27.44,-14.26,-15.18,4.44,,READY
0214.mp3,e81d0e152109c60566f27fe837d28eda90b04e3c3d7aa8039b8da72b77b6e18a,48000,2,240000,5.000000000,-36.49,-22.93,-15.56,13.49,GAIN_ABOVE_+10_DB,READY
0215.mp3,9ead2f36a8d714c3b5491a2e89f5a7d16e42176db787b422af52822efd3a7ea8,48000,2,240000,5.000000000,-39.31,-22.11,-19.20,16.31,GAIN_ABOVE_+10_DB,READY
0216.mp3,5a453949baf5758d097b66f64c52fcba1f6a49528de35c170cfb97a9902825c7,48000,2,240000,5.000000000,-50.35,-39.16,-13.19,27.35,GAIN_ABOVE_+10_DB,READY
0217.mp3,d8f3f0979e5953417f1e39706fa60a4f6f36277cc1f07afae9ab2d30122ca1c9,48000,2,240000,5.000000000,-23.46,-14.16,-11.30,0.46,,READY
0218.mp3,7bb1d09b925b34f818dcf6e3485a937367cf678e11d445c028bfc791b1c07e85,48000,2,240000,5.000000000,-17.63,-7.17,-12.46,-5.37,,READY
0219.mp3,9f17872e82a42b51aae88a76853f37ce90f1e15e697be51c92f6c2795115f0c5,48000,2,240000,5.000000000,-15.93,-7.28,-10.65,-7.07,,READY
0220.mp3,80d10273f3944f520cb6298dda4d8fbc7d57a10c50fd8bf63d6adda657329a44,48000,2,240000,5.000000000,-61.65,-48.75,-14.90,38.65,GAIN_ABOVE_+10_DB,READY
0221.mp3,68d29ccd1b13a0c5f4eb4cfd87ad38f8e8edb0c0546c64512ab1c6ba856bae05,48000,2,240000,5.000000000,-17.12,-10.26,-8.86,-5.88,,READY
0222.mp3,9a10ea82cf9b1b489aad0c224d09ef640e18c61a7c6c06b6121178ea487ffc95,48000,2,240000,5.000000000,-20.58,-12.81,-9.77,-2.42,,READY
0223.mp3,b2d8cd284f82b09d5417228edf4f1339804ef31d7e8534036857b3ea27259aad,48000,2,240000,5.000000000,-37.65,-20.42,-19.23,14.65,GAIN_ABOVE_+10_DB,READY
0224.mp3,7e67b146ee236c6bf0f574c7320e16dcd0de982103267eb4a54713646b045f6f,48000,2,240000,5.000000000,-21.08,-10.57,-12.51,-1.92,,READY
0225.mp3,66572f210e9a6c7534eba866839c0f2df9b4900e6dad941c35161d3227a8fca8,48000,2,240000,5.000000000,-29.40,-8.52,-22.88,6.40,,READY
0226.mp3,19e6f87d97eeee6865ee779bc6f312e562105c10df26b4ed945df18feb9d3b12,48000,2,240000,5.000000000,-42.90,-28.95,-15.95,19.90,GAIN_ABOVE_+10_DB,READY
0227.mp3,e9311a71df20336d6bd6a3a3f13c5d4bbdaab0a0e04afdee57cf5ef680bddc9e,48000,2,240000,5.000000000,-34.93,-23.07,-13.86,11.93,GAIN_ABOVE_+10_DB,READY
0228.mp3,b1b4931311b094498fd80f16fa448e4722aec49f48e6f82f3880d9dd2b65fc6a,48000,2,240000,5.000000000,-23.85,-6.98,-18.87,0.85,,READY
0229.mp3,ddf79829dba580b95edd2b3a46f41818a88ba6e482072e487e5eede7d1680687,48000,2,240000,5.000000000,-16.46,-6.89,-11.57,-6.54,,READY
0230.mp3,1f79fea6c4334ade7f955475e3cf31bb4dd2453c4acc68d95cf673babfc444a5,48000,2,240000,5.000000000,-33.63,-14.27,-21.36,10.63,GAIN_ABOVE_+10_DB,READY
0231.mp3,958a36d885413bc831a9d67a58e7b15bc2c92ff49dfdba3de01881f0d92619ac,48000,2,240000,5.000000000,-48.81,-39.36,-11.45,25.81,GAIN_ABOVE_+10_DB,READY
0232.mp3,c85e2f4c7003a5c020bffad7d64882edec592086f06b256936fa756488694550,48000,2,240000,5.000000000,-52.16,-40.93,-13.23,29.16,GAIN_ABOVE_+10_DB,READY
0233.mp3,584d3ce14fddb6623ade175211ab49f80c870222806bcaaa2b3e15933169de5e,48000,2,240000,5.000000000,-40.04,-27.18,-14.86,17.04,GAIN_ABOVE_+10_DB,READY
0234.mp3,727097c5990a6e32d978426791a693353fffbf7dc58bc8429b8a170b35e93564,48000,2,240000,5.000000000,-53.20,-40.75,-14.45,30.20,GAIN_ABOVE_+10_DB,READY
0235.mp3,3b18e412616e5769b46493e2f7239b0759ad21b6674bab9e8883bbedd432cd7f,48000,2,240000,5.000000000,-34.11,-21.51,-14.60,11.11,GAIN_ABOVE_+10_DB,READY
0236.mp3,e0b2b567876e6dafce00a98759512471c534ae4af3cf2fc2287ecc86cdd273ce,44100,2,220500,5.000000000,-37.33,-25.71,-13.62,14.33,GAIN_ABOVE_+10_DB,READY
0237.mp3,df663fab8a8adf51e542f6a135006b2229a2943c12717f03ce9b11498a473095,48000,2,240000,5.000000000,-26.15,-8.86,-19.29,3.15,,READY
0238.mp3,1202cc8f67249f89943d2213a32d01607c65799555da75a42ed1269dedb35f32,48000,2,240000,5.000000000,-28.04,-15.29,-14.75,5.04,,READY
0239.mp3,46b19205be0f4969786866946dbc61815a87ebe063eaf3df93fa43a8696b3449,48000,2,240000,5.000000000,-30.65,-18.53,-14.12,7.65,,READY
0240.mp3,4593611c7b09c67be1dac91425ba1f7002c3f50fd9678a8002006b793ac6b9c6,48000,2,240000,5.000000000,-18.84,-8.11,-12.73,-4.16,,READY
0241.mp3,e516d52fdbd4b9f14d558be47924bf1fb22e8dc847ac34652d3b5f62844e02b9,48000,2,240000,5.000000000,-41.09,-29.01,-14.08,18.09,GAIN_ABOVE_+10_DB,READY
0242.mp3,eb088da115dbaeb28e5e6edcc2bab4db70b9f249cd8c763d9c298733e905f874,48000,2,240000,5.000000000,-27.50,-4.96,-24.54,4.50,,READY
0243.mp3,038adba416a6c2ef885f41f07fcd2139996547f492dce243e53a01de58217371,48000,2,240000,5.000000000,-15.70,-3.56,-14.14,-7.30,,READY
0244.mp3,5c26c1ca959e293d4c93fc4c6e278feb6ba1becc26e0ee0223750159f86b26d4,48000,2,240000,5.000000000,-19.70,-8.02,-13.68,-3.30,,READY
0245.mp3,7b7d9da215469c156015ca11161a14c25e3ad3044b53c7ade02f97ad091db20e,48000,2,240000,5.000000000,-23.08,-8.71,-16.37,0.08,,READY
0246.mp3,1aea53d71283e009e3a45b94788aabc79ac1d9017148774146d9dee1803fb039,48000,2,240000,5.000000000,-25.18,-8.42,-18.76,2.18,,READY
0247.mp3,f1a24a3eb18d12bf2eaf2a698b52aa9081709dc99537f86a77d383eb8c81d48e,48000,2,240000,5.000000000,-12.33,-1.34,-12.99,-10.67,ATTENUATION_BELOW_-10_DB,READY
0248.mp3,dd192019c88c643b791aaa9a7bef011f4be4fa29b150adaceb2d8fd3325014ca,48000,2,240000,5.000000000,-18.90,0.10,-21.00,-4.10,,READY
0249.mp3,ff742f070889a4030d4a290158d68ec201c678768997672fc72daf1cf8b96219,48000,2,240000,5.000000000,-20.35,-4.67,-17.68,-2.65,,READY
0250.mp3,e46b275f8756fd18439a3725eb76abf96be176523e5dadf38fd7667457b1acb2,48000,2,240000,5.000000000,-20.11,-9.42,-12.69,-2.89,,READY
0251.mp3,a8b9aec6cb06c04a3bbfcd24ff250129431faab5e4cb4ec3a1db2ffad36a6928,48000,2,240000,5.000000000,-36.87,-20.71,-18.16,13.87,GAIN_ABOVE_+10_DB,READY
0252.mp3,6d5daf95944038e90fadc14af95956e8cbd950655d303eab065b213a50b55726,48000,2,240000,5.000000000,-25.07,-14.15,-12.92,2.07,,READY
0253.mp3,2b1700d0d608a7e0b230b92c1d66b4d8947ed90d1542b4a2a43afc489ddcdcab,48000,2,240000,5.000000000,-24.72,-11.64,-15.08,1.72,,READY
0254.mp3,a3c08c9833e5c8b2df4bc250e8001c392c2e1b3ae0331370cf1d4e80c9bd8467,48000,2,240000,5.000000000,-32.24,-21.68,-12.56,9.24,,READY
0255.mp3,68162b82c8c33deda16bf90435dead54660b517b7acfa4d03e8d5556ac1e9d80,48000,2,240000,5.000000000,-35.73,-25.43,-12.30,12.73,GAIN_ABOVE_+10_DB,READY
0256.mp3,5f9998a13490b83f55b7001f78ad8dc751817d84b070962b56faa3ad6bae0a7c,48000,2,240000,5.000000000,-19.84,-12.69,-9.15,-3.16,,READY
0257.mp3,0b273b912c001aa14e7c5c962dc1c55e151dee0e317d30ef1c85d8c08927b33a,48000,2,240000,5.000000000,-54.01,-38.52,-17.49,31.01,GAIN_ABOVE_+10_DB,READY
0258.mp3,2ba545a7dfff8e97b58baf08167e3c2cec4b43cd02978e8cf900c36f04130d78,44100,2,220500,5.000000000,-41.49,-24.44,-19.05,18.49,GAIN_ABOVE_+10_DB,READY
0259.mp3,2147d0cb041f838011ddcbab66b928c9bc74da6b038b5d02eff1c264dcb0c620,48000,2,240000,5.000000000,-27.44,-17.89,-11.55,4.44,,READY
0260.mp3,4026a02a0247a95d96287b16609dcf2d088e1d88cca3a31c107293233370189a,48000,2,240000,5.000000000,-68.51,-53.69,-16.82,45.51,GAIN_ABOVE_+10_DB,READY
0261.mp3,f9e898ced1cf73f3d13ac0d20575f9a4d4a60a7e44f6c8c2c34ca947e096d51e,48000,2,240000,5.000000000,-35.95,-24.98,-12.97,12.95,GAIN_ABOVE_+10_DB,READY
0262.mp3,50b07f188afaa11211c4af6bf7be95684cb8f738bb9dba6072d86f8b0c624ef4,48000,2,240000,5.000000000,-38.99,-27.08,-13.91,15.99,GAIN_ABOVE_+10_DB,READY
0263.mp3,8719e7401d29c5d2d633991624a5af98742e04b24822a94d176158da28769c45,48000,2,240000,5.000000000,-30.57,-10.54,-22.03,7.57,,READY
0264.mp3,f4482057d10339b60daf78e93e55ce76a67243078e3a1ab13d5da26e937017d8,48000,2,240000,5.000000000,-7.43,0.01,-9.44,-15.57,ATTENUATION_BELOW_-10_DB,READY
0265.mp3,77a9bde03dfae47e9682e62e0323779f16e06646f3c05e58c43e8d40af0f7dbb,48000,2,240000,5.000000000,-23.44,-6.86,-18.58,0.44,,READY
0266.mp3,415db713acd9e69c232cdb5c92afd0aa83859bea162030e0b3e4273eeb6f2629,44100,2,220500,5.000000000,-25.62,-14.85,-12.77,2.62,,READY
0267.mp3,8d0316704acfbd9a9286c2642868950f793c537602903182a753571dc08ca6c5,48000,2,240000,5.000000000,-23.74,-12.84,-12.90,0.74,,READY
0268.mp3,9b05246f4d39b7bc8b4a3d7730ec0ffc96fb0384d1483a49c5a715ceb0277403,48000,2,240000,5.000000000,-14.44,-0.50,-15.94,-8.56,,READY
0269.mp3,6f4920a2d569eeb5cce54bfd56e4939cc687ff28dbfa3728f67d32d9783daa6e,48000,2,240000,5.000000000,-36.77,-22.87,-15.90,13.77,GAIN_ABOVE_+10_DB,READY
0270.mp3,23eda7ed5a06c38e81c7cea921eda8acb7d85c710bb9c97da023e6998df38e01,48000,2,240000,5.000000000,-26.49,-15.07,-13.42,3.49,,READY
0271.mp3,e7a4077e13e95c1e1b8c5891ab8f0cbc2726a3093c3f3f4b410f247423228f6d,48000,2,240000,5.000000000,-23.33,-11.93,-13.40,0.33,,READY
0272.mp3,cc44052524435229cfcdde8f00d4970df3290c4250450339c666ca17ff3d80f1,48000,2,240000,5.000000000,-35.99,-21.52,-16.47,12.99,GAIN_ABOVE_+10_DB,READY
0273.mp3,0c14593399baf862258ed998ec4fe0692b47933488e2d90e3f817638a0e5ba7f,48000,2,240000,5.000000000,-26.25,-7.44,-20.81,3.25,,READY
0274.mp3,b00adba6eb1285e81730ce32ec7b3c867984f96ec0839e2e9699320ffd5966a5,48000,2,240000,5.000000000,-29.69,-17.29,-14.40,6.69,,READY
0275.mp3,0a45a4c8da0fb81722cd1bc786f6533e300dc7bcb3e330293bef2f2f6dc07601,44100,2,220500,5.000000000,-25.65,-17.33,-10.32,2.65,,READY
0276.mp3,30c32eedf550054d77fa49d52b1f75213619fb774fa8857c77a7d93211af398c,48000,2,240000,5.000000000,-25.75,-13.56,-14.19,2.75,,READY
0277.mp3,1ebf8c6d4e743c5c10dafeb1d1cf9fc5febaba88ca378afbc5f15c0e451ff53b,44100,2,220500,5.000000000,-52.48,-39.41,-15.07,29.48,GAIN_ABOVE_+10_DB,READY
0278.mp3,aa5f6dd0d1bd4c2069947c2519341b94d8ab415b0c11cd916c471da3946b9a46,48000,2,240000,5.000000000,-17.66,-5.36,-14.30,-5.34,,READY
0279.mp3,15d8f6c92ad71f0b2bb0de0bb5bb229b4e1c6189d5414a1f81638a41f4c67f60,48000,2,240000,5.000000000,-32.88,-17.87,-17.01,9.88,,READY
0280.mp3,92c71bd52fcb6c1892ad28f96316213957d79cb61cba39b0123db3f94f770aa3,48000,2,240000,5.000000000,-68.27,-55.30,-14.97,45.27,GAIN_ABOVE_+10_DB,READY
0281.mp3,7a2d991a3289beddeddc9f5fe400c2ffaba7aff4c60dbb55ffe00db07d31fb44,48000,2,240000,5.000000000,-24.87,-11.66,-15.21,1.87,,READY
0282.mp3,1849bc26da6296e00ba897b18388f921101e053aa349c84c75da21bdde82ae28,48000,2,240000,5.000000000,-26.17,-10.31,-17.86,3.17,,READY
0283.mp3,b71f793613d7ccc1f755d9fd88951a8ab633e40209f8ff117519a785502ce9e7,48000,2,240000,5.000000000,-29.72,-16.94,-14.78,6.72,,READY
0284.mp3,87bd4fabaac8d0f00615516ebf365834c88a5aa0486aba040e9964df15139be6,48000,2,240000,5.000000000,-24.59,-9.49,-17.10,1.59,,READY
0285.mp3,a5f0fe84ae04de32ad2bb1f4176cd8a759fee761d06f383fa2960b9bd80b526c,48000,2,240000,5.000000000,-27.12,-13.44,-15.68,4.12,,READY
0286.mp3,b227a8a03f5756f9ab93becd2f00b8fb2ec6c0fc3cbf113f87da7142faac6ee7,48000,2,240000,5.000000000,-36.83,-21.24,-17.59,13.83,GAIN_ABOVE_+10_DB,READY
0287.mp3,044b8ee0fd834c22ce9eff009993c0caa8de5e483989dfd8752d19d6c6d11790,48000,2,240000,5.000000000,-36.78,-24.90,-13.88,13.78,GAIN_ABOVE_+10_DB,READY
0288.mp3,713ad7fa013c99813db0fceadf1c38dbfc9b893a8561cb616c7b3211bfc97998,48000,2,240000,5.000000000,-9.37,0.69,-12.06,-13.63,ATTENUATION_BELOW_-10_DB,READY
0289.mp3,21f4f00e4f9b455c55bf098c0021b0ee68f43af951030c6284c27c2238eae0c7,48000,2,240000,5.000000000,-27.94,-17.73,-12.21,4.94,,READY
0290.mp3,bea85d29a996a5d958c08c8c068c1d7b76d88c744b1b2869935f0414e6c59594,48000,2,240000,5.000000000,-30.71,-17.25,-15.46,7.71,,READY
0291.mp3,28ef20f057283d544091e3ec1450e904a3092067334c59ece7d282ef133b71da,44100,2,220500,5.000000000,-26.77,-12.34,-16.43,3.77,,READY
0292.mp3,3efde57431ced930bc16d3fab652003b72b36bbae8ce490d2c70b2067aced1da,48000,2,240000,5.000000000,-17.89,-6.09,-13.80,-5.11,,READY
0293.mp3,78d7d727345f20b862806e6e980d537315f6bf5cb463c4c9816adec5b7b53842,48000,2,240000,5.000000000,-22.29,-8.29,-16.00,-0.71,,READY
0294.mp3,0b29e7e827779b00c810217fea2d73af1a6ef3a49c3c33ddea714f179d0b7c5f,48000,2,240000,5.000000000,-31.21,-9.00,-24.21,8.21,,READY
0295.mp3,b8eae0e2fbcc4d6b73aae08da16e514c0b8f4929d74beb116893d2b9230e2e25,48000,2,240000,5.000000000,-36.97,-25.38,-13.59,13.97,GAIN_ABOVE_+10_DB,READY
0296.mp3,2ade742dea60634e3ae0e8497351460dc95550654b7f061bdf766aeb2173357c,48000,2,240000,5.000000000,-53.64,-42.47,-13.17,30.64,GAIN_ABOVE_+10_DB,READY
0297.mp3,283ca68980c3e24f3386cc7c324b590883fc931e33871f52f71546df51d0f947,48000,2,240000,5.000000000,-19.83,-8.28,-13.55,-3.17,,READY
0298.mp3,a41818c814781b1ceaaf3046de83741b9078dbc87c8846ad8b719a2eb8a1584a,48000,2,240000,5.000000000,-27.54,-17.16,-12.38,4.54,,READY
0299.mp3,f4c2c13ae17fdb7ed78062ec0775e33c230826658e941cdedded057cd3de7a4e,48000,2,240000,5.000000000,-33.06,-15.76,-19.30,10.06,GAIN_ABOVE_+10_DB,READY
0300.mp3,1ae181f5e1d4afa1f478c24aa1a9dad86508596a58fbff58a9ee15187b5fac84,48000,2,240000,5.000000000,-18.58,-4.22,-16.36,-4.42,,READY
0301.mp3,2abae81b14489d1fbdaec30c2c27a1667623703a2ac9fbfcf1f7e32b0aa210c3,44100,2,220500,5.000000000,-13.86,-0.71,-15.15,-9.14,,READY
0302.mp3,4d2d4c4d00001c7c5118ac2c383e827530f19f2405c6a0511063e87913110ae9,48000,2,240000,5.000000000,-19.00,-3.79,-17.21,-4.00,,READY
0303.mp3,662c5f1cf10cc8f6979e0f9bd9693952e65893c931a4be2d435291976f0c708e,48000,2,240000,5.000000000,-16.31,-1.37,-16.94,-6.69,,READY
0304.mp3,8a52140ecbdcd4358cacf318de230e5eee0929c7a0439d0d53296e1af36c3d5d,44100,2,220500,5.000000000,-17.60,-4.50,-15.10,-5.40,,READY
0305.mp3,2cff9f6ed1c7fecea3636263e3490877f451f0e4c333578681007488d7cec274,48000,2,240000,5.000000000,-11.33,-1.31,-12.02,-11.67,ATTENUATION_BELOW_-10_DB,READY
0306.mp3,50414604d6b5cf1267655f3ed0267f84cfd87d5501651fddff1f725ab04c94c9,48000,2,240000,5.000000000,-26.88,-15.70,-13.18,3.88,,READY
0307.mp3,5abed5b1b02dab26fcd6221176b3d53ede6b2bd26989bb5dcbcde40cf8babfd5,48000,2,240000,5.000000000,-28.92,-10.74,-20.18,5.92,,READY
0308.mp3,c8331421ce620662f0ac6bfd4d7f3e3d3ce45b099ac821183026455a0c449a36,48000,2,240000,5.000000000,-19.21,-1.33,-19.88,-3.79,,READY
0309.mp3,99a6161268523622fb4218460c1ebbf971c5a9bf56844aa999d5dea667cfba4d,48000,2,240000,5.000000000,-22.47,-9.46,-15.01,-0.53,,READY
0310.mp3,c24bcdf1c1a2e14eeaa951df9da29c2c1448c0c55614359631f7d2f25f15ab65,48000,2,240000,5.000000000,-26.80,-12.18,-16.62,3.80,,READY
0311.mp3,6c3345e60822dc77bc38d7ff487388700b5b1715b7a537fc429384353d835d13,48000,2,240000,5.000000000,-18.03,-5.60,-14.43,-4.97,,READY
0312.mp3,9e9e5bc2e3101f60b8525b9285b0a5577d55e6daa31f3cf0e3747114cbd235f8,48000,2,240000,5.000000000,-33.68,-20.25,-15.43,10.68,GAIN_ABOVE_+10_DB,READY
0313.mp3,fef90e48ad26cbfdb89be2012e602a0699d863617c9a0c1673eeb3acd8da6d99,48000,2,240000,5.000000000,-35.44,-25.92,-11.52,12.44,GAIN_ABOVE_+10_DB,READY
0314.mp3,fd78e17a101ab8c0c949c9e773707aab4cd9efbcf28e65677a92053365ec9fc9,48000,2,240000,5.000000000,-39.06,-28.65,-12.41,16.06,GAIN_ABOVE_+10_DB,READY
0315.mp3,89a242644b0123dea0dac2cadcb9db3b746cea8452ee24ab90267602f0b1027f,48000,2,240000,5.000000000,-43.75,-27.08,-18.67,20.75,GAIN_ABOVE_+10_DB,READY
0316.mp3,f51c690c07a6cddf0917b1522cbfa05d6985a710997a4f51934dcb4ff1478b56,48000,2,240000,5.000000000,-18.35,-2.71,-17.64,-4.65,,READY
0317.mp3,30ac72bff60edc91d8640f6035f7a9ec7cae961a0e9f3c7ea60f3f41fff33c51,48000,2,240000,5.000000000,-38.02,-28.21,-11.81,15.02,GAIN_ABOVE_+10_DB,READY
0318.mp3,a6b4730dbe79916940b301265a08d2f12f2759cb745d6131a049e0ebc09a15d1,48000,2,240000,5.000000000,-44.68,-28.48,-18.20,21.68,GAIN_ABOVE_+10_DB,READY
0319.mp3,9d39a97adbb5d3ec9a0cf57d7a3ebb04aaa7bb7143a7ce942cf65dce644ea95b,48000,2,240000,5.000000000,-51.99,-37.56,-16.43,28.99,GAIN_ABOVE_+10_DB,READY
0320.mp3,0411e9d5c74e071404fa9e95789720cf9b78f9cc03d20518a3f5b1d4dc66b17f,48000,2,240000,5.000000000,-22.53,-13.27,-11.26,-0.47,,READY
0321.mp3,150a417a0856c9ce4d2cbea612305434634f19dd15a15e8e7e7899df6cb45f55,48000,2,240000,5.000000000,-21.71,-12.15,-11.56,-1.29,,READY
0322.mp3,29fb4dcd7294b8912f24547250471d684503c7e7b1cbcf2e7528334495770dd0,48000,2,240000,5.000000000,-33.04,-12.17,-22.87,10.04,GAIN_ABOVE_+10_DB,READY
0323.mp3,71988d931bd34b36711f5ea0c2b9b60a7a1871c87f3170217530336303b228df,44100,2,220500,5.000000000,-15.11,-3.93,-13.18,-7.89,,READY
0324.mp3,2a3113d20bb02b5b21db15202a44eab32be1fd0af0051df1304ca6d07cce51c2,48000,2,240000,5.000000000,-24.94,-12.56,-14.38,1.94,,READY
0325.mp3,60e0b25ad16a7b5aafa14abfb083348911f071c182d2d2d84e58ddfc82096e77,48000,2,240000,5.000000000,-29.32,-15.42,-15.90,6.32,,READY
0326.mp3,6794b7af8a3534538c5d0aabc75c1b9a27aef380d04b8df039282dfb547ea32e,48000,2,240000,5.000000000,-65.09,-34.88,-32.21,42.09,GAIN_ABOVE_+10_DB,READY
0327.mp3,0663a9a414b5a538fab28e503eadad1ae8ae96edeed12b6f487b096abd7d37f0,48000,2,240000,5.000000000,-22.01,-7.59,-16.42,-0.99,,READY
0328.mp3,210da242b0937878094ade60280170fa19b8d210a95a25d8e877ff2abd2c4893,48000,2,240000,5.000000000,-26.64,-11.14,-17.50,3.64,,READY
0329.mp3,bf796a7bfb152f7fd43aef411d645c9fb283f9ffde349b8ec1f2be7b2f37ccf6,48000,2,240000,5.000000000,-47.40,-30.95,-18.45,24.40,GAIN_ABOVE_+10_DB,READY
0330.mp3,0b7ae4ac255a34d7d220ad29a22f7b78b33c9845c083b274616e3b6fed9c3002,48000,2,240000,5.000000000,-26.78,-10.93,-17.85,3.78,,READY
0331.mp3,aa1843c09105c524b9d9f8fb8ae2f6d1adc3c925f71e0fdc91dd150263b7429b,48000,2,240000,5.000000000,-39.10,-23.26,-17.84,16.10,GAIN_ABOVE_+10_DB,READY
0332.mp3,9acd9061feaa774948aa1571d3d960bf5a5d2d3c3206c6bf164711799149c5ff,48000,2,240000,5.000000000,-24.43,-13.82,-12.61,1.43,,READY
0333.mp3,e14a5f8d9ccebac600497b2b0588d334d8b48c994f2c29bf415d28956dea440f,48000,2,240000,5.000000000,-23.77,-10.76,-15.01,0.77,,READY
0334.mp3,a2beb018433ec6affd2f600714a7256b313b05c57ca755d00fada5ccb4b10c4e,44100,2,220500,5.000000000,-31.48,-18.91,-14.57,8.48,,READY
0335.mp3,c3939f25eaf5571c23a39a54e2b2dc07b6be84d4dfd27158c2afa719fbeed97e,48000,2,240000,5.000000000,-32.37,-17.86,-16.51,9.37,,READY
0336.mp3,05b2bd9115f6506afbf23a7402a547b5460642e423d2d02020bd8bf38245b5bb,44100,2,220500,5.000000000,-33.78,-18.76,-17.02,10.78,GAIN_ABOVE_+10_DB,READY
0337.mp3,d140f5b7535aff7742011578ec52a4ecf6920efa344ec9f9b176eda78d71c2e4,48000,2,240000,5.000000000,-25.83,-14.83,-13.00,2.83,,READY
0338.mp3,e8f0ba87b9cbab6ef373b4fe3911eda8b2664bb957a93345cd8928f0c2e5fb8a,44100,2,220500,5.000000000,-15.11,-4.44,-12.67,-7.89,,READY
0339.mp3,0ba53934e6ba8c6fc19694f53712200f9d84085a72da1328d61f243314a82495,48000,2,240000,5.000000000,-32.44,-13.46,-20.98,9.44,,READY
0340.mp3,ed597781a8f6d9299ff91ad22070ccda965df6a94824d14dcb0955441a13ab68,48000,2,240000,5.000000000,-22.63,-8.85,-15.78,-0.37,,READY
0341.mp3,28ead3a571b026025a8bbf17bab2075d62cdd98dae9cb0bd3977536b1dc72ad2,48000,2,240000,5.000000000,-20.90,-12.99,-9.91,-2.10,,READY
0342.mp3,5f5ca18ef74995070ec554a552ae5a3ee16472dc9ae7469b33a3b1ddb04c788f,48000,2,240000,5.000000000,-17.69,-5.87,-13.82,-5.31,,READY
0343.mp3,d67776cfa2b7649228ea84e30416f4fe2944f289d1fc2831f450d0ec43124ade,48000,2,240000,5.000000000,-13.77,-3.59,-12.18,-9.23,,READY
0344.mp3,a40cda201016b96df710c5e2e27fab8ef18ee76bf0055f513608c253c0281f5a,48000,2,240000,5.000000000,-38.15,-27.37,-12.78,15.15,GAIN_ABOVE_+10_DB,READY
0345.mp3,c6a813f6b7ecf281b5ae6add4fc42ba0aaf13efe54b9df352798f5e4107591c9,48000,2,240000,5.000000000,-24.43,-5.44,-20.99,1.43,,READY
0346.mp3,b91d996c337b9b4fb130b617b213ae056450d98a750b39eb29baeccdcaf02013,48000,2,240000,5.000000000,-36.33,-22.21,-16.12,13.33,GAIN_ABOVE_+10_DB,READY
0347.mp3,97fe444c47497624215bcc4f0b0ed751d8fa1f769e0fd4fc0f1903e75a5e6cf1,48000,2,240000,5.000000000,-19.23,-8.46,-12.77,-3.77,,READY
0348.mp3,ceff4aff88d196d68f8801c5d70c6337824635d37f4b4af3c7222ea94000b3aa,48000,2,240000,5.000000000,-50.87,-39.07,-13.80,27.87,GAIN_ABOVE_+10_DB,READY
0349.mp3,9eada8feaf7186b9a45ae73c8841f4c243c511fdce6378fc86045eb847b60b64,48000,2,240000,5.000000000,-42.55,-27.07,-17.48,19.55,GAIN_ABOVE_+10_DB,READY
0350.mp3,3b3f489e398d89932b18efd805152a8f33e9e2715deb57d48f36267328ee5433,48000,2,240000,5.000000000,-23.89,-8.30,-17.59,0.89,,READY
0351.mp3,2fa39934c01829f9bc9ab08e1d700ac7c6b0d581762618c7844413ca51006dec,48000,2,240000,5.000000000,-34.27,-21.07,-15.20,11.27,GAIN_ABOVE_+10_DB,READY
0352.mp3,ecf627048c757b3b5a87928a267e2df6f1c769f7fe742e21e9bb59797d3fc513,48000,2,240000,5.000000000,-18.37,-9.40,-10.97,-4.63,,READY
0353.mp3,0082ddfb965d4c0563e269393ad40fbdbddb93487045d79a9939abb67d72758f,48000,2,240000,5.000000000,-26.38,-13.20,-15.18,3.38,,READY
0354.mp3,2e1fd4c3054b13163b38ea656e8a283e932ac9a2ea1fdbb48feb7c588aa30802,44100,2,220500,5.000000000,-17.08,-8.15,-10.93,-5.92,,READY
0355.mp3,58f4227fc4d90cd9174bf8e1f07a7c27bd47887c34930928fca780e02e27c6cd,48000,2,240000,5.000000000,-10.79,-2.51,-10.28,-12.21,ATTENUATION_BELOW_-10_DB,READY
0356.mp3,8cbc8628b60e5e5c8b0415dd5e69dc447f51721c78c78103bc8e97fc00f28d72,48000,2,240000,5.000000000,-33.37,-22.21,-13.16,10.37,GAIN_ABOVE_+10_DB,READY
0357.mp3,93f2330b2ecfa25bb41d62a362d9b6aac47f564644eb20e850bb101858ab418d,48000,2,240000,5.000000000,-40.79,-26.59,-16.20,17.79,GAIN_ABOVE_+10_DB,READY
0358.mp3,1a5906000a01689c361de4128c5565baf46cc6b8960e6e93eb0ebe75e66e232c,48000,2,240000,5.000000000,-22.89,-11.02,-13.87,-0.11,,READY
0359.mp3,6d4d400514b58789c2b79b1262e6f0da31813ca5d01a6f13b0d291eb0b32e08f,48000,2,240000,5.000000000,-26.05,-11.87,-16.18,3.05,,READY
0360.mp3,ef9d09ce6981ada20f7077a01501642d2150b85cdf47c1f9af4f257d0ef782e5,44100,2,220500,5.000000000,-22.87,-7.12,-17.75,-0.13,,READY
0361.mp3,768c9093a54bfc18d34509cb110252307ba48e47e3bba49e75a2e49537c0ed86,48000,2,240000,5.000000000,-38.68,-23.73,-16.95,15.68,GAIN_ABOVE_+10_DB,READY
0362.mp3,18d9f2dea23b72e485d055f7018841ad8c883754f59b491b2aa6a54fa4fe700f,48000,2,240000,5.000000000,-28.26,-16.20,-14.06,5.26,,READY
0363.mp3,0c97d0496b1066242971a73372729aa435ed6742f7350c4635e15b9decacaa70,48000,2,240000,5.000000000,-23.65,-5.82,-19.83,0.65,,READY
0364.mp3,9974864e4b0e6735f53ce4671f48a138eddae2ab8024450e88d818e6f656fb80,48000,2,240000,5.000000000,-21.13,-9.85,-13.28,-1.87,,READY
0365.mp3,456f30053707c99264d1034f778212fb4702f8cb2c3b8bf95f7f1fc1f7f11e2a,48000,2,240000,5.000000000,-18.41,-6.46,-13.95,-4.59,,READY
0366.mp3,7a30bab4a03280fa58aa4efa83df7205c8a54e18bf12e88c95ff268a2dbf4ece,48000,2,240000,5.000000000,-18.05,-6.91,-13.14,-4.95,,READY
0367.mp3,0cf7b8ac17eb852413ea55002cee0fadf2769f159dcdb031a87bcc37ced3324f,48000,2,240000,5.000000000,-25.14,-14.40,-12.74,2.14,,READY
0368.mp3,0b5860b0fcf26cfc28773aa922b0e2fe7a48a8726cdb01fdb8de3da2155d810d,48000,2,240000,5.000000000,-16.98,-5.39,-13.59,-6.02,,READY
0369.mp3,d89f66e0cda316b29482b8f69e1cc1e03bf98947dee3fc17a10b8d3ee0177801,48000,2,240000,5.000000000,-20.62,-8.92,-13.70,-2.38,,READY
0370.mp3,a2811eaf656958887bc08e17dd7a30173d6ca863e044f48973ef19153be07ca1,48000,2,240000,5.000000000,-19.67,-7.15,-14.52,-3.33,,READY
0371.mp3,7471c79c9e9473e19a027bb02499ba35e88b6e4b1e431e2866eb73f18ac81072,48000,2,240000,5.000000000,-38.29,-24.75,-15.54,15.29,GAIN_ABOVE_+10_DB,READY
0372.mp3,a33d5f9af5f6cf93102021e09238f90fea08ce12f32971b945bc977adaf99448,48000,2,240000,5.000000000,-26.20,-9.50,-18.70,3.20,,READY
0373.mp3,ea7efe3b297719b68c424a01eecfd82ba21f1a4a30930beeb602622aea6fec48,48000,2,240000,5.000000000,-20.66,-3.80,-18.86,-2.34,,READY
0374.mp3,b58f687a35e4f62aef1d8d9ceee4e1b9f5400ef959d2068c82574bd7cd77ae78,48000,2,240000,5.000000000,-19.19,-6.06,-15.13,-3.81,,READY
0375.mp3,47333fdeeee3bc6782ea68e011c0197b8d18104ca65eda355e8d70de65c38a28,48000,2,240000,5.000000000,-22.12,-9.80,-14.32,-0.88,,READY
0376.mp3,398bfd6941fc325f538ba58d1bb1c202f5925af38ce24efdc421c105cecf5a36,48000,2,240000,5.000000000,-20.29,-7.22,-15.07,-2.71,,READY
0377.mp3,852632580e59428c037bf8426226c8c0a26ae4d0c4397974975dedb29b5a5544,48000,2,240000,5.000000000,-41.51,-23.74,-19.77,18.51,GAIN_ABOVE_+10_DB,READY
0378.mp3,5d1bc3bbdcce4eb29b2b03c1bd41f998e05bb3078ef088b75f3a7a261aa09c4a,48000,2,240000,5.000000000,-19.45,-8.03,-13.42,-3.55,,READY
0379.mp3,b5260b9463541f58945eb766f12c074259b8302797a54bb1643050d398e8b746,48000,2,240000,5.000000000,-25.38,-11.08,-16.30,2.38,,READY
0380.mp3,7ef61df79bdc73cd25938f18857066fdd20ed71b31a69d317869e3aa7cb331f2,48000,2,240000,5.000000000,-26.64,-11.77,-16.87,3.64,,READY
0381.mp3,1453f20273e39e407dba8e5734a0bfcf9e157586ddf6e6595463d0494072685e,48000,2,240000,5.000000000,-29.95,-16.79,-15.16,6.95,,READY
0382.mp3,74c1874b5de964c511027069a0b0cd1fcf01986f73706497e6e46ce7da2e4d59,48000,2,240000,5.000000000,-34.03,-16.39,-19.64,11.03,GAIN_ABOVE_+10_DB,READY
0383.mp3,8df82cbc0cf7baa77eb1ed6fc0b849cb1c0410b04681b7b3298a648433950041,48000,2,240000,5.000000000,-23.15,-9.84,-15.31,0.15,,READY
0384.mp3,32a9ab31bb29b1dfca861e05eef813d6ab17a83dfd03a7f2fdfa672e0241da7c,48000,2,240000,5.000000000,-30.58,-22.79,-9.79,7.58,,READY
0385.mp3,1ea75df316ff4a00814ea1b23299ff43a0128b6dc14dde7a13b21da1f6bc222d,48000,2,240000,5.000000000,-43.39,-31.94,-13.45,20.39,GAIN_ABOVE_+10_DB,READY
0386.mp3,91784febb06beafcd44fde519c0acf61b0b1d9e61947a413e72ff37e111c4c65,48000,2,240000,5.000000000,-39.54,-25.10,-16.44,16.54,GAIN_ABOVE_+10_DB,READY
0387.mp3,d84b0acecdeab89e2af5a46433f3264ea319a037da96f059b8c224ae475de1c6,48000,2,240000,5.000000000,-40.25,-27.48,-14.77,17.25,GAIN_ABOVE_+10_DB,READY
0388.mp3,50d4ba9dd6392cb191e8edd438d05135fbd667c015339dee14720fd180e32c73,48000,2,240000,5.000000000,-28.97,-10.08,-20.89,5.97,,READY
0389.mp3,c3ee85a5564a53cebe6758b32a3c898e3ae130eef628eb1a7b3ad6c4e12d9436,48000,2,240000,5.000000000,-54.43,-36.22,-20.21,31.43,GAIN_ABOVE_+10_DB,READY
0390.mp3,955d94e74dc4889010560d49638402b9402958969f3141807f932ae5800fbc5d,48000,2,240000,5.000000000,-23.53,-11.44,-14.09,0.53,,READY
0391.mp3,62902765f17ed99f66088cfad9accc194694c78cd8594a475e2f165ad372ae34,48000,2,240000,5.000000000,-23.18,-10.68,-14.50,0.18,,READY
0392.mp3,4738c128e03d3156fb24942f0417e0806e59909249b97f4374f6c4786554337a,48000,2,240000,5.000000000,-32.54,-18.33,-16.21,9.54,,READY
0393.mp3,df44b67259c1d7484c8eaf72a26c388a6c07493d202f1dfb4e2f0155fbb8051f,44100,2,220500,5.000000000,-19.76,-6.01,-15.75,-3.24,,READY
0394.mp3,a88f3d2544dce2de9930294c3896256de971d9b5f3c6ab01641581808244b3a5,48000,2,240000,5.000000000,-10.48,0.98,-13.46,-12.52,ATTENUATION_BELOW_-10_DB,READY
0395.mp3,0af64f829261f1ce4f47b9622abe23d4619099513dd07729bb1df17fb1c29aad,48000,2,240000,5.000000000,-63.27,-50.56,-14.71,40.27,GAIN_ABOVE_+10_DB,READY
0396.mp3,ecbb4fd4775d605d265ffe7a174034f69c18fe763d9984df9eba787afe8ac0ce,48000,2,240000,5.000000000,-31.21,-13.37,-19.84,8.21,,READY
0397.mp3,f3aa5c1034fb210f4174bd1eef31d41fa3617e5ae8e443490c226f78fe47cd76,48000,2,240000,5.000000000,-32.08,-14.41,-19.67,9.08,,READY
0398.mp3,e794c2728277506648a09f7608250026c7d4299a83805a402d5517a1ad7c20c3,48000,2,240000,5.000000000,-45.85,-29.35,-18.50,22.85,GAIN_ABOVE_+10_DB,READY
0399.mp3,62ffde1e65b71503b54b55ed97b323218f0f6a904c101b3b4a4dbca5f59fd342,48000,2,240000,5.000000000,-5.75,3.73,-11.48,-17.25,ATTENUATION_BELOW_-10_DB,READY
0400.mp3,b04511000a76eb832ec23507060f1fa1423a40d8b1f01987b8cc9eb52c6a25cb,48000,2,240000,5.000000000,-35.80,-17.72,-20.08,12.80,GAIN_ABOVE_+10_DB,READY
0401.mp3,60702357e2057498d8f5b5bef410baf97ced556623f3839e22757047fbca4770,48000,2,240000,5.000000000,-22.61,-8.44,-16.17,-0.39,,READY
0402.mp3,f0e4d2dfc138a7083b194e26b88f6865f938c613287f82ba4b7865bcaa03031b,48000,2,240000,5.000000000,-24.00,-9.59,-16.41,1.00,,READY
0403.mp3,5260983f2106b1bb89ab493b78d1821cd28ca818f5cf7285d4e06b7cd458bc47,48000,2,240000,5.000000000,-21.30,-4.62,-18.68,-1.70,,READY
0404.mp3,c704e57a820e12991433f5492cdc94fce386cad2ed8383328cad9574dd361f49,44100,2,220500,5.000000000,-36.95,-16.71,-22.24,13.95,GAIN_ABOVE_+10_DB,READY
0405.mp3,2ca0bf9f0bf93ca4d988b23c5f71fb65046c35ee14328b2e24f931a0c36190bf,48000,2,240000,5.000000000,-29.43,-9.50,-21.93,6.43,,READY
0406.mp3,f64941be04fb0e4f796bb451d0a7046c5b3964bb5d4cc134e8644e634fbcb997,48000,2,240000,5.000000000,-37.37,-21.08,-18.29,14.37,GAIN_ABOVE_+10_DB,READY
0407.mp3,2dbd0f2d6b2820bb3dc37022b5f13be753ab994d8f9a2289a4a7320f4cf32ebe,48000,2,240000,5.000000000,-53.94,-26.67,-29.27,30.94,GAIN_ABOVE_+10_DB,READY
0408.mp3,4abd36b2db4f72ce8b8b7c4f0094f7ea8136e5f804b222f7c7fc60d582d8e6fa,48000,2,240000,5.000000000,-25.92,-11.69,-16.23,2.92,,READY
0409.mp3,369e9b7533793290ebd2818c3f551037d6300561cc5b3f99cbac17261795c7a0,48000,2,240000,5.000000000,-22.92,-8.42,-16.50,-0.08,,READY
0410.mp3,49d2085cfa5c0477fe88588557719bb75b5a6db3e020f1fb71201e9a92a68772,48000,2,240000,5.000000000,-59.22,-37.46,-23.76,36.22,GAIN_ABOVE_+10_DB,READY
0411.mp3,25ed09f34288c92555a83f750e8b8d3ba5a1c56b77ad115538bd31ee633c20f4,48000,2,240000,5.000000000,-28.15,-12.23,-17.92,5.15,,READY
0412.mp3,d8c1db20a3b5ba153a7a7a08f29cf7a41143f822dd4704ab9b93e2b59bd4c721,48000,2,240000,5.000000000,-52.24,-35.14,-19.10,29.24,GAIN_ABOVE_+10_DB,READY
0413.mp3,e85e8c984f4fc2df0171fabd483d0943fc477c59f2d4b6e621d38f7f8fc6fc45,48000,2,240000,5.000000000,-20.92,-9.16,-13.76,-2.08,,READY
0414.mp3,419506c5b9a654a67bf2b016e3ca333cc2b673b9994e278a8cb2e888f28cc579,48000,2,240000,5.000000000,-13.86,-0.39,-15.47,-9.14,,READY
0415.mp3,2bda24293f24243a0602d05071f5b076abf11c26a83f1d2e513a23247478e8df,48000,2,240000,5.000000000,-23.04,-9.18,-15.86,0.04,,READY
0416.mp3,a0c977167b63bfbda33ad59dcb8ac443c8ba1a47c54ce7e2594b55d4d5fca82b,48000,2,240000,5.000000000,-25.08,-5.56,-21.52,2.08,,READY
0417.mp3,9e9ec769cae87e261d690d218d46299afa624ef6a75d42dfe7bd4598ba10cae4,48000,2,240000,5.000000000,-18.11,-1.65,-18.46,-4.89,,READY
0418.mp3,c52f69d7d3aeecaa103de1f412d9de9ecdc5ca5578cac640a5b50301f70733bf,48000,2,240000,5.000000000,-26.41,-6.78,-21.63,3.41,,READY
0419.mp3,a3b6e09ec7ea42a6c1970ad342d1424656bcddd87c419ec38f24daa734281979,44100,2,220500,5.000000000,-35.22,-17.78,-19.44,12.22,GAIN_ABOVE_+10_DB,READY
0420.mp3,f1272a94362f9988f4bbb439b0eb670d7f1efc7cfa135ae9b9a1764871900827,48000,2,240000,5.000000000,-31.59,-19.71,-13.88,8.59,,READY
0421.mp3,a1e7928845b9bbcc54f2520b73e8926cc849f0318080e846ee43ea1b1780d809,48000,2,240000,5.000000000,-33.30,-21.00,-14.30,10.30,GAIN_ABOVE_+10_DB,READY
0422.mp3,156d1d08f557ffb5c5f5ae6fa37ba889b68a7f6e1666ba4e69b62bd21a49fb6b,48000,2,240000,5.000000000,-38.29,-21.88,-18.41,15.29,GAIN_ABOVE_+10_DB,READY
0423.mp3,1488a3fad0d92bce2e7d078b7a40750975ed1e5b76532dda37c6f50adfd98c11,48000,2,240000,5.000000000,-41.79,-26.79,-17.00,18.79,GAIN_ABOVE_+10_DB,READY
0424.mp3,c78cd23d6e259e2d920286ac098e0d3c3df57d1aff7ad10524b268cd0d09289c,48000,2,240000,5.000000000,-38.76,-23.43,-17.33,15.76,GAIN_ABOVE_+10_DB,READY
0425.mp3,db5e4a1afb1beb9546ca06088d88eb118a8728742ad061af7c4eaa6192209d81,48000,2,240000,5.000000000,-18.55,-0.28,-20.27,-4.45,,READY
0426.mp3,16eb31ac0aff61d6f17abfeca61f889559c3a4100797d2d7a67c4a4ee5d7d7a2,48000,2,240000,5.000000000,-23.86,-6.41,-19.45,0.86,,READY
0427.mp3,7f1ba53e7ceab43036fcd18f53c55fdaf7aedfa157c44044c88ec372142b1e8c,48000,2,240000,5.000000000,-39.28,-25.13,-16.15,16.28,GAIN_ABOVE_+10_DB,READY
0428.mp3,8d61f868e766439d26eeef45e0776b548c9ef8a98ba2887f785c960c5eeffb35,48000,2,240000,5.000000000,-18.71,-7.07,-13.64,-4.29,,READY
0429.mp3,04c6fad3e8b1ada532efb760fbfa0ef87a48f440137b1d4acb0b3c99f62a1992,48000,2,240000,5.000000000,-28.23,-14.52,-15.71,5.23,,READY
0430.mp3,a1f7bcb1c388c1374c1cdaebdf6e7b855ed004c9478aa4c52f59753ded4c6b64,48000,2,240000,5.000000000,-32.59,-20.56,-14.03,9.59,,READY
0431.mp3,f53222075fe834f69eb2c9f1828e6a8a03a293c37248aec1933370957310600d,48000,2,240000,5.000000000,-11.55,-0.39,-13.16,-11.45,ATTENUATION_BELOW_-10_DB,READY
0432.mp3,d586c8d8c3f696f53588692da024b6a5a72a0e3c2ac71c7e954fd709d4b59d7e,48000,2,240000,5.000000000,-37.51,-24.30,-15.21,14.51,GAIN_ABOVE_+10_DB,READY
0433.mp3,0904993d2ff6ec7a50a3d4fe25a339b3c1f86cbc0aa51c45599c9c78a58d3409,48000,2,240000,5.000000000,-20.35,-4.83,-17.52,-2.65,,READY
0434.mp3,a362e87a1e6caa517b371800ee63b8f59f1ae7b83a07e1f0f2dd2a82f6f79d4d,48000,2,240000,5.000000000,-39.40,-25.74,-15.66,16.40,GAIN_ABOVE_+10_DB,READY
0435.mp3,177f9ceebd431a7199423bad9bcd59b98d30eede8d6f1edc941c5e1d5ca9779a,48000,2,240000,5.000000000,-24.66,-9.75,-16.91,1.66,,READY
0436.mp3,9f7479c60b9a2ff2915fabb4b02979d9a821654942232518c2c26d7d0883fa35,48000,2,240000,5.000000000,-28.60,-13.24,-17.36,5.60,,READY
0437.mp3,e346a85c7359a597cef5767c2c7ac2bf57046a28e8357c7399735dded8a4d2a4,48000,2,240000,5.000000000,-69.38,-57.32,-14.06,46.38,GAIN_ABOVE_+10_DB,READY
0438.mp3,ab8eeddcf00089138bc300a87141f6ac2fe964ddd528d4900e948957e329f912,48000,2,240000,5.000000000,-26.53,-13.57,-14.96,3.53,,READY
0439.mp3,a694765a95338a9182d75c1843a8c598da17c720ccb15bf11b318221052d22ce,48000,2,240000,5.000000000,-14.64,-0.74,-15.90,-8.36,,READY
0440.mp3,a2f8db9c996a8dcab6e08b4aa8985b6a00f47382fbef7ac9dd1678c27f4c9d5e,48000,2,240000,5.000000000,-21.79,-10.26,-13.53,-1.21,,READY
0441.mp3,e07e74993038b1ef8a2a46222d2edeb8a2b5df762f8f8871464d548bebaa9dfa,48000,2,240000,5.000000000,-17.08,-4.21,-14.87,-5.92,,READY
0442.mp3,f31dedccb8f8821e9fbcba60b90a96312035fa51ea75d6782f7ebb439a24bc6d,48000,2,240000,5.000000000,-41.40,-28.36,-15.04,18.40,GAIN_ABOVE_+10_DB,READY
0443.mp3,c757516dcd391d1e72fbb6bc6e7f9ff5d10bd8dc1e57e7d8a831fd505b32ceb7,48000,2,240000,5.000000000,-28.78,-12.91,-17.87,5.78,,READY
0444.mp3,ce2021f3860fbc8d388b1fe46ace9593fba24818b7125484dc62d82901a155b6,48000,2,240000,5.000000000,-30.19,-18.37,-13.82,7.19,,READY
0445.mp3,1241a3e6f077fe81fb9a89a5e9045892741c40c2c2804b55ce5ee4364a68f78e,48000,2,240000,5.000000000,-26.93,-15.38,-13.55,3.93,,READY
0446.mp3,b2d3d397bcfdce468f6391e17cf9923b561f39b412f72fb1524acfdad66c5ac8,48000,2,240000,5.000000000,-17.06,-4.06,-15.00,-5.94,,READY
0447.mp3,92a98f90e10e522acf98ad6b383ab29701318ff8b8d9962a808f4b7c194ccfd3,48000,2,240000,5.000000000,-20.48,-9.93,-12.55,-2.52,,READY
0448.mp3,2588cfce1e7fe0d5f117a6073f1cf1229bcece5a2004c45a326e567f7ad5bc97,48000,2,240000,5.000000000,-29.90,-19.55,-12.35,6.90,,READY
0449.mp3,3cd92ee0e38a97dfefdb43cc567f5f8692e00dde71e238a6c9d45499282ae825,48000,2,240000,5.000000000,-13.98,-2.02,-13.96,-9.02,,READY
0450.mp3,deb996782ee6c6dab4a46e2d4414887274f269d3552f14642818826b1be0f8b7,48000,2,240000,5.000000000,-25.65,-12.82,-14.83,2.65,,READY
0451.mp3,fc26e3c0c921d24937d8499da9ff04a46de5a450a75ef793e1b9d9a964d301b0,48000,2,240000,5.000000000,-16.55,-1.53,-17.02,-6.45,,READY
0452.mp3,ee08a3c426d343e611ec05141db506fa9ded0ab6d39cfb2da17d87ea788bfaec,48000,2,240000,5.000000000,-42.02,-30.92,-13.10,19.02,GAIN_ABOVE_+10_DB,READY
0453.mp3,d56d1cc2625bc10e5d9fadeafcc66e0c1f701a5a97c38fc751c1705d76832242,48000,2,240000,5.000000000,-19.07,-6.85,-14.22,-3.93,,READY
0454.mp3,2ec8816f185529ed0113f3b1499b94a81b90168c7f626b44f2608fbf21d36c5d,48000,2,240000,5.000000000,-19.23,-7.21,-14.02,-3.77,,READY
0455.mp3,8554eae2513671f401e8f1be13736756bad18a930c76ff67ef4acdf3ce0b428c,48000,2,240000,5.000000000,-12.34,-1.36,-12.98,-10.66,ATTENUATION_BELOW_-10_DB,READY
0456.mp3,b52627cd76bf16d26f912bb38b11f5e7ebfa8b72ac599d0bd50016099650a03e,48000,2,240000,5.000000000,-37.98,-22.87,-17.11,14.98,GAIN_ABOVE_+10_DB,READY
0457.mp3,67ef7fa092e2a51a877efef5c9faecb1675ae57d45b792f4e661d6a8cda13dbe,48000,2,240000,5.000000000,-16.60,-7.23,-11.37,-6.40,,READY
0458.mp3,7ca96c1bddc31ac6fbd798350edab4a821faad12fe693487f5899f80f3b0bcbb,48000,2,240000,5.000000000,-21.57,-6.17,-17.40,-1.43,,READY
0459.mp3,e0d58e3ee27ce8cbe639ab0fbc3a6c5c8a73a1e112f4cebe0e236375757341ed,48000,2,240000,5.000000000,-25.05,-10.95,-16.10,2.05,,READY
0460.mp3,43fcdd8b89b0f63dad9152aeb32d11248066b122d8c05941210ec8dc2b7a4c51,48000,2,240000,5.000000000,-19.00,-4.89,-16.11,-4.00,,READY
0461.mp3,5c6c80d09d6abc7c1826d71300cfe91636c4b099516bcecf62c18c32fa155f6e,44100,2,220500,5.000000000,-21.58,-10.48,-13.10,-1.42,,READY
0462.mp3,14aee440b7bbe95efcbcfeb3cba902b17ec9756948239b81a0b5c60f7f0f40dd,48000,2,240000,5.000000000,-30.26,-17.16,-15.10,7.26,,READY
0463.mp3,e5db8a8c9d5f1967333cd490538b4806c63126abc29a5d7eee29dbd094892fad,48000,2,240000,5.000000000,-21.07,-9.19,-13.88,-1.93,,READY
0464.mp3,3b4be032613077e580a412b28aaba0bf6331fbe49301f8cb9a356d4ac69895f1,48000,2,240000,5.000000000,-43.11,-23.87,-21.24,20.11,GAIN_ABOVE_+10_DB,READY
0465.mp3,892a32a2cc80aaac7cc7918765b689d82885517b45e2a18f62ad562963a271b3,48000,2,240000,5.000000000,-29.25,-17.16,-14.09,6.25,,READY
0466.mp3,c94e50ca8c497c0ac1b5fab7b94ae3fe0335d13592b355e3ab33403682f5035f,48000,2,240000,5.000000000,-22.30,-8.91,-15.39,-0.70,,READY
0467.mp3,4c1ac131e009792b81462cefee07e808b24c4dc56b75e18d379d8ff4b5667d06,48000,2,240000,5.000000000,-24.11,-12.09,-14.02,1.11,,READY
0468.mp3,28fd46cfae0e6bfd1471ae8e77ec55470cef0672010360426138945f92b9e028,48000,2,240000,5.000000000,-3.55,2.11,-7.66,-19.45,ATTENUATION_BELOW_-10_DB,READY
0469.mp3,2e648f29b328d195f3d358e31c4c03ed21f9df88105b24cd5ea31e9520fc865d,48000,2,240000,5.000000000,-26.65,-14.81,-13.84,3.65,,READY
0470.mp3,86b8bfe891c0e8d4626cb6e7afc0dcd1b69b91ebb7183306305e2577a11816e4,48000,2,240000,5.000000000,-25.26,-10.72,-16.54,2.26,,READY
0471.mp3,28c62d7ce222623ea55a8cdeacb7a48b90ba64f471cc856dbf461a5a51531904,48000,2,240000,5.000000000,-27.04,-12.80,-16.24,4.04,,READY
0472.mp3,34b847803ef2fca404b84358b7d6d3cfc46797021d8571d4b32f1681dd3c38af,48000,2,240000,5.000000000,-22.53,-7.93,-16.60,-0.47,,READY
0473.mp3,3de6098561eb0a7b757dc5193aa3dca52961b6bb062b39bf1929258705123444,48000,2,240000,5.000000000,-39.46,-26.71,-14.75,16.46,GAIN_ABOVE_+10_DB,READY
0474.mp3,05bbaa515dbe0b92fb667d31c0c1268911afea19a9a89758d05c9d00ddefd398,48000,2,240000,5.000000000,-21.39,-9.93,-13.46,-1.61,,READY
0475.mp3,145f781c7d622e568d9f05378bb4c8162fa38ee0f299c5620d873123c7604207,44100,2,220500,5.000000000,-26.83,-15.01,-13.82,3.83,,READY
0476.mp3,97aa7c954f216bcfc780955d00fb58448d8f8285dabde1cd4e9699e04618ac98,48000,2,240000,5.000000000,-40.61,-27.99,-14.62,17.61,GAIN_ABOVE_+10_DB,READY
0477.mp3,1e7a1c57b6192dfe28fb99e10c240af1de9738dc08ff5d6e43efd7dd3816c436,48000,2,240000,5.000000000,-28.49,-18.23,-12.26,5.49,,READY
0478.mp3,06b1b70362f66fc591c06a1d0acba9f12ec1950a3a7c9b87116aaf195747d471,48000,2,240000,5.000000000,-30.89,-17.46,-15.43,7.89,,READY
0479.mp3,73e8ac1d9c7ca0ab0d6c6ed2c35a10e237c22e04a8adcdcd3ef4ac90cc810d5b,48000,2,240000,5.000000000,-19.35,0.32,-21.67,-3.65,,READY
0480.mp3,8e6e7cdc76d8e7e8b5d6c0cba6a0f54ae20eaac58cf6ea43ad3e1a3d00c4c082,44100,2,220500,5.000000000,-15.97,-3.64,-14.33,-7.03,,READY
0481.mp3,f66729c1196e4aaf68a9d5e651082e31901ed780c980c92b25a1492f18ba1d0a,48000,2,240000,5.000000000,-30.73,-19.11,-13.62,7.73,,READY
0482.mp3,5acdd2b5017c2707bbd6c1ac1743f846d283cfd91c8649d73e02ebccf6df3dca,48000,2,240000,5.000000000,-19.25,-3.02,-18.23,-3.75,,READY
0483.mp3,a3c8097ffe1c6bf728e11b4a153170cc8faeb1378513d6b220e7b18669fdc3b9,44100,2,220500,5.000000000,-24.13,-12.84,-13.29,1.13,,READY
0484.mp3,bfa5c4d3381d5a4e942ba08e9b2a44fe4fda948d625764f2c6185d04e7f66fcb,48000,2,240000,5.000000000,-14.79,-6.49,-10.30,-8.21,,READY
0485.mp3,22aad7acb826ae57285c2a0ffb2a06fefbcfad12209ceb215167a53a97cc31eb,48000,2,240000,5.000000000,-30.12,-16.19,-15.93,7.12,,READY
0486.mp3,cc26790fa7cec2ef67b05ff87341a6fd423e5f2e133bcfe53d45ba22e44f3a5a,48000,2,240000,5.000000000,-11.52,-0.49,-13.03,-11.48,ATTENUATION_BELOW_-10_DB,READY
0487.mp3,7c3609d01caf5325a3c18877b0a3e2cf3dfd03a453f861bb991a14f43ff5115e,48000,2,240000,5.000000000,-24.32,-8.87,-17.45,1.32,,READY
0488.mp3,dc1efa71cbf18d04172995e5ef72e8998de7cfa25b49f683ae5a3a9204136f8a,48000,2,240000,5.000000000,-13.49,-1.94,-13.55,-9.51,,READY
0489.mp3,b33c9d26a14eb7d3e60786ed2cddb45f51d340456b79c9f50a3c6b7fec2268b2,48000,2,240000,5.000000000,-52.16,-27.68,-26.48,29.16,GAIN_ABOVE_+10_DB,READY
0490.mp3,e6bb0dfcc92d206feb6b60a4a15f23a35f7d9f69e5d43b8f902875ff9b31e82e,48000,2,240000,5.000000000,-16.98,-2.23,-16.75,-6.02,,READY
0491.mp3,0d4403e6da39cf58a3983b793ccf51dc3065c580747ed122f46c27382075739f,48000,2,240000,5.000000000,-22.18,-11.56,-12.62,-0.82,,READY
0492.mp3,7ba4b87e72eea9eff07e45af0ff71a1087d00df677c1adc1592a506735caf424,48000,2,240000,5.000000000,-23.81,-6.10,-19.71,0.81,,READY
0493.mp3,b776b5b83eddc63eeedf2de2945ce295d0cde3845d6b57dd48eaf5b3c9a0e01b,48000,2,240000,5.000000000,-32.55,-19.81,-14.74,9.55,,READY
0494.mp3,a54f34599ccba3d83d5d29673067aeaa3f38227067297d364c7f5a9276c47cf3,44100,2,220500,5.000000000,-14.35,-5.38,-10.97,-8.65,,READY
0495.mp3,c31938615b27a53db81b1f4e8b6f829560a1e492925a9c22d66bf530778b91e4,48000,2,240000,5.000000000,-36.56,-23.18,-15.38,13.56,GAIN_ABOVE_+10_DB,READY
0496.mp3,5d8396ca729fabcc950c2d6f3b396729c021e7491f1368886c741f91260a2c1f,48000,2,240000,5.000000000,-22.65,-9.09,-15.56,-0.35,,READY
0497.mp3,1703b2ff0138790c308770d9e1510ccb90e0d20fe136ddb248d05fb5852cb2ee,48000,2,240000,5.000000000,-23.14,-9.70,-15.44,0.14,,READY
0498.mp3,f36589c9b341134534a4ba4e41f80aa069fb3ce9695799353f691f76ba13676d,48000,2,240000,5.000000000,-34.00,-14.88,-21.12,11.00,GAIN_ABOVE_+10_DB,READY
0499.mp3,2e8fe2c645d38836e9848aa3bf6a83bc499dcd68b52e282d725e60003adf52db,48000,2,240000,5.000000000,-35.06,-23.50,-13.56,12.06,GAIN_ABOVE_+10_DB,READY
0500.mp3,8df712caee97158287a5eb26187199fe9455e142f86d7ae1b4aaf037ab659476,48000,2,240000,5.000000000,-20.73,-2.03,-20.70,-2.27,,READY
0501.mp3,b1b80de7ed3cca9693c2800a81da7abc5937fbb25832490405bfc36aea828c5d,48000,2,240000,5.000000000,-18.87,-9.85,-11.02,-4.13,,READY
0502.mp3,04f1ae1dd1bd1d93f22841a304c2e4a78a2f919ee84f71cc33b295ced0b45325,48000,2,240000,5.000000000,-31.53,-20.32,-13.21,8.53,,READY
0503.mp3,c4450267e71133f865743e7997155bece1e94ba126163dd9e435abd71c812a7c,48000,2,240000,5.000000000,-25.30,-14.49,-12.81,2.30,,READY
0504.mp3,c49d06fc1b23f7261111e7baaf0200ec93f315745fa70d9788e2ff244a6059b8,48000,2,240000,5.000000000,-19.28,-6.45,-14.83,-3.72,,READY
0505.mp3,13bc74cc944e75fbe8b47eca80cc047ea66ac24392603dcb6fd2140958da8935,48000,2,240000,5.000000000,-22.91,-10.14,-14.77,-0.09,,READY
0506.mp3,3d523c3bed686a36f7ade9430800661a5cfa8354f9f211d23bc4c645c11a7720,48000,2,240000,5.000000000,-18.53,-5.19,-15.34,-4.47,,READY
0507.mp3,9806cddf90310316a86d6b94598218210b619ccf5aecf832614252463cac3d62,48000,2,240000,5.000000000,-13.53,-2.64,-12.89,-9.47,,READY
0508.mp3,a002e82b7be3ea82184b7514fc047e0cc8f72083fb0a78c8327ad2a286b04e9d,48000,2,240000,5.000000000,-31.30,-17.32,-15.98,8.30,,READY
0509.mp3,580529276c1f9dcff5e0f8f6642484bd4bdd5380bf8fda24b2c84ecfca32b89f,48000,2,240000,5.000000000,-23.11,-6.06,-19.05,0.11,,READY
0510.mp3,ea03fac4e501139444284a64bdcb47d217983e9c8c34231df3caf0aa4260f28f,48000,2,240000,5.000000000,-44.93,-29.51,-17.42,21.93,GAIN_ABOVE_+10_DB,READY
0511.mp3,f08b423ba2de4df3ad075c926b5f9c122698f11bce02c70e890c17748aabdedb,48000,2,240000,5.000000000,-17.21,-3.21,-16.00,-5.79,,READY
0512.mp3,6630ecd55beecdaf7f0de05b9369eb080056e42d0a73ffc788a2b489233eafd3,48000,2,240000,5.000000000,-24.99,-8.99,-18.00,1.99,,READY
0513.mp3,6824c31727accee79c7cd9f2bc1df7b4d29fbe92b4acc10f5d633b93234d7200,48000,2,240000,5.000000000,-36.39,-22.96,-15.43,13.39,GAIN_ABOVE_+10_DB,READY
0514.mp3,516b0b0ffe2100a5d963744a7b8efc0510c8d40d459946b6504539180104bd9c,48000,2,240000,5.000000000,-17.26,-4.88,-14.38,-5.74,,READY
0515.mp3,8b4d9867cca050e2ffce565582e8a7822539fc2cf3a0b9f564dc56170b0d20dd,48000,2,240000,5.000000000,-18.33,-4.95,-15.38,-4.67,,READY
0516.mp3,1583bd901af9ac9baaa0b60e8b6da440361753df93040d8864c4b0106ec0ec5c,48000,2,240000,5.000000000,-28.69,-10.58,-20.11,5.69,,READY
0517.mp3,390db8f53b4a8cc2118bb32e6f97604ea263194162236c60e833d6d9319ba1e8,48000,2,240000,5.000000000,-32.27,-19.44,-14.83,9.27,,READY
0518.mp3,a8aa58e6c8fa6ce086a9ec47ec0b13c25f8e647d09a9945929d17e08398efa7c,48000,2,240000,5.000000000,-30.95,-19.23,-13.72,7.95,,READY
0519.mp3,442f2f148a24477b191df65ddbd5a4798323db986effc0a264abaf05ff0a24f9,48000,2,240000,5.000000000,-27.52,-15.52,-14.00,4.52,,READY
0520.mp3,59f586b5322ac967ea5b279cbaee67d8bb63981fdb0dd6e7b9bf5df9d8df8319,44100,2,220500,5.000000000,-15.18,-1.05,-16.13,-7.82,,READY
0521.mp3,e07e28ac81a9f9a76f0a3bcfc56b5f0dc663d0f93ec76ca0b91fc1bffa2e8a6a,48000,2,240000,5.000000000,-27.66,-14.38,-15.28,4.66,,READY
0522.mp3,ab5fdb466321c34e28677ce781dc3b5c03b3b215eb5f27a4e02b2be192f862fd,48000,2,240000,5.000000000,-23.54,-12.75,-12.79,0.54,,READY
0523.mp3,64cdd9a0e8d8e8a41e2193ea3a652db64a4937b47fbb631267740fbae119ffdd,48000,2,240000,5.000000000,-26.75,-15.33,-13.42,3.75,,READY
0524.mp3,51afd2ba1c04cf85b1290768d36244dfcb2cfa631065b19eec3d657ffae689a0,48000,2,240000,5.000000000,-29.64,-17.38,-14.26,6.64,,READY
0525.mp3,a8744b12aee98f43424691a9a59dcc56c5af5713d17d74f4675c80605f63b168,48000,2,240000,5.000000000,-22.21,-16.39,-7.82,-0.79,,READY
0526.mp3,c2d946f9d98fbf06e460d9fb3d048b7892b03bd0ec8f2d31fe1f245680e0f821,48000,2,240000,5.000000000,-23.49,-12.60,-12.89,0.49,,READY
0527.mp3,4cbbddbd07c5742609bf10eef4c136e1c48e410ea7fe103e95e42e7eee240adf,48000,2,240000,5.000000000,-36.71,-24.53,-14.18,13.71,GAIN_ABOVE_+10_DB,READY
0528.mp3,fd8d0ead1891887042b182c3c65480ba2961ef64e01366c918395e0d2cc35a52,48000,2,240000,5.000000000,-24.30,-9.91,-16.39,1.30,,READY
0529.mp3,13e6d21fd351da5974081c3bfc1a80714f97a38c2ca4f6b66bcc9be647856785,48000,2,240000,5.000000000,-21.95,-14.19,-9.76,-1.05,,READY
0530.mp3,65434c3f89682fcc9c3fb69672e40aabc8b3d039070ced10f94bf3d43d89d708,48000,2,240000,5.000000000,-25.81,-14.21,-13.60,2.81,,READY
0531.mp3,668ceabc66c9648a2403764d7b2a8a15fd7fb6e003f73baf9ead958402a83e7f,48000,2,240000,5.000000000,-16.17,-5.76,-12.41,-6.83,,READY
0532.mp3,b36d68374e9077e13539602d12bd33ba563311be8387f223af5a1d7cdeb42f29,48000,2,240000,5.000000000,-28.40,-16.34,-14.06,5.40,,READY
0533.mp3,30bca3a6ea79b2858d6821ec67801d15be2aff2bf256ff9f9500617b975856c4,48000,2,240000,5.000000000,-28.28,-14.38,-15.90,5.28,,READY
0534.mp3,29ad1aeeeba87da23599dec82e027cf1043f8262b5deb4f164ce15e16f1fce48,48000,2,240000,5.000000000,-29.84,-12.94,-18.90,6.84,,READY
0535.mp3,1c4ac80cc3acbe09e6159258dded4cff93dba25ad17da7229b0f62ea043ce76d,48000,2,240000,5.000000000,-18.16,-2.90,-17.26,-4.84,,READY
0536.mp3,ece5b7d65c2397ef92a6afd8faba678376b8b6a12e5da8992e0e555f86a80320,48000,2,240000,5.000000000,-26.91,-13.17,-15.74,3.91,,READY
0537.mp3,9cc20ef5035161a4008cb4e5aedc3b6b8d791c41ba2b470d8ab5b07823471f66,48000,2,240000,5.000000000,-27.62,-13.77,-15.85,4.62,,READY
0538.mp3,89a5a41d72715c53814774e30b7aa7f3b03b577c008a6c6010985c8303a8390e,48000,2,240000,5.000000000,-18.24,-4.11,-16.13,-4.76,,READY
0539.mp3,d7233a17e22b43bc6eb8dbe36849a04aa61a19cede7ab4b4ee6f1741e398edfa,48000,2,240000,5.000000000,-20.08,-10.28,-11.80,-2.92,,READY
0540.mp3,b9d02b6676afb3ad6455136ac356d24c1c671b1fb6bd86ea0a4614e46fc28ca1,48000,2,240000,5.000000000,-27.95,-11.43,-18.52,4.95,,READY
0541.mp3,26725c7bd8434be232110d99b4165404fa5a67111b52397032a4f7c3c0bcb0c4,44100,2,220500,5.000000000,-14.30,-2.14,-14.16,-8.70,,READY
0542.mp3,6498ed787be1bf60ba9b8e91484e0b0ba92f2d2fa217d3257e578bc6a15c5dbd,48000,2,240000,5.000000000,-27.35,-16.19,-13.16,4.35,,READY
0543.mp3,92311f345fa800d7bc9523c693758331a525be69933dca188c906626d78fdc47,48000,2,240000,5.000000000,-20.61,-6.49,-16.12,-2.39,,READY
0544.mp3,2979c6af2162fba03178f24f9e6920b3e86cf2602417372b6bd7c4e22923ccf4,48000,2,240000,5.000000000,-26.25,-9.52,-18.73,3.25,,READY
0545.mp3,a915600a0120ca632c88ae17ccd8bb5c4b4cfe2b48c3a331d99089f79c5e232d,48000,2,240000,5.000000000,-24.57,-10.38,-16.19,1.57,,READY
0546.mp3,f889e2d0d0f8eedc6036646ee3e30d2f15e590f002cb170d45e4096d8dd40f28,48000,2,240000,5.000000000,-17.79,-7.06,-12.73,-5.21,,READY
0547.mp3,95b4b58b1c116574d0d78909fae315fff00249ecbab3193aed401090a8f8230a,48000,2,240000,5.000000000,-21.42,-7.84,-15.58,-1.58,,READY
0548.mp3,97a482f2cc91828b060b839ab5e668cefb6af9c1371dbfa8d4a1f8a680fd23fd,48000,2,240000,5.000000000,-27.72,-15.28,-14.44,4.72,,READY
0549.mp3,777ba987ad774ee553a705d05d29b449fdc57514ca3fd9d52762ea87ce993618,48000,2,240000,5.000000000,-22.73,-7.34,-17.39,-0.27,,READY
0550.mp3,8b9e159df3dfee8e10d37e60205b44d0fdf54dcd97fd3714c60f04d9c6f5cd45,48000,2,240000,5.000000000,-12.18,-1.30,-12.88,-10.82,ATTENUATION_BELOW_-10_DB,READY
0551.mp3,b3448952b49e5c6bbb7dc893c4554c39c665a44f1ece68d3cbeb2aa5bd538c18,48000,2,240000,5.000000000,-26.53,-5.91,-22.62,3.53,,READY
0552.mp3,50cd208a1bfa406b9d428b08bf7783bfad0dbb4b2eea969e12ee97b23fee5032,48000,2,240000,5.000000000,-22.83,-10.72,-14.11,-0.17,,READY
0553.mp3,d18dbcb29f8b3a188b5d7395ed78889712c0ab2e6cde1be7694c6c9b93b3ce79,48000,2,240000,5.000000000,-16.09,-1.18,-16.91,-6.91,,READY
0554.mp3,dba0d1a821790f48880f4ba15fd134403e7e65330ee902fd8bc61885dd5ee47c,48000,2,240000,5.000000000,-16.85,-3.70,-15.15,-6.15,,READY
0555.mp3,56c16678a116c09ca904a50aeb3b46a40046a44db9140db825b1f873e7c3613d,48000,2,240000,5.000000000,-17.20,-6.22,-12.98,-5.80,,READY
0556.mp3,492a0026ff08c2a890d91b7ad44cbc32751113bbf0df6623db19e06390882839,48000,2,240000,5.000000000,-31.63,-12.12,-21.51,8.63,,READY
0557.mp3,f68b311168c78f1f01e5424e63a0f6ac265041d087c6ac176943f8053e5980f1,48000,2,240000,5.000000000,-21.35,-6.35,-17.00,-1.65,,READY
0558.mp3,8af16222dbad56c9591cee8fa325264f5398c6220c57e7fc035398c281642907,48000,2,240000,5.000000000,-27.36,-12.84,-16.52,4.36,,READY
0559.mp3,499c382113f776080f183564903d0fa33c5e450bbccc18bc3110a700854d5a60,48000,2,240000,5.000000000,-21.89,-8.29,-15.60,-1.11,,READY
0560.mp3,2495ab9ca65f5a0e3931373f0bf4bcc71f5afe8e4d83919bf4af5b7b9ed98d8e,48000,2,240000,5.000000000,-29.48,-15.87,-15.61,6.48,,READY
0561.mp3,28158557201b4848020f05ce98142ec6ce2910798fd5f8dc0083bae0bcdadf55,48000,2,240000,5.000000000,-29.37,-14.06,-17.31,6.37,,READY
0562.mp3,25cf7f07b8b7c8dca5e5cb49c5304d613602916e8fda6184544c6b0413739216,44100,2,220500,5.000000000,-29.57,-15.09,-16.48,6.57,,READY
0563.mp3,52138a50b5dc8610243af78cc239152c6b77f854e07b45d1ca4e6ad4001e2b38,48000,2,240000,5.000000000,-28.92,-20.55,-10.37,5.92,,READY
0564.mp3,72c22d7480e427190819ee470134db88689afd78c8dbb78978782a5a261064e0,48000,2,240000,5.000000000,-39.48,-28.20,-13.28,16.48,GAIN_ABOVE_+10_DB,READY
0565.mp3,8daa122393cecf7dfd6b122328f4972979ba35dee81548f24f37247be82bdf50,48000,2,240000,5.000000000,-32.98,-19.92,-15.06,9.98,,READY
0566.mp3,c97e1a749f5e4ee5c44294f939986e175f1f4818801395a7fc88e30f59c7c33c,48000,2,240000,5.000000000,-25.48,-9.35,-18.13,2.48,,READY
0567.mp3,93c19158276c665fb5add1b191b6a0df047d7eec6defca337f32a50ef91b6cd2,48000,2,240000,5.000000000,-19.80,-11.11,-10.69,-3.20,,READY
0568.mp3,050add717e8ffc61bd187fec83bc66eefff1ddc797ba4969aeebb02710382261,48000,2,240000,5.000000000,-24.00,-6.96,-19.04,1.00,,READY
0569.mp3,2bd20d85dd44b462b4db9ed1603070da979a228f6854af9210ed7f39990fb543,48000,2,240000,5.000000000,-24.89,-9.06,-17.83,1.89,,READY
0570.mp3,ef89b2b5571077470884753deff301deb5ce788b8a8c48b754b04d881e9b55ad,48000,2,240000,5.000000000,-23.19,-4.90,-20.29,0.19,,READY
0571.mp3,3bcb39235c6fc304112d12c9c26349fc53920b2b5f7a439bd791781fda681bdb,48000,2,240000,5.000000000,-23.85,-13.34,-12.51,0.85,,READY
0572.mp3,72147f5b2db35ae730aa9b799e87e8e0a41c01994c3eeb849483021025cad13f,48000,2,240000,5.000000000,-59.26,-43.14,-18.12,36.26,GAIN_ABOVE_+10_DB,READY
0573.mp3,551ca59a7f281c807b1cf635eeb4dcca2a193c2ce8c9bbee6239e91c94ff8e9b,48000,2,240000,5.000000000,-22.50,-12.85,-11.65,-0.50,,READY
0574.mp3,cbda2e763f193ff1d1b44040dc13c654ccce976c12cbb787832e0e21d129f287,48000,2,240000,5.000000000,-18.24,-8.17,-12.07,-4.76,,READY
0575.mp3,24bcd9a419ed5be058095f239a4bb1303eb4ae54e5acc3a98b182ab3a695a4e1,48000,2,240000,5.000000000,-27.13,-10.65,-18.48,4.13,,READY
0576.mp3,e78c319855f3639f947a519ffb12e8c6a967c988e2ff95c60aef056945ea3504,48000,2,240000,5.000000000,-21.89,-6.46,-17.43,-1.11,,READY
0577.mp3,1b3a796dd6a4344f0d029f2f85273564fd1ba9c6304220d414cbd7b12b2c15db,48000,2,240000,5.000000000,-12.99,-2.21,-12.78,-10.01,ATTENUATION_BELOW_-10_DB,READY
0578.mp3,295f47cc3f927919f54bb15e325de94428b790436ab2e1380124fe1e97126ee8,48000,2,240000,5.000000000,-63.21,-44.11,-21.10,40.21,GAIN_ABOVE_+10_DB,READY
0579.mp3,fbb2521d3479d2b2e6b87688ce0884af2fd4d8f5132fc5a57dd3e090f62e7749,48000,2,240000,5.000000000,-50.12,-38.76,-13.36,27.12,GAIN_ABOVE_+10_DB,READY
0580.mp3,305486633d0c8629c99e4602e18ff0be37e7c0f0f6655bfd1c77abe7c87b784d,48000,2,240000,5.000000000,-45.69,-30.45,-17.24,22.69,GAIN_ABOVE_+10_DB,READY
0581.mp3,2760d9993b45386240d1e54f40abcbed78758f5b7b20245901f4e48afd0833e0,48000,2,240000,5.000000000,-50.79,-39.65,-13.14,27.79,GAIN_ABOVE_+10_DB,READY
0582.mp3,f0ce84f5ed7012e7248ffdd11bacb696f9dea7c0abedd7525cc869bc9551aca1,48000,2,240000,5.000000000,-26.84,-8.65,-20.19,3.84,,READY
0583.mp3,2c2f24cfef45f1085ebdc7f4ac27575ee445a7346a2b99743d70df8b1c66f4c7,48000,2,240000,5.000000000,-29.11,-13.24,-17.87,6.11,,READY
0584.mp3,519eb5e10cd6ccf07700a1330de6f8dd004c3abf7557ffb516cbc430b805c829,48000,2,240000,5.000000000,-37.36,-28.78,-10.58,14.36,GAIN_ABOVE_+10_DB,READY
0585.mp3,2787d8b504a28d48737ef683b65221dc8926343ab3ee29383e1019d44e6ebd8e,48000,2,240000,5.000000000,-15.99,-1.48,-16.51,-7.01,,READY
0586.mp3,808a2b7134115ae9b51ca4a6431e5b6bfdb3688ee63b88d72863f5db41805c3f,44100,2,220500,5.000000000,-18.41,-8.62,-11.79,-4.59,,READY
0587.mp3,c29e4c26f0743f1878b02fce52265815b71dea4971b4dae0d44954c3e5ebc694,48000,2,240000,5.000000000,-31.93,-11.91,-22.02,8.93,,READY
0588.mp3,0fc3a84f110c3a719716a2a6fa28b15d90c6b926f6b7bbdfad0865ceddbcc42d,48000,2,240000,5.000000000,-22.29,-12.46,-11.83,-0.71,,READY
0589.mp3,ae27b9d74e11efeeec6781ca20fbcdeab0ddc5de0581fce58cf5b8c189ea53ad,48000,2,240000,5.000000000,-27.57,-11.58,-17.99,4.57,,READY
0590.mp3,60f29b216b0ad0b63d43811e0b8c81bd8f7b891c5d54bbc48b3e6d48bfc76ab5,44100,2,220500,5.000000000,-21.33,-4.64,-18.69,-1.67,,READY
0591.mp3,cfe74f7b7e78784c4a2aa7a95bb02c8c44e9207c7b3d06e9dd39c3cc5940fc5f,48000,2,240000,5.000000000,-13.32,-1.59,-13.73,-9.68,,READY
0592.mp3,4e9329f9abab8b60338e332803fbf64d3030cbf54fe7c74e7d6a37b232b94489,48000,2,240000,5.000000000,-31.67,-18.58,-15.09,8.67,,READY
0593.mp3,9025c7f4afa56606871b5f74ced8e3e57b3b9e2de70059a07a6ef1a73d360455,48000,2,240000,5.000000000,-17.33,-5.34,-13.99,-5.67,,READY
0594.mp3,fae4218935bf0e05c6d9cc8839a9e21767547c348bceb6b586fecff06066d6e3,44100,2,220500,5.000000000,-13.73,-1.78,-13.95,-9.27,,READY
0595.mp3,a7d54f4464b53bfac65a79ce60efcb65e9e91eac20e75ba5826bc9d4c786c644,44100,2,220500,5.000000000,-27.98,-15.93,-14.05,4.98,,READY
0596.mp3,4c5e71eae7c8ff45caacd7eafa55cc06c4a03944b6acd198cc9f77d2d9d6062b,44100,2,220500,5.000000000,-39.55,-26.26,-15.29,16.55,GAIN_ABOVE_+10_DB,READY
0597.mp3,f811c96b3d9447c1635dfdacd9f521731f8a8d2d806a1f806a592006732cdd7b,48000,2,240000,5.000000000,-39.10,-23.60,-17.50,16.10,GAIN_ABOVE_+10_DB,READY
0598.mp3,32bcafc0e142b46184ae2b9faafb97ac513529e9346fdff310aea0263a7f78fa,48000,2,240000,5.000000000,-27.10,-13.60,-15.50,4.10,,READY
0599.mp3,ee288f1e96f6206ec02468b92b0afeb42c3715beaf9434e05ad176443361c463,44100,2,220500,5.000000000,-20.53,-6.76,-15.77,-2.47,,READY
0600.mp3,79120af54889c19d252dbc7d8b4e1c8c4294238a896cc0d9344f399031611e32,48000,2,240000,5.000000000,-21.51,-10.44,-13.07,-1.49,,READY
0601.mp3,ec4eff72a6652543fdbafe3762a5088e91773c749dca6d61f6fe45a5b28d3a62,48000,2,240000,5.000000000,-29.01,-15.95,-15.06,6.01,,READY
0602.mp3,344bb0f736aa302aa6aa91a47ab2ddc40254fcb4b555653b1763edbc052b85bb,48000,2,240000,5.000000000,-23.32,-7.70,-17.62,0.32,,READY
0603.mp3,e8eea19b5fc0883bac1043e0ce43030c1e43d25fb951781ece6b6ab930ec0f2c,48000,2,240000,5.000000000,-50.08,-32.38,-19.70,27.08,GAIN_ABOVE_+10_DB,READY
0604.mp3,da9e1b0e0232839fba453382e4b71ebe79eea2e5c82a3842a375c5455a9685bd,48000,2,240000,5.000000000,-46.76,-33.90,-14.86,23.76,GAIN_ABOVE_+10_DB,READY
0605.mp3,d5cf8ec93c9f203397e2f0d2785195b4a2f1ea8bb9b1d923260c5a4d32a9a697,48000,2,240000,5.000000000,-24.88,-7.48,-19.40,1.88,,READY
0606.mp3,e1566a233c66e083031d62953b0ddfce7d6e943f6a7e4e353d8566e312a9e2a4,44100,2,220500,5.000000000,-20.46,-6.63,-15.83,-2.54,,READY
0607.mp3,8eb3e14efdec1df40e974a85a0c5105140976ad1fc31b31337bdd237f358e542,48000,2,240000,5.000000000,-26.62,-11.15,-17.47,3.62,,READY
0608.mp3,6e595d2c3e68452b3372288c5e8be30fcfa435f6be59d279b0e18baaa580ef8e,48000,2,240000,5.000000000,-52.96,-36.48,-18.48,29.96,GAIN_ABOVE_+10_DB,READY
0609.mp3,bb1ca5e59125f9184c58075bf9f8cd7a13f64bef06497c628e2dd5306e350e44,44100,2,220500,5.000000000,-10.95,-0.84,-12.11,-12.05,ATTENUATION_BELOW_-10_DB,READY
0610.mp3,88e824a9d597efd08502f1a2bf2c4d05b6e4e0ab379f5c5033cabed30db18a1c,48000,2,240000,5.000000000,-28.33,-10.47,-19.86,5.33,,READY
0611.mp3,cc54a32aa66ca04cf5a2cee1facdfcbb264e0d3f4eb8c0ded144fbd59510f2d6,48000,2,240000,5.000000000,-39.89,-29.21,-12.68,16.89,GAIN_ABOVE_+10_DB,READY
0612.mp3,a9f3b14d783e432f051ca6b7292794f4e3625b9f2842d4545fde596d703e795a,48000,2,240000,5.000000000,-21.74,-11.80,-11.94,-1.26,,READY
0613.mp3,e0fd5f890428b052b142be4c9feb4534b9fbb02ad2e0a30d548873aa5f7123ff,48000,2,240000,5.000000000,-18.22,-4.83,-15.39,-4.78,,READY
0614.mp3,e71a7a6d466bdacf7929ac9aa4caa4d33061b8be37415c0f680cdb253876c265,48000,2,240000,5.000000000,-25.83,-14.43,-13.40,2.83,,READY
0615.mp3,66caa30edcb44bbb399944a3d0ead30773bdeed9ec6a65c9f6390c5629eaa6ff,48000,2,240000,5.000000000,-24.57,-12.35,-14.22,1.57,,READY
0616.mp3,1be408866a530d5320bd51a1c3339215100f6a7a4570ba9b51e21dda49efe66c,48000,2,240000,5.000000000,-27.29,-15.68,-13.61,4.29,,READY
0617.mp3,796b694e2d27507ef5d407016bb0022e73dfc89226e0ea941697a499c265ba91,48000,2,240000,5.000000000,-27.37,-13.32,-16.05,4.37,,READY
0618.mp3,0f27217d5c20892366dd7e7ebfdb687d997c3c460e798798d418c44c12efbc82,48000,2,240000,5.000000000,-22.16,-12.75,-11.41,-0.84,,READY
0619.mp3,4c0be6736a3dcc78d5b99f552edae38d39d2d830d008649c570fc7d2f0ff18ec,48000,2,240000,5.000000000,-39.49,-22.45,-19.04,16.49,GAIN_ABOVE_+10_DB,READY
0620.mp3,8e9247244fccc77d36a387b6879a72af0b5e5e6471c963508e1fb614206002b9,48000,2,240000,5.000000000,-18.63,-3.16,-17.47,-4.37,,READY
0621.mp3,428a030910042d093f8fa9ba1834c170af1399411b529a3dd9e1cbbf3bc95c68,48000,2,240000,5.000000000,-19.78,-1.44,-20.34,-3.22,,READY
0622.mp3,ec553d4155f7f269095963e5a2711bbaa0b9af5de520be48008e4421c6777068,48000,2,240000,5.000000000,-20.42,-8.75,-13.67,-2.58,,READY
0623.mp3,23493481de71c26d3998718dae085d846a293aff546bde3f13be07e442f98d46,48000,2,240000,5.000000000,-39.00,-27.55,-13.45,16.00,GAIN_ABOVE_+10_DB,READY
0624.mp3,d0dd1b700de89bbd28d1f806a8a8b41c5443be0dd8ffd794a45585e99bb165fb,48000,2,240000,5.000000000,-37.12,-26.17,-12.95,14.12,GAIN_ABOVE_+10_DB,READY
0625.mp3,3801c544ea381f1d545917057cf686f3f2cf1389df5cf13a36401da19404b0ea,48000,2,240000,5.000000000,-18.19,-4.27,-15.92,-4.81,,READY
0626.mp3,33c2655e62cb7aa7fd1c68435e97cbb75bebb66763d5cc401dff6192de7454b6,48000,2,240000,5.000000000,-23.79,-11.47,-14.32,0.79,,READY
0627.mp3,174ce338f760e128173395d6c318f575d578bd124e66db4c8d69a67dcfb0bf1a,48000,2,240000,5.000000000,-31.64,-18.73,-14.91,8.64,,READY
0628.mp3,0ec5de0a97af6c10e478a1d992a09d12645c9ae8a622aa7e4d0705229de55de1,48000,2,240000,5.000000000,-20.10,0.24,-22.34,-2.90,,READY
0629.mp3,37ce70bf130be969defbb81fed1452fd7e0f4bd42f9b7c8b82736180cf1ae26f,48000,2,240000,5.000000000,-18.15,-1.56,-18.59,-4.85,,READY
0630.mp3,bf28bfdcf0db3ab561d4b8850352f374ac280031696b65990af1b06c72b0075a,44100,2,220500,5.000000000,-20.50,-2.21,-20.29,-2.50,,READY
0631.mp3,afd30eca0bd7f8301ca89636527b04d2d6bba0c8deb98d4f8afe5695f32306d9,48000,2,240000,5.000000000,-30.05,-21.82,-10.23,7.05,,READY
0632.mp3,5dba81f5293f9a74d4a22716e8dcbf871b062aefd2246ca0a2c0c3b0044b6c56,48000,2,240000,5.000000000,-45.17,-29.21,-17.96,22.17,GAIN_ABOVE_+10_DB,READY
0633.mp3,3a19789b3a86fa057a139a9db9c07ca3a1f3b76d33aadb3c9f0d7a5e37e0b62d,48000,2,240000,5.000000000,-21.09,-5.80,-17.29,-1.91,,READY
0634.mp3,dcc0667b1a4516ee97077717753b58dfb040f916b2a4e3bd1582ba1ed541a70d,48000,2,240000,5.000000000,-35.48,-25.29,-12.19,12.48,GAIN_ABOVE_+10_DB,READY
0635.mp3,b90903dd51a200171843b243abe884641b065202d3d86ba8152307057cf2b5d5,48000,2,240000,5.000000000,-18.98,-6.79,-14.19,-4.02,,READY
0636.mp3,e558f236bb60dbaa07f0dda4489f1b33825fa28dfc7561bb9d305ae4f8d54d1b,48000,2,240000,5.000000000,-22.30,-7.29,-17.01,-0.70,,READY
0637.mp3,8485e79e30ae3513dcd638e23bf0d31f9455c5e650bb183d4d97e59bd3065213,44100,2,220500,5.000000000,-19.39,-7.09,-14.30,-3.61,,READY
0638.mp3,e9ba0d19f8f02b2b9468b7e075f2dbb022afc57a7bc1b2198df2ab7084c01d5d,48000,2,240000,5.000000000,-23.15,-9.82,-15.33,0.15,,READY
0639.mp3,675e537f1f7471931b457333cf5c9f6bf2fb01db173a818856686fa9f4855d8c,48000,2,240000,5.000000000,-20.79,-9.11,-13.68,-2.21,,READY
0640.mp3,f74951b9922e34f66fe3be7ab4544d1b9d9170cc904061b1370b412aa08a3d6e,48000,2,240000,5.000000000,-30.86,-20.33,-12.53,7.86,,READY
0641.mp3,54185de79b534a772f5bed1ea0ac3d390ed037d2d5cefa6c070a0da416b59841,48000,2,240000,5.000000000,-14.54,-3.30,-13.24,-8.46,,READY
0642.mp3,0663d3963dd3ce90e277409ef688d47bf712d4372f4b43ba1ca20bdf8e99ea0f,48000,2,240000,5.000000000,-23.00,-8.17,-16.83,0.00,,READY
0643.mp3,806765392291be646446f2943837b1e3edd9c8737a6776b057e964d1e763e0fe,48000,2,240000,5.000000000,-17.90,-7.39,-12.51,-5.10,,READY
0644.mp3,990d1db2fd6925d2fd8ec4a941c247d4272f6b834d38dc0dc7da3e6bdb6974b7,48000,2,240000,5.000000000,-26.50,-11.66,-16.84,3.50,,READY
0645.mp3,616aedbccadb0632672d81c1ff425f9cc279e20c41285a68e1d1ca1930f1f437,48000,2,240000,5.000000000,-27.10,-13.83,-15.27,4.10,,READY
0646.mp3,678767c9be5685fb7ed9d964cb44134abd9552d9297208101db33d0937200da2,48000,2,240000,5.000000000,-31.28,-14.23,-19.05,8.28,,READY
0647.mp3,0c98b2de5232d6a1cacc0d36a7cfb988094ae20d8c47753dfc47e66777b8e821,48000,2,240000,5.000000000,-26.87,-13.54,-15.33,3.87,,READY
0648.mp3,d0521944762c7ab29ae822dd2df0032e8fdaf7e758e9cc30f208b604d3a3d2bc,48000,2,240000,5.000000000,-39.51,-28.75,-12.76,16.51,GAIN_ABOVE_+10_DB,READY
0649.mp3,bed3f2c4578c69c489fce70a6f9c094be93089019b6484a4b5dda427fe897159,48000,2,240000,5.000000000,-30.48,-19.46,-13.02,7.48,,READY
0650.mp3,7622da916a98ace283aa379a2923d54d62c4860096882bd5957d87a011547df4,48000,2,240000,5.000000000,-28.82,-16.47,-14.35,5.82,,READY
0651.mp3,71ba9180e2e46cdb5ff6d25d3f549ff78313f60ba47fdf7f336a928c6a121fa3,48000,2,240000,5.000000000,-9.35,-0.39,-10.96,-13.65,ATTENUATION_BELOW_-10_DB,READY
0652.mp3,4c6e7cc9d55f29f785eeab2f48521e7037af5f040672b977b4a72e4261e839f6,48000,2,240000,5.000000000,-12.90,-3.62,-11.28,-10.10,ATTENUATION_BELOW_-10_DB,READY
0653.mp3,1dd8fb0acc404b0d0480cb19d339bc0cb19f5b84a6be182bcd0c9978f8d795ed,48000,2,240000,5.000000000,-25.67,-14.40,-13.27,2.67,,READY
0654.mp3,7d87c16883a541d7d1f0765722e53ebe2cac8635da842a928680814929c1b35e,48000,2,240000,5.000000000,-23.18,-9.69,-15.49,0.18,,READY
0655.mp3,c60ed0d86f6307f026c635c96dd9530322511433baa0630d8b32f533b467c941,48000,2,240000,5.000000000,-20.28,-6.58,-15.70,-2.72,,READY
0656.mp3,8006521873c3c9460f8bf4b5270f7460e6d996594688d197e2865cdd48f667b7,48000,2,240000,5.000000000,-31.14,-16.90,-16.24,8.14,,READY
0657.mp3,6dce8ac25697ebcb387ded6691e5a80e41ba95f7f15ab56892f493741c2ea79b,48000,2,240000,5.000000000,-25.87,-15.20,-12.67,2.87,,READY
0658.mp3,c5d40b9aac801dc6ff8ac3ccb366bce3214a932d987cb58ee5d24fb4c22acd43,48000,2,240000,5.000000000,-22.67,-9.25,-15.42,-0.33,,READY
0659.mp3,82235601339a68211a53ca1f9679e93a6605b7a90fd40ef0f52f62ef9c0b05af,48000,2,240000,5.000000000,-29.05,-18.37,-12.68,6.05,,READY
0660.mp3,02ea52a698bdc24f1dd6389ae4fe5c0fbf8c60017a0f0c9eb91f880341fed2bd,48000,2,240000,5.000000000,-24.42,-9.64,-16.78,1.42,,READY
0661.mp3,fbf858d95b5abaa7a102b1cc56a41c8b9557272e12cff8874153cd4ae7a790ce,48000,2,240000,5.000000000,-17.08,-2.28,-16.80,-5.92,,READY
0662.mp3,231f7ebec3b64bcba03d7c2bf44d0dec3303cf0f7a6671a676d71b2fdec4ac07,48000,2,240000,5.000000000,-26.27,-13.36,-14.91,3.27,,READY
0663.mp3,083d826ab5d9ee30099e27cf967a200b5da63581861da071b2863df8cd69e27c,48000,2,240000,5.000000000,-16.97,-4.38,-14.59,-6.03,,READY
0664.mp3,a36f929c00f8f95b99ad3049abf7362c54de654fb158d96bc5eee3f28701f23c,48000,2,240000,5.000000000,-22.80,-5.15,-19.65,-0.20,,READY
0665.mp3,fd38014d02d91ca74ad610bbb0bade275a5f8bebbbe81cb3fa22fb579e5bb46a,48000,2,240000,5.000000000,-16.58,-5.61,-12.97,-6.42,,READY
0666.mp3,c2eb0d5b9e3a26edaab3ba6e68dd958f3befe5348cda2abf977c28bd6e0fd6d2,48000,2,240000,5.000000000,-51.16,-22.04,-31.12,28.16,GAIN_ABOVE_+10_DB,READY
0667.mp3,d9b40612e9453c7b3b0a2a237739640324572b3ae6d1bba2c9fbcd597aa9db44,48000,2,240000,5.000000000,-33.40,-18.42,-16.98,10.40,GAIN_ABOVE_+10_DB,READY
0668.mp3,bb0b2e43c53b41a2117093058401ef6b2d2f4f434d1a411674c729224d54267b,48000,2,240000,5.000000000,-44.19,-32.03,-14.16,21.19,GAIN_ABOVE_+10_DB,READY
0669.mp3,d83f857ea0127574556cb56e37e96211b6e18f782652e75677b56aececf4333c,48000,2,240000,5.000000000,-39.19,-28.34,-12.85,16.19,GAIN_ABOVE_+10_DB,READY
0670.mp3,b716ef27763e644eec260df6aecd27cbe9c6b5c7a45e5c9897d94147e436320a,48000,2,240000,5.000000000,-18.89,-6.88,-14.01,-4.11,,READY
0671.mp3,eb3794ce4fa50e80747ea1dfd12450ba7aa4f5cd197a422567e8e8ab910ec77a,48000,2,240000,5.000000000,-31.07,-18.70,-14.37,8.07,,READY
0672.mp3,03109deea32b8449cb34acab83ed5319a5124733f4be8e7c8b4a3befb2fd134e,44100,2,220500,5.000000000,-40.60,-20.88,-21.72,17.60,GAIN_ABOVE_+10_DB,READY
0673.mp3,5317251111d269c57b747a7f43d1ab59dbebed54549a816c7ae88254c2596212,48000,2,240000,5.000000000,-18.18,-6.93,-13.25,-4.82,,READY
0674.mp3,71fb897d3941ebb02f1b2ded73a0756b79c7b9d25a38a226f4f57c6e607a4b92,48000,2,240000,5.000000000,-25.38,-12.08,-15.30,2.38,,READY
0675.mp3,994a127895d881d303e5f2108e15e77824b20637fa01e39995f4c5008b98abd1,48000,2,240000,5.000000000,-17.90,-5.67,-14.23,-5.10,,READY
0676.mp3,7363d037567e35c1d714b109cca031995ee787ea3d13a4ab0fec198225218ffb,48000,2,240000,5.000000000,-42.22,-34.87,-9.35,19.22,GAIN_ABOVE_+10_DB,READY
0677.mp3,de3d7f0ef34b1f6208a60e5e8c74fa502b54de89efdc08053ae6ead77e471207,48000,2,240000,5.000000000,-23.77,-6.25,-19.52,0.77,,READY
0678.mp3,61b475044198d5b80a0eab8f5bec4e4b65f550cb1d5003d68a7a3d13231f6cf9,48000,2,240000,5.000000000,-38.66,-31.19,-9.47,15.66,GAIN_ABOVE_+10_DB,READY
0679.mp3,bcce52dc9c87b77cf3a6b64856480e3df8194f5a0c1bbb015142a72b0a3ae35c,48000,2,240000,5.000000000,-42.86,-30.94,-13.92,19.86,GAIN_ABOVE_+10_DB,READY
0680.mp3,8e125e35b8d1ff895143cd4cf8a8e3ed6da6c12961e9ff600c9458fbec0e2906,48000,2,240000,5.000000000,-23.69,-6.66,-19.03,0.69,,READY
0681.mp3,54c6f9da63555c4e20bf48d34e4f19e2b2d4c1e2ebc2a9ccf15d327b27208f7c,48000,2,240000,5.000000000,-32.42,-21.96,-12.46,9.42,,READY
0682.mp3,5fbcf34de421c7596175091a0cd16c31dd65cb0bb05bc04600cbafd5d07dc619,48000,2,240000,5.000000000,-17.65,-4.93,-14.72,-5.35,,READY
0683.mp3,b80918e625d69aea4e888773b35ea332e98b4c74bf77b4686a54d13baaebcb7e,48000,2,240000,5.000000000,-14.36,-2.44,-13.92,-8.64,,READY
0684.mp3,6a6ac7d5b3b6076d47a757af2a0b8ba585f8e2be315085368044a974515ce2aa,48000,2,240000,5.000000000,-27.18,-9.71,-19.47,4.18,,READY
0685.mp3,acf22d72d50cf9df219e65faa050d4fb66e7cc1556d5c4110b0cc406aa09a937,48000,2,240000,5.000000000,-27.87,-17.30,-12.57,4.87,,READY
0686.mp3,3ce2618ba577f8483cab604c7e81898d8c9bac951680571c96bb313283a4a3e9,48000,2,240000,5.000000000,-33.43,-16.38,-19.05,10.43,GAIN_ABOVE_+10_DB,READY
0687.mp3,0a1cc27c46f8fd8f471031223f84ee3ab5f7ad96a19aef6f4017ad31aafcfed0,48000,2,240000,5.000000000,-33.71,-15.40,-20.31,10.71,GAIN_ABOVE_+10_DB,READY
0688.mp3,505201e46b1cc31648b17294b8aca4ba7e5576bc66cb3907e19555555f3b4b55,48000,2,240000,5.000000000,-21.17,-9.99,-13.18,-1.83,,READY
0689.mp3,68aab381c2347dbe6810f94069bc1687c495b28433383e9a4014a6b35dfdd419,48000,2,240000,5.000000000,-35.46,-21.89,-15.57,12.46,GAIN_ABOVE_+10_DB,READY
0690.mp3,8b8153a52168f506ec7f717e3092cacaa3fef2aae892d1243821051823a04daf,48000,2,240000,5.000000000,-33.42,-19.09,-16.33,10.42,GAIN_ABOVE_+10_DB,READY
0691.mp3,a14555412d8a0083ef5575595df0883f4b424b378fe3930556b077a3d371ac0a,48000,2,240000,5.000000000,-45.29,-26.68,-20.61,22.29,GAIN_ABOVE_+10_DB,READY
0692.mp3,ee8f105ae7ff71e185ce585d65295e7b238e77d585c266729e7fd399076b1681,48000,2,240000,5.000000000,-33.23,-24.53,-10.70,10.23,GAIN_ABOVE_+10_DB,READY
0693.mp3,313515cc2cf2099ad3be0ad1be0293b22f017ed71432ba51cc1a2a2bc48bbb42,48000,2,240000,5.000000000,-23.55,-3.14,-22.41,0.55,,READY
0694.mp3,a2dc9767483ed092be326b680871ba1a0b8804db34ff2399d89b70d6d7a497bc,48000,2,240000,5.000000000,-23.13,-10.70,-14.43,0.13,,READY
0695.mp3,50bb8d70912a0d55987b964d77b3310f96edf30d79eee72d0153ada2b9edbbc1,48000,2,240000,5.000000000,-19.21,-5.88,-15.33,-3.79,,READY
0696.mp3,81b0626e5ba96476db058d392bbb7770ea5eb0acbe77a24f74bda5d5e39ec723,48000,2,240000,5.000000000,-19.42,-6.00,-15.42,-3.58,,READY
0697.mp3,2393238f984f3a93ee370178f87fb5633fab07ea5d931fb379cfb8c8d2d95fea,48000,2,240000,5.000000000,-30.58,-14.32,-18.26,7.58,,READY
0698.mp3,139c206c3e5b4ccdcc0e8b2f1a4b3cb2058f5c17c8b5e07929ebda0a31bbd15b,48000,2,240000,5.000000000,-19.43,-10.45,-10.98,-3.57,,READY
0699.mp3,fe3907bb8e4a0dbfa915f09044d914c8108978762b97d433632bc5acb95e20fc,48000,2,240000,5.000000000,-12.80,-1.54,-13.26,-10.20,ATTENUATION_BELOW_-10_DB,READY
0700.mp3,55b3f67c18ec12b34e44aafce5235c776408c67db43b62e97c35a6df93732461,48000,2,240000,5.000000000,-27.62,-16.78,-12.84,4.62,,READY
0701.mp3,846d8fbe5ed7f656bbd7a84073e227cdc9b057ed62f36ee70a9eaf84375d8182,48000,2,240000,5.000000000,-18.42,-8.30,-12.12,-4.58,,READY
0702.mp3,7c068b8b695c61178d2b73ff7c214c33a03f9a817c151b13e65a86d6a8451b85,48000,2,240000,5.000000000,-17.32,-7.10,-12.22,-5.68,,READY
0703.mp3,68b67b09aa6eafd59f2071c2a94b8ad8589494b6483d97b3a9b07dd8e2759128,44100,2,220500,5.000000000,-16.45,-3.53,-14.92,-6.55,,READY
0704.mp3,2b092f971b6e4341d74cb161aa3a4a0a84979637436aba7b2bf521900da3871d,48000,2,240000,5.000000000,-13.51,-3.43,-12.08,-9.49,,READY
0705.mp3,21f2695947ace685372ebafbfa051c707b91faa60c6e3833e6c485f90e99acdd,48000,2,240000,5.000000000,-15.61,-4.86,-12.75,-7.39,,READY
0706.mp3,99fb7a96bc328085bdd3579ffa823639824b5854aab92bb9795024e4151f4287,48000,2,240000,5.000000000,-20.26,-3.61,-18.65,-2.74,,READY
0707.mp3,6c4a9475125d43aaa17ac2d1eb6ca502026d220e11f0e6e322eaa3a3f2331aa8,48000,2,240000,5.000000000,-23.72,-11.37,-14.35,0.72,,READY
0708.mp3,2dc0a5a0b865658da02268c5829661fa06f34778ca899afc33d4d6f0b2dfe0c3,48000,2,240000,5.000000000,-20.71,-10.52,-12.19,-2.29,,READY
0709.mp3,34d4989368b3b503f7e18b304ce402943f79176fcba2a98c2ca9c627d4db36cb,48000,2,240000,5.000000000,-19.76,-6.38,-15.38,-3.24,,READY
0710.mp3,87aef672579f86c38fdffcfc3282c84c40e0abde2fd6780c90f2bf224161a6f2,48000,2,240000,5.000000000,-36.77,-24.38,-14.39,13.77,GAIN_ABOVE_+10_DB,READY
0711.mp3,bd06513234d29d34247604b1e5457d04e600e75ee28cd4e955c914be0886ddfe,48000,2,240000,5.000000000,-14.83,-2.60,-14.23,-8.17,,READY
0712.mp3,c2979506ba59c0ffeb44db507e163dbfec420f48de3a98d05046d79bba06399b,48000,2,240000,5.000000000,-37.46,-25.04,-14.42,14.46,GAIN_ABOVE_+10_DB,READY
0713.mp3,353a21cde8c8e34af7ca61080762d901be43008abd5f43e7052ed1fab9983c01,48000,2,240000,5.000000000,-28.42,-14.95,-15.47,5.42,,READY
0714.mp3,ca4857674cf5b0dba7bb6347fa8fcd653939bc53cad06fbe9765f1b0b33bbd8e,48000,2,240000,5.000000000,-27.04,-12.25,-16.79,4.04,,READY
0715.mp3,c1f7d3121e170910302295be013ac16713a06aafa7691d273b889c70982a6fd0,48000,2,240000,5.000000000,-19.23,-7.47,-13.76,-3.77,,READY
0716.mp3,f16e04d5e2f32e3ae4e87426bee5645604ce0cbcd7138d09481a4b0fe5cc6abb,48000,2,240000,5.000000000,-16.77,-4.76,-14.01,-6.23,,READY
0717.mp3,edf26eb0ff04c21a70364c38426a505cca1708b38883ad2fae57da5a9decae0e,48000,2,240000,5.000000000,-21.44,-6.58,-16.86,-1.56,,READY
0718.mp3,0eb9a7cd06736dad42a633cf2b4318a396507bae7c5c78ae2b21c10f7e02026a,48000,2,240000,5.000000000,-15.03,-3.30,-13.73,-7.97,,READY
0719.mp3,a819dba574a40a85025d337d1c64c0be6140434252e9d897f5ef84b5cf2e252a,48000,2,240000,5.000000000,-31.76,-17.49,-16.27,8.76,,READY
0720.mp3,7598fe8f4a824835053772fc9d4b0aeaf8611f901426f5063e30fb4121bfe938,48000,2,240000,5.000000000,-20.03,-8.60,-13.43,-2.97,,READY
0721.mp3,edde76ba3d565d7421d9818616425e9a7e3dc5cc32de5b31e8e0d9e4fc20c9b2,48000,2,240000,5.000000000,-34.17,-22.67,-13.50,11.17,GAIN_ABOVE_+10_DB,READY
0722.mp3,950969f28647599179ad3bd2396e8f8cf88321fcbbcddb6be47f503414c184e4,48000,2,240000,5.000000000,-27.10,-14.74,-14.36,4.10,,READY
0723.mp3,2a54a289b026c31a337561f597b2eea23e90cae5700b603293a713d2c67a559c,44100,2,220500,5.000000000,-13.55,-3.65,-11.90,-9.45,,READY
0724.mp3,df18ee41a2c3823aa12b63d0dd660d942cb6bf0fa61ec6b7a2e1a7c8d14e8616,48000,2,240000,5.000000000,-13.52,-2.08,-13.44,-9.48,,READY
0725.mp3,7f5186fc81d383cdd3cb6a44bd8bf52f01b1a20a5f31e241ca2500bd51c06e5a,48000,2,240000,5.000000000,-27.76,-14.63,-15.13,4.76,,READY
0726.mp3,67d42e393b39cc00e661b31e5baee23739d569c69147d0cc7ea92e04e885616a,44100,2,220500,5.000000000,-23.94,-10.94,-15.00,0.94,,READY
0727.mp3,40d302258e415a65312051d96ecb75a01b2b6e918070714b0734f77f0f92783e,48000,2,240000,5.000000000,-20.50,-6.63,-15.87,-2.50,,READY
0728.mp3,a5126f95c044c7ac377a88554f71ce7f23ef406ceb38c9711e76b33b4c9890ac,48000,2,240000,5.000000000,-21.17,-4.70,-18.47,-1.83,,READY
0729.mp3,3dca02b48f8fffe869b4129045c37649bb48ddb6bfcbb76879009fa6d85fb537,48000,2,240000,5.000000000,-12.32,-0.01,-14.31,-10.68,ATTENUATION_BELOW_-10_DB,READY
0730.mp3,7545150df2c680a85ca8c2d8fb3c7aab8a669113155908a1b15630a2f3545149,48000,2,240000,5.000000000,-17.34,-4.27,-15.07,-5.66,,READY
0731.mp3,d10addccea4d72013da60584ede9a2f2dccdbd2eed9ac82013024f0a43ed2ae1,48000,2,240000,5.000000000,-69.71,-55.40,-16.31,46.71,GAIN_ABOVE_+10_DB,READY
0732.mp3,a0a67b8c7a94d11c794274842c9d8812d4ae296a01efb2ba5182678a0b5779e0,48000,2,240000,5.000000000,-15.09,-2.23,-14.86,-7.91,,READY
0733.mp3,9a5d6cb4f84ecb0b6d3c720c2ac9cd68315d6711edb1fc1342f64c29a091aaad,48000,2,240000,5.000000000,-17.25,-5.84,-13.41,-5.75,,READY
0734.mp3,8c5b2f2864b8908f91fa7f235e2fbadcde94f21063df4c75f4d9cd1590cd521f,48000,2,240000,5.000000000,-20.82,-11.18,-11.64,-2.18,,READY
0735.mp3,c8bbd4df5c8ae1c70ea43a42461ae2fb8fdcddece0d016a8299aeb768045cc39,48000,2,240000,5.000000000,-27.00,-16.78,-12.22,4.00,,READY
0736.mp3,9ad3a94aaa8b9b69cf059934d5648e08bc9a0c9d1466ce4630e9ce73f4e8cfd1,48000,2,240000,5.000000000,-41.95,-27.58,-16.37,18.95,GAIN_ABOVE_+10_DB,READY
0737.mp3,7ff0b0797c24b93719665181eb6d6f823f46ee0da10089cfd1df5d1b0b11295e,48000,2,240000,5.000000000,-23.02,-8.94,-16.08,0.02,,READY
0738.mp3,5c9ea1e04cbe432adbe636982abbab1b4a2514ce004a749e23c1caef00f6d270,48000,2,240000,5.000000000,-21.99,-7.11,-16.88,-1.01,,READY
0739.mp3,49ee6748e20ff92614cb74290e165b58f612c489c81f81c55888ab065f4a350c,48000,2,240000,5.000000000,-11.33,-0.85,-12.48,-11.67,ATTENUATION_BELOW_-10_DB,READY
0740.mp3,d3ee93516040d6d5665fcbc823c6d30c82dff0be0bc2319eff1c82e3f66a2169,48000,2,240000,5.000000000,-23.60,-9.61,-15.99,0.60,,READY
0741.mp3,0a72835549a3220ee71d71ebc7b4d49e5e59f62a469e460eab9aafd2e2c7b821,48000,2,240000,5.000000000,-30.96,-16.79,-16.17,7.96,,READY
0742.mp3,04417100c13b6be2722d23ffb5034c5f11f8129d5630289e48d8350129eaaa94,48000,2,240000,5.000000000,-30.42,-14.64,-17.78,7.42,,READY
0743.mp3,b6c1ac1e332ab08526475ce143b3ab6a4992f2ec77bfb899f83672f86480a7ad,48000,2,240000,5.000000000,-42.30,-30.17,-14.13,19.30,GAIN_ABOVE_+10_DB,READY
0744.mp3,9777d9daf1033b9b2a306f1f86c134f66393827503d123b759cc887249c9bf6a,48000,2,240000,5.000000000,-26.86,-13.47,-15.39,3.86,,READY
0745.mp3,e9e3afd94e998a7e119aac72f1e4072fc76bc9c31947cf0a237344fa2ced960f,48000,2,240000,5.000000000,-32.63,-20.16,-14.47,9.63,,READY
0746.mp3,efbd1b770f73adcd6a63ce2f59432ad406c32e3afe87033d0bd12a7dd2c7a05c,48000,2,240000,5.000000000,-23.30,-11.57,-13.73,0.30,,READY
0747.mp3,f26b17acd4de40bb61dc8bdf75a83d438b2f819cc3693978d46d1a0c82d8bd1c,48000,2,240000,5.000000000,-26.20,-12.71,-15.49,3.20,,READY
0748.mp3,85fa133a642ecb56730eac5b590b3bca491c63e1bcfb08d50f2fb17682a7e503,48000,2,240000,5.000000000,-11.34,-0.44,-12.90,-11.66,ATTENUATION_BELOW_-10_DB,READY
0749.mp3,a30ac99c0fe128ca7f81024abefa15b00bb71810141c4631955c9704ffcdef14,48000,2,240000,5.000000000,-21.03,-9.15,-13.88,-1.97,,READY
0750.mp3,48d8123b64c4b27d9b1812dbb8fbd10b7bd90825e6f1cf278eb28815caeca392,48000,2,240000,5.000000000,-32.52,-17.09,-17.43,9.52,,READY
0751.mp3,bb449c9dffe5914d28ee1918cea18e3030a043d1c956a60a6872461b685ebd1c,48000,2,240000,5.000000000,-13.73,-2.06,-13.67,-9.27,,READY
0752.mp3,2875a543c0eb00ff2cc0472c7da96540fef80042f9d41bbdce625b829c482825,48000,2,240000,5.000000000,-17.00,-4.13,-14.87,-6.00,,READY
0753.mp3,af7780e34e51fa98b042a790c50ce8eac363397df48c53be837b4f1ca473b0aa,48000,2,240000,5.000000000,-47.36,-37.82,-11.54,24.36,GAIN_ABOVE_+10_DB,READY
0754.mp3,a8d19f61aaba6bd7408ee3ed2ed14547367f604d9fb4340d8e8e5fb4d06d6606,48000,2,240000,5.000000000,-37.19,-24.61,-14.58,14.19,GAIN_ABOVE_+10_DB,READY
0755.mp3,6e3b74434c6a1125103dfc8d86ebd7850a491428f655a01225f2341b0aa20483,48000,2,240000,5.000000000,-23.94,-12.95,-12.99,0.94,,READY
0756.mp3,6b1af4717bb69e46f8580d07736837aea374aa76d831a1b86837451e5eaf2f4c,48000,2,240000,5.000000000,-27.19,-16.80,-12.39,4.19,,READY
0757.mp3,8d3ca9fe1e3f3448c0c5e45887b7aa8ce36c06697d24bd527d01ece0cd6ec35f,48000,2,240000,5.000000000,-32.29,-20.82,-13.47,9.29,,READY
0758.mp3,7006ad1d369d254e23767ddcebcb679777f259724aee2a26648550a6680553cd,48000,2,240000,5.000000000,-32.70,-23.01,-11.69,9.70,,READY
0759.mp3,30eb8b3a8d686b2e913a9ae1eb38563f4e50ea67d320f46b0c1ec0129cc2726a,48000,2,240000,5.000000000,-29.07,-17.53,-13.54,6.07,,READY
0760.mp3,c4f6ad77e1cc366340b4e6f439f0ffd548240b2c16041abd1da8907dc96421f8,48000,2,240000,5.000000000,-18.30,-5.52,-14.78,-4.70,,READY
0761.mp3,f0160cf4890d2c1e16818067cb544f3a7407cbae8d165a595f819a21e221cbb7,48000,2,240000,5.000000000,-37.46,-24.81,-14.65,14.46,GAIN_ABOVE_+10_DB,READY
0762.mp3,1106434dfa5cfa6f25a6efaffbb381605a8d53fe76f8bcbe93c0e311a2d5277b,44100,2,220500,5.000000000,-36.67,-27.35,-11.32,13.67,GAIN_ABOVE_+10_DB,READY
0763.mp3,ff53ff33fdfe662fefb856272351982cd0ec9432b61b6e59d9c93ac8b264b1ce,48000,2,240000,5.000000000,-20.47,-8.36,-14.11,-2.53,,READY
0764.mp3,86870d56c581ccca44e29d9d5ed038d738b0ab8237fb7f5a2a9723bb131a3dba,48000,2,240000,5.000000000,-20.35,-6.77,-15.58,-2.65,,READY
0765.mp3,7e3f0e15d6efcd263e3944d810f7fb23e0d4134ba1238bbac484f55c4e749b61,48000,2,240000,5.000000000,-23.91,-8.23,-17.68,0.91,,READY
0766.mp3,356f3b954f6f116bc0380a3254d425e6b703fd5110f9ed1ea4beda324c965f0e,48000,2,240000,5.000000000,-26.78,-6.73,-22.05,3.78,,READY
0767.mp3,f034888bc3ee6e653c3952ef4355b7371cb4d5151556e2c4c1d64f9f0a20d6a4,48000,2,240000,5.000000000,-19.63,-8.35,-13.28,-3.37,,READY
0768.mp3,5cf0083b1e19af967a1e042ce869b1b901b8dff396802a8d4cc9d48789469870,48000,2,240000,5.000000000,-23.50,-13.20,-12.30,0.50,,READY
0769.mp3,be15d226850a35ac0f43f96ade5767899774d24256f4335d547bd23e9c3fa709,48000,2,240000,5.000000000,-21.93,-8.77,-15.16,-1.07,,READY
0770.mp3,1e4b21087fff5dbcf6b2316fbb765e6fa3af433e04e90e53ea17f9926adb9232,44100,2,220500,5.000000000,-29.43,-14.20,-17.23,6.43,,READY
0771.mp3,7b8d6f098f44a21c1c9f945681aea3dd0138d8aa13f1771e070358738073a047,48000,2,240000,5.000000000,-29.49,-21.99,-9.50,6.49,,READY
0772.mp3,f29517c6d779088e21ca722d870678385b04611ff3030a2f8ddb8e0d75f36459,48000,2,240000,5.000000000,-26.13,-6.57,-21.56,3.13,,READY
0773.mp3,953b61955b755fdaf84764437dc8d9bb106f18f04001aeebeabf225cb43ef846,48000,2,240000,5.000000000,-34.61,-24.00,-12.61,11.61,GAIN_ABOVE_+10_DB,READY
0774.mp3,b48e287ae798abf3e2beccde18624274985804beb3149be67a493113c54eec70,48000,2,240000,5.000000000,-18.67,-8.02,-12.65,-4.33,,READY
0775.mp3,ae6a38cc702ec25e0c0a2fe181c9b39e6d3d6485770d10b1897e57053a9ec02c,48000,2,240000,5.000000000,-49.78,-37.84,-13.94,26.78,GAIN_ABOVE_+10_DB,READY
0776.mp3,0e28f59af4276062f093e5eba242b4ada634685beb0811725287f9358fc3b402,48000,2,240000,5.000000000,-28.47,-12.21,-18.26,5.47,,READY
0777.mp3,3b0e45aefa1747f82247d94bd0f7999870ed6bfe298d64902789ca34d26f4d01,48000,2,240000,5.000000000,-43.98,-31.50,-14.48,20.98,GAIN_ABOVE_+10_DB,READY
0778.mp3,69df463e0156213c974e4b2359d5b15bdbc47af83226364e2d7d4f843ced5641,48000,2,240000,5.000000000,-30.56,-16.93,-15.63,7.56,,READY
0779.mp3,08bdaba21d17c94b801475762d7e714c373a59262a791e1500fcb052a4d5af9a,48000,2,240000,5.000000000,-16.38,-3.27,-15.11,-6.62,,READY
0780.mp3,9457e6b8c018594754e20578430f6e07b380b016aeae69ab8a3aa96e2976ea4f,48000,2,240000,5.000000000,-26.68,-17.33,-11.35,3.68,,READY
0781.mp3,3f64611f9482815d6a6d511ba64412ccec61a90df05b1297f4304abdfdd3d77d,48000,2,240000,5.000000000,-18.76,-4.53,-16.23,-4.24,,READY
0782.mp3,7185831834f81a7da44fba6f2c3a2c97fced2e38e6cd504af1155e6cb3177733,48000,2,240000,5.000000000,-25.17,-14.16,-13.01,2.17,,READY
0783.mp3,0a0113d1c46a384f50b26114e55fb3e69a2edaa1430b9c63a8662e946877194c,48000,2,240000,5.000000000,-19.61,-3.32,-18.29,-3.39,,READY
0784.mp3,981d9de275b4815f66647231bde8ef7d901f063cdbac63a1f32816a58c152007,44100,2,220500,5.000000000,-42.00,-30.63,-13.37,19.00,GAIN_ABOVE_+10_DB,READY
0785.mp3,c7175323aef1f44217365222490e92f79d7d1fbf2452591772dfaabebafd4ac6,44100,2,220500,5.000000000,-26.51,-7.77,-20.74,3.51,,READY
0786.mp3,638726cd941a0c58cb184946d3fc1529330f89e63a0b2a7d951b85dfe71d5db1,48000,2,240000,5.000000000,-19.79,-5.07,-16.72,-3.21,,READY
0787.mp3,c7cc53ff1783f97d58bd87596d9063a2b488686fddc0280e4408a688824ba5eb,48000,2,240000,5.000000000,-15.43,-3.03,-14.40,-7.57,,READY
0788.mp3,14f1aee0d5deb6defa9097fee5c3eb3111c29d95d98c100c1bb9987c90b99987,48000,2,240000,5.000000000,-41.08,-26.48,-16.60,18.08,GAIN_ABOVE_+10_DB,READY
0789.mp3,960cb7ad191dd8d73b40bc02cefaa8b3738b30e5821491b25e25ce5e410ac1df,48000,2,240000,5.000000000,-29.19,-13.64,-17.55,6.19,,READY
0790.mp3,9998552fbc9942314b9d76b5c2001696bc1f0e552d32c0970a29f52fa00beb02,48000,2,240000,5.000000000,-33.11,-20.92,-14.19,10.11,GAIN_ABOVE_+10_DB,READY
0791.mp3,e7794d0fa22ca2f8d3dfa8d69fa5a5ffe99d20b9aa4738dc87b78967ada16e7d,44100,2,220500,5.000000000,-41.95,-30.79,-13.16,18.95,GAIN_ABOVE_+10_DB,READY
0792.mp3,5926c797a89042dd4648d6867df2cd9b8b16b909544302b30cbb35369094e4b3,48000,2,240000,5.000000000,-22.44,-8.67,-15.77,-0.56,,READY
0793.mp3,2fe0523413ad52198f740b7a92d10641e586aa5b20c97c1e92e3afad6229ff79,48000,2,240000,5.000000000,-10.84,0.10,-12.94,-12.16,ATTENUATION_BELOW_-10_DB,READY
0794.mp3,b29c0da8ab7fc9611bce9593518ae4963a4223f39620c83b12209ff1baeee419,48000,2,240000,5.000000000,-17.80,-7.71,-12.09,-5.20,,READY
0795.mp3,826832fc4cb5196c11362302376b952ded91eebddd78acae3e4b780d4a07691f,48000,2,240000,5.000000000,-42.58,-29.62,-14.96,19.58,GAIN_ABOVE_+10_DB,READY
0796.mp3,c96bf050ebaaed4b64900d955ee6e8d619f0fa88279f6e5b4b7701aaff9ca0fe,48000,2,240000,5.000000000,-50.45,-38.42,-14.03,27.45,GAIN_ABOVE_+10_DB,READY
0797.mp3,9390c21749683a3d54a137f9b790f37e7996be05540840d861e25478228eac10,48000,2,240000,5.000000000,-29.58,-9.85,-21.73,6.58,,READY
0798.mp3,5d8d45df3cf336ab363bac82f21528e76d1b75bdb7fbb74e04e934d6c5848305,44100,2,220500,5.000000000,-36.00,-23.39,-14.61,13.00,GAIN_ABOVE_+10_DB,READY
0799.mp3,8885e154803499e0ddd7fe20d66daa2d363941410bee7b3a299ce30433cf918d,48000,2,240000,5.000000000,-31.75,-17.99,-15.76,8.75,,READY
0800.mp3,3e420ce03b59750eade94922c40ee45119c20ef9d492acac1c1630e4eca3b068,48000,2,240000,5.000000000,-20.30,-8.29,-14.01,-2.70,,READY
0801.mp3,d4f4ce2cd117e42c83ff87955adfc5f7460a83e5d1f939c2d81380bb9d49c58f,48000,2,240000,5.000000000,-31.57,-11.03,-22.54,8.57,,READY
0802.mp3,ae64237c86480b06c45d75085f38b613912c1700bf37ede6de67da6c692bde32,48000,2,240000,5.000000000,-28.50,-14.87,-15.63,5.50,,READY
0803.mp3,50e76d482619a8c1f21394902c57bce09f41ad9d926234ed7d8c22b7e31a0fb4,48000,2,240000,5.000000000,-31.77,-14.02,-19.75,8.77,,READY
0804.mp3,3770287a9a89aff0e0a7b3f387343d8b7794959c0b74a2254e689d0ee58f3520,48000,2,240000,5.000000000,-20.99,-9.76,-13.23,-2.01,,READY
0805.mp3,c26f389cc652f09b4dae38d78054b88464ef671ae3713ea88d7fb3a300833be1,48000,2,240000,5.000000000,-35.12,-25.02,-12.10,12.12,GAIN_ABOVE_+10_DB,READY
0806.mp3,e21299e732522b6da0988dad3e65e6e9dbff3bf6b76b68e984da8a2434fdc1c4,48000,2,240000,5.000000000,-31.44,-20.11,-13.33,8.44,,READY
0807.mp3,33e1d7f1b6fa3975d1846d87936b3420edd113078d06eac1af6eda7426c4dc56,48000,2,240000,5.000000000,-23.18,-11.94,-13.24,0.18,,READY
0808.mp3,333e59eada8c865d2a6f61350caf9ae0208edeb1e133ea1ae4e9b01c7f2d06da,48000,2,240000,5.000000000,-40.91,-21.43,-21.48,17.91,GAIN_ABOVE_+10_DB,READY
0809.mp3,c76905b2707e47d068912b9b9cd412c331bdbffdb369fe36e53b84ec66478a4e,48000,2,240000,5.000000000,-31.07,-14.73,-18.34,8.07,,READY
0810.mp3,4448594659850eab7fd3b26efbe0432f5e6869a903727ff10e346235cf473577,48000,2,240000,5.000000000,-35.04,-23.35,-13.69,12.04,GAIN_ABOVE_+10_DB,READY
0811.mp3,4ddabac73f1c60b3e1cc7449d5238b60610b2e1cd29456cfae839e9fb80b4aa7,48000,2,240000,5.000000000,-42.49,-25.57,-18.92,19.49,GAIN_ABOVE_+10_DB,READY
0812.mp3,723ed88bde8f1092efca5ed0e10a81f1b26c8478d7621e042783ea4033429735,48000,2,240000,5.000000000,-17.95,-6.94,-13.01,-5.05,,READY
0813.mp3,1a14878eb25479d88ace3ea13e0ca021bc13901ccd1785068db8bb5ac7b416a7,48000,2,240000,5.000000000,-20.75,-5.94,-16.81,-2.25,,READY
0814.mp3,55eaa63ff2135b27f823a08670e87c010c03e71c03eb0f4a3bf6cf31ed5a105d,48000,2,240000,5.000000000,-28.30,-14.09,-16.21,5.30,,READY
0815.mp3,8cd081036c9bcbd013ca1f37ed1b955d0c4a7d98a200920b06feae0b27966b20,48000,2,240000,5.000000000,-18.87,-7.38,-13.49,-4.13,,READY
0816.mp3,a25f8758a5f4362257849590633ee21afe3415081eaeb24a4b33903c406885b6,48000,2,240000,5.000000000,-13.64,0.88,-16.52,-9.36,,READY
0817.mp3,cd4936c7059d68c66f8ff4cf7c18b6a12757180e63b7e042ec0d4d16e9743d09,44100,2,220500,5.000000000,-20.03,-6.28,-15.75,-2.97,,READY
0818.mp3,bed3d7ba506b0950c09ce20eb44dcad8e1d587a2e516182cf3f921cbbf5c7f97,44100,2,220500,5.000000000,-20.95,-6.44,-16.51,-2.05,,READY
0819.mp3,6ffc89637a58e28334725b0ad029877149c8a952653caa4a18472994927217bb,48000,2,240000,5.000000000,-11.78,-0.43,-13.35,-11.22,ATTENUATION_BELOW_-10_DB,READY
0820.mp3,e712269925dcbd9a86b0d83c35c8d63d4a63615fe1221799a4e308a662f9535e,44100,2,220500,5.000000000,-37.29,-28.72,-10.57,14.29,GAIN_ABOVE_+10_DB,READY
0821.mp3,5c31beea493a57470311c861697d9abd93b7d23537c2b3cb1fe252402244edcf,48000,2,240000,5.000000000,-23.28,-10.46,-14.82,0.28,,READY
0822.mp3,2176758769ce68bad30733b53699fa068efa34f5e3bc7e7adc5ce29d545c4914,48000,2,240000,5.000000000,-34.42,-20.68,-15.74,11.42,GAIN_ABOVE_+10_DB,READY
0823.mp3,d5a1bd3a4e579df8190069997858fa056a7daefdcc442862099af32dc8e03b51,48000,2,240000,5.000000000,-26.12,-15.69,-12.43,3.12,,READY
0824.mp3,99b3588118af0029983f71e6b6f7372099ec5c6b8b47169f62a4a4bfd4efc07a,48000,2,240000,5.000000000,-21.47,-8.21,-15.26,-1.53,,READY
0825.mp3,c9c92504870554a3d6e3a635eeb0e51e0e2ccf755a064edecee6da8f73050679,48000,2,240000,5.000000000,-18.31,-6.30,-14.01,-4.69,,READY
0826.mp3,dcf120829736960c65264e337409cf07e49d8e6b6f2bf5291e224e898f815f67,48000,2,240000,5.000000000,-20.09,-5.08,-17.01,-2.91,,READY
0827.mp3,88a275d0c35c161027179041f2000707ee1a3e65e60003e07c788d90eb4c790e,48000,2,240000,5.000000000,-14.85,-2.53,-14.32,-8.15,,READY
0828.mp3,b5bf228298c7ee92de6fbbf88aa48cee5afca974886c4e872938d9ab5aa2f41a,48000,2,240000,5.000000000,-66.30,-52.47,-15.83,43.30,GAIN_ABOVE_+10_DB,READY
0829.mp3,406b00a610674652807762e835b9db8e27cf18d1b2b7a8f4c9daa869ad52865e,48000,2,240000,5.000000000,-35.42,-13.96,-23.46,12.42,GAIN_ABOVE_+10_DB,READY
0830.mp3,e552c57bb2909388d3db3d622dc01699c9139320fd56cb694d28c77ef93f50ac,48000,2,240000,5.000000000,-13.75,-5.10,-10.65,-9.25,,READY
0831.mp3,d7981db9c10058432d649bf20f6fb4b734695a0fc3f0a5c419cca6353f14bc40,48000,2,240000,5.000000000,-32.69,-15.61,-19.08,9.69,,READY
0832.mp3,7194266ece82ee146dc127e163891bb5cf1663458c0bad104d4090fd59569aac,48000,2,240000,5.000000000,-17.76,-7.56,-12.20,-5.24,,READY
0833.mp3,5d0b330a18ce9dbe1b88da138b0a93ea198c73215420507b1485d8561536eca5,48000,2,240000,5.000000000,-25.61,-12.13,-15.48,2.61,,READY
0834.mp3,09c9a92946e39b52887ac82f7704aaacb5d45bfc88a7a11ad32d66179d51b84b,48000,2,240000,5.000000000,-33.04,-17.90,-17.14,10.04,GAIN_ABOVE_+10_DB,READY
0835.mp3,6c6cfb1b1c88b862248cd82ea88908895a0a44f7caf30c3b72ca6abc2c447222,48000,2,240000,5.000000000,-43.63,-24.54,-21.09,20.63,GAIN_ABOVE_+10_DB,READY
0836.mp3,68c34bd2419a6777757fb5fa13877d297b19945f4cc83542d9c4afcea2ae1714,48000,2,240000,5.000000000,-24.42,-8.75,-17.67,1.42,,READY
0837.mp3,a60c83f45b053ac44a1d032fd8d19690345809be5d7c66c2756a8a5edb7ae0ee,48000,2,240000,5.000000000,-41.53,-28.27,-15.26,18.53,GAIN_ABOVE_+10_DB,READY
0838.mp3,ef5f7ce45480894ba0c6d3676e41a8ae5ce2ce9108f65a697b11d20ef32fdfb9,48000,2,240000,5.000000000,-19.34,-7.96,-13.38,-3.66,,READY
0839.mp3,eb854ad987cdc8adfe3be9cd7fb787bb9c7b6c22dba081561e733e235f893d7e,44100,2,220500,5.000000000,-25.87,-3.32,-24.55,2.87,,READY
0840.mp3,331e54ea49ee478de6c1e24f090d1dbe5cf60e7d35cbe2ca6120409fd5a50f3e,44100,2,220500,5.000000000,-40.50,-29.31,-13.19,17.50,GAIN_ABOVE_+10_DB,READY
0841.mp3,761a4e6b737680ef214dedd1fe9a219aef2ab0aa07bab1443f17b9e364be7423,48000,2,240000,5.000000000,-29.54,-16.60,-14.94,6.54,,READY
0842.mp3,30a3f4c784fbfebb881a61445e88058e6563594fe99217841f218696e500c932,48000,2,240000,5.000000000,-12.84,-3.10,-11.74,-10.16,ATTENUATION_BELOW_-10_DB,READY
0843.mp3,7388ba91ac27c4c1cdcc4ecb8b498dbd3adf89de3d13eff630ca7e56b1390d9f,48000,2,240000,5.000000000,-21.99,-9.90,-14.09,-1.01,,READY
0844.mp3,2503958cabf24b9ae2156264ddffb3e7718462bca65caeb98b227789d2e600d1,48000,2,240000,5.000000000,-32.25,-17.52,-16.73,9.25,,READY
0845.mp3,f3eaca6b8b25f822bb970075cb24d1f645cd356da965bba6cc2760d2d5bf4d61,48000,2,240000,5.000000000,-23.81,-7.45,-18.36,0.81,,READY
0846.mp3,5cf0aca14d3be8cb61db6d7c678620910f4eb968f5dbed11acb98434ff2e6732,48000,2,240000,5.000000000,-20.04,-5.65,-16.39,-2.96,,READY
0847.mp3,ab2334247a3b65d2024c35caf7b7ccbe3a2a6f7f7452b6be725628e24633156a,48000,2,240000,5.000000000,-26.57,-17.19,-11.38,3.57,,READY
0848.mp3,857c68304dbab46311738072b5b91ff0eb38c589afa9dc99903366dae18c1d60,48000,2,240000,5.000000000,-15.72,-2.52,-15.20,-7.28,,READY
0849.mp3,0d2d51f4325f9186b6d5c1708d3a0783360c9d83f98da3157eaeef31c191c407,48000,2,240000,5.000000000,-41.42,-24.87,-18.55,18.42,GAIN_ABOVE_+10_DB,READY
0850.mp3,0564176cd0b944177a97bee3eb67b4fb999702150064b4a18c26f8196747dc4b,48000,2,240000,5.000000000,-19.23,-6.70,-14.53,-3.77,,READY
0851.mp3,85d3d38f0fc387ff0ae54efa147bbbca330b779f170b180c7b8a1eb53794f00d,48000,2,240000,5.000000000,-30.57,-17.74,-14.83,7.57,,READY
0852.mp3,232334c0f151acacfe2312b7fa34358fa1558780b9cae02b266f0fe2c194254e,48000,2,240000,5.000000000,-28.78,-15.65,-15.13,5.78,,READY
0853.mp3,987a817308257fa25a79811b0767232b53daad325d60d2e868f7206a83b77212,48000,2,240000,5.000000000,-30.21,-17.53,-14.68,7.21,,READY
0854.mp3,404b56c377610267e012f1644ecdfcf1ed1a7b1197d7c8fc8c97b931175d8b40,48000,2,240000,5.000000000,-31.86,-17.08,-16.78,8.86,,READY
0855.mp3,8dd397947dfa1cdaf4478de88bd5e0a793cbc97b973531e57915ed3730546327,48000,2,240000,5.000000000,-20.92,-5.79,-17.13,-2.08,,READY
0856.mp3,f7260af1afee9f3af8b0b995c75db1889121e33ad8ad0c73fe232cde8dbe60f0,48000,2,240000,5.000000000,-34.88,-19.54,-17.34,11.88,GAIN_ABOVE_+10_DB,READY
0857.mp3,51933749a49c19aea7c9d4358fc3a662a841f39fba7976ae2d13541af9c6eeea,48000,2,240000,5.000000000,-30.04,-18.59,-13.45,7.04,,READY
0858.mp3,8a2886ab74d66f526848dfe5e6b0e9d85eb5bcbefe431bec2ffd315347b01516,48000,2,240000,5.000000000,-19.97,-11.56,-10.41,-3.03,,READY
0859.mp3,d29fdae7ff223f70666d9fd46b88a2664245fc35308914247f946f46cd7fdc6d,44100,2,220500,5.000000000,-26.11,-12.84,-15.27,3.11,,READY
0860.mp3,0af12624875386fad71d3cbae1c2713cd2d077e9f51a497f7f128a25c168dd55,44100,2,220500,5.000000000,-25.60,-8.46,-19.14,2.60,,READY
0861.mp3,bf9a36cd42e2d483bca7ee52ef19c8496c1ce28e81a025458e8848ccd81f92c2,44100,2,220500,5.000000000,-54.80,-38.71,-18.09,31.80,GAIN_ABOVE_+10_DB,READY
0862.mp3,3643c98ecd2a812380d0a613fc21f7bcfe0d2d30075591efa838663ca63bda67,48000,2,240000,5.000000000,-21.69,-9.70,-13.99,-1.31,,READY
0863.mp3,ea38a424268a48d0d4b70bf7547c16ba42bec69585bf1214884c014c1532516d,48000,2,240000,5.000000000,-21.98,-10.53,-13.45,-1.02,,READY
0864.mp3,4d12ef8b4ee5491f8f62451b02f07e15f31fd8cf41208ce2dd5541022762b0ed,48000,2,240000,5.000000000,-25.04,-9.98,-17.06,2.04,,READY
0865.mp3,0d4e7f2b905075c7892922437cb29cf59b5f8c90483f542a41955b323f57ec36,48000,2,240000,5.000000000,-25.23,-15.94,-11.29,2.23,,READY
0866.mp3,71ec9ee4248f4641e2a9b991d06d99598eccbcf86bbbe8c0af197ebe5e93992b,48000,2,240000,5.000000000,-19.41,-6.23,-15.18,-3.59,,READY
0867.mp3,8c350a8de399ffef7b7652442f0f1ef63b96688ef300af1717144e38994f0677,44100,2,220500,5.000000000,-15.72,-3.31,-14.41,-7.28,,READY
0868.mp3,e36e8cdc5c3de8d26a4db5eff27b2d3577480151af1e5d76ed7b183dc053a8ee,44100,2,220500,5.000000000,-17.58,-7.05,-12.53,-5.42,,READY
0869.mp3,068f10de4eef7c9a6109d4049f88eca59b84f7aa95563c2dd07e802113cf7ed6,48000,2,240000,5.000000000,-20.78,-5.39,-17.39,-2.22,,READY
0870.mp3,fdf058e89f4912d4af3797c3c47251f89eea22483e537c8bd2e9d3dcab37a058,48000,2,240000,5.000000000,-12.75,0.03,-14.78,-10.25,ATTENUATION_BELOW_-10_DB,READY
0871.mp3,713114b5394120d0d4f8b8b6eef171929298c80017db784fc5332983cd43e016,48000,2,240000,5.000000000,-19.77,-7.84,-13.93,-3.23,,READY
0872.mp3,6a04f76d2b9ba26cf6779dbbeb064759927ed72813bc25e970b6247c11751ef0,48000,2,240000,5.000000000,-22.87,-12.31,-12.56,-0.13,,READY
0873.mp3,6a2e0395242805a22152b7e29f00a6476516b48e2678c0e31f7949f9dd235c16,48000,2,240000,5.000000000,-18.63,-7.31,-13.32,-4.37,,READY
0874.mp3,ff71662ca2bede4e09d95de5a40abdd723d2acf082b67bc0609b08dc58a6f466,48000,2,240000,5.000000000,-29.97,-17.47,-14.50,6.97,,READY
0875.mp3,47a5d2aabc23524bee5dab75c2c2f93eb3c2323477d2191d602639c0e2748f8a,48000,2,240000,5.000000000,-19.42,-3.04,-18.38,-3.58,,READY
0876.mp3,f1e7f9aefe517b32d3185f3e6ae3fb373babb93b7256bed69223b7807e5ec3d7,48000,2,240000,5.000000000,-19.35,-8.79,-12.56,-3.65,,READY
0877.mp3,64057dfbfbd3bc7d9d1fe1cdbc14e67b6fd6a080b46fc0e6bd9db05c5abbb3c2,48000,2,240000,5.000000000,-43.98,-25.66,-20.32,20.98,GAIN_ABOVE_+10_DB,READY
0878.mp3,dce6ac46879269541fb1cd8b7e57599c585aa8453d1d91138c69c9e08c863d6a,48000,2,240000,5.000000000,-32.48,-8.37,-26.11,9.48,,READY
0879.mp3,e1a243244ccbacaee14366196979456cb00a8b03a920b27b00d3f1c3c7a21c0f,48000,2,240000,5.000000000,-20.77,-7.56,-15.21,-2.23,,READY
0880.mp3,d80b37796ce7a60d4c6c5a0a54f2c766d41d296633b758a22658a1bcd895d1f9,48000,2,240000,5.000000000,-16.31,-5.42,-12.89,-6.69,,READY
0881.mp3,49815b282966996c9530ead3edccd8dd77f300e7b13516df821df41035c8842c,48000,2,240000,5.000000000,-18.38,-0.59,-19.79,-4.62,,READY
0882.mp3,83fb4c1004bc01e7bb72ac76a6d3b95bd280c0b88cdfc733253e9bdd0699a211,48000,2,240000,5.000000000,-27.19,-13.92,-15.27,4.19,,READY
0883.mp3,356b18bf3e228e4dbd51940c58824fbb4b8f67dbee6f35c44424b5520548d34d,48000,2,240000,5.000000000,-26.30,-13.10,-15.20,3.30,,READY
0884.mp3,cf656a4d1712e23727cbac60ceadc6f781bf0627fc8d386afb36461793d8d9b3,48000,2,240000,5.000000000,-50.28,-37.65,-14.63,27.28,GAIN_ABOVE_+10_DB,READY
0885.mp3,84e89454dffe9edfc8567dbc924c89ea3e2317fe61db60b34910f4d5faced0e9,48000,2,240000,5.000000000,-43.80,-24.84,-20.96,20.80,GAIN_ABOVE_+10_DB,READY
0886.mp3,c92814b71d168008997997006a3bb66598bb0a8d72868ab463468d187d1d42d2,48000,2,240000,5.000000000,-26.44,-16.52,-11.92,3.44,,READY
0887.mp3,d5184f64183dac2ec0a7ffa7a8f3156907b9464a354a44bb3668b75c588b2476,44100,2,220500,5.000000000,-23.72,-11.35,-14.37,0.72,,READY
0888.mp3,f3d7250e283c05c3e4d0d9ed3d5767005e271d66a3e5b36e11bcbae8641156b9,48000,2,240000,5.000000000,-23.32,-7.02,-18.30,0.32,,READY
0889.mp3,f2db845eddadb7ab515e42b6122a6e73236c3897e7e5f90e956814be8cf6dc42,48000,2,240000,5.000000000,-64.16,-53.44,-12.72,41.16,GAIN_ABOVE_+10_DB,READY
0890.mp3,686c84fe2fbe6bb93964ef197e55545ca0371099b55e0fc4d9762ea005f38e01,48000,2,240000,5.000000000,-30.82,-17.46,-15.36,7.82,,READY
0891.mp3,240db0126546581ac95a29a9bce4f59884a018d5665824f0162472667dc34f9c,48000,2,240000,5.000000000,-13.46,-3.65,-11.81,-9.54,,READY
0892.mp3,103ebea708cb7844ef4938840bfa3dfd67714afff8ddbc8d1197bae4435227e8,48000,2,240000,5.000000000,-36.07,-18.75,-19.32,13.07,GAIN_ABOVE_+10_DB,READY
0893.mp3,b53496acdf7e8122f0354c986bb68b88873f30c48f4d6e1c07b69b2007b9059d,48000,2,240000,5.000000000,-21.18,-8.79,-14.39,-1.82,,READY
0894.mp3,50b0a965d9bce4a58a9429575ff765ad3d60da37d342e488ee73394f0276b8b2,48000,2,240000,5.000000000,-14.01,-1.92,-14.09,-8.99,,READY
0895.mp3,d5adde44d655651a7e29461ef1c4ce1afee3b6135e0502e4695ef9c2c421e6ac,44100,2,220500,5.000000000,-33.13,-19.91,-15.22,10.13,GAIN_ABOVE_+10_DB,READY
0896.mp3,9ec009158fa718b548d4466bd185eab94ca686583e3024cc87f8b90387de822a,48000,2,240000,5.000000000,-29.51,-15.00,-16.51,6.51,,READY
0897.mp3,27b80a41ed8d94e5b9ebdf0bedddd67a57820d6bb7cda5173c8927eb293a899e,44100,2,220500,5.000000000,-54.65,-43.77,-12.88,31.65,GAIN_ABOVE_+10_DB,READY
0898.mp3,cc53a70590401b02c205ec3305330b485e830e475d3799f241bfc67c20d8e326,48000,2,240000,5.000000000,-44.13,-29.86,-16.27,21.13,GAIN_ABOVE_+10_DB,READY
0899.mp3,6b54f097a12fd1927f9f38614af37174ef49ed3556070c94bce6606c88b00d37,48000,2,240000,5.000000000,-20.40,-6.42,-15.98,-2.60,,READY
0900.mp3,6a6e91b389b5a454e8ca088d62f23ab7c65dce277bdcb55a594bf7ea2b147583,48000,2,240000,5.000000000,-29.61,-15.41,-16.20,6.61,,READY
0901.mp3,8f04b3ec19e78cf5d47a4379218c2dabcb478609e0002072315e9af7cba793de,48000,2,240000,5.000000000,-20.70,-6.44,-16.26,-2.30,,READY
0902.mp3,f7a423a18588d5430542da7011e9f2b9caea098fde1397a82a8257f320e2df53,48000,2,240000,5.000000000,-18.79,-4.66,-16.13,-4.21,,READY
0903.mp3,666daf304627b955a69d8cd9555c2a03bdb6ff6cd888544cc54b89eb4d256f4c,48000,2,240000,5.000000000,-16.39,-4.26,-14.13,-6.61,,READY
0904.mp3,62b9cbff66353fe8c151e85db6126a1720b2a89f64debccbacf1775bdca31cde,44100,2,220500,5.000000000,-24.87,-11.41,-15.46,1.87,,READY
0905.mp3,94fd7bb5a848bf944b4056f38652281091ca7c38ebef1b02f0f11e3a439b6247,48000,2,240000,5.000000000,-42.89,-28.96,-15.93,19.89,GAIN_ABOVE_+10_DB,READY
0906.mp3,7a22dad8f60da1bee8317cb6855a59a84b1e97e4e1220a57727b70a784970a9a,48000,2,240000,5.000000000,-15.24,-3.20,-14.04,-7.76,,READY
0907.mp3,a6c66c0330a7cd34db42e7bbee4a1913a87024452eed207be6079665e7106202,48000,2,240000,5.000000000,-20.93,-10.12,-12.81,-2.07,,READY
0908.mp3,ef2772ce7b48e00dde02aba21cd7db1be809b6ad6f165ea01b0b50b46e8d45b7,48000,2,240000,5.000000000,-14.88,-3.17,-13.71,-8.12,,READY
0909.mp3,4d19ac1075ead29c90439bf42c9d36f06a79eb7d10b083f3dd2344981bfb79ac,48000,2,240000,5.000000000,-46.08,-31.37,-16.71,23.08,GAIN_ABOVE_+10_DB,READY
0910.mp3,12210cbc8e7206cee1f437128d2b04d1577c022a73dac94128302d9d4eb18788,48000,2,240000,5.000000000,-24.34,-10.91,-15.43,1.34,,READY
0911.mp3,ccdc4522c8c9e802321f77e646387fb2ce9341412ece700c2f7e5455494867ab,48000,2,240000,5.000000000,-22.43,-9.36,-15.07,-0.57,,READY
0912.mp3,7e051e6b4244dca2ad42f85ee6652839ecb900449ea7089632009ac8e35e15a3,48000,2,240000,5.000000000,-29.91,-19.78,-12.13,6.91,,READY
0913.mp3,41c1641f55ce86453f99bf5713887cff68dedccfea4cbd4121992d0a58df0da6,48000,2,240000,5.000000000,-17.01,-3.91,-15.10,-5.99,,READY
0914.mp3,eec3f9d0a59049167b569ffdf2f4dd40958a48cafc87d7c384a3bc31c0347418,48000,2,240000,5.000000000,-54.13,-31.87,-24.26,31.13,GAIN_ABOVE_+10_DB,READY
0915.mp3,1929d17c8acbf71fdaf61b0baf5a7cc04eb1174e73680c9b5a6ee21212be9ec8,48000,2,240000,5.000000000,-19.98,-9.43,-12.55,-3.02,,READY
0916.mp3,91ff3fb0cbf7e04e3344f72f7d318ae18d450d23cd42af1218f89a9b95bb840b,48000,2,240000,5.000000000,-21.57,-8.47,-15.10,-1.43,,READY
0917.mp3,4e3fdac528e7fcde5703432770253d66d9b8f99e6d62c78807735454f3466c33,48000,2,240000,5.000000000,-21.23,-2.87,-20.36,-1.77,,READY
0918.mp3,8d42498a0f1b5152bd7713045210d9cd99910d6aec7fca546603b7c589d54761,48000,2,240000,5.000000000,-17.66,-7.42,-12.24,-5.34,,READY
0919.mp3,0cb74d57df7b9fe1d981623328ede84fee0f6459e9a9d4b06a238ea8d7d00bda,48000,2,240000,5.000000000,-20.35,-4.80,-17.55,-2.65,,READY
0920.mp3,e40155b7c7049c50a05d843c321d1e8ca44e514fc1eba21c5e6a973d1c743be2,48000,2,240000,5.000000000,-23.52,-5.83,-19.69,0.52,,READY
0921.mp3,ed10c8704be2fa969c121fd9e62a225c0aef5ec0350a6a6f43c1f02946cf678e,44100,2,220500,5.000000000,-30.33,-27.17,-5.16,7.33,,READY
0922.mp3,0226f568cc83aeba27155107e6808188300eca02fc5c48621305c6544ec42559,48000,2,240000,5.000000000,-19.66,-5.44,-16.22,-3.34,,READY
0923.mp3,d403a83a4faa714e7ad4117473b93a88e57a39615c9ba31bc69532e883faf854,48000,2,240000,5.000000000,-25.23,-13.64,-13.59,2.23,,READY
0924.mp3,503cdd0e99cb0b76e54755761981271f6448a146ba929232c67b9c8d062784e1,48000,2,240000,5.000000000,-32.71,-15.62,-19.09,9.71,,READY
0925.mp3,4f4ad3384411a884ebf08cf58702ad7703a523be860956d049803f294222ef30,48000,2,240000,5.000000000,-26.13,-11.64,-16.49,3.13,,READY
0926.mp3,709f558b568aac89f668b44f1f85c1c802c84e52fd9a456185ffe59261d8cf83,48000,2,240000,5.000000000,-17.56,-1.81,-17.75,-5.44,,READY
0927.mp3,3a12089b5ba2950e0794496229ac74c102a48fd957b6df26992de19f3f2d63fc,48000,2,240000,5.000000000,-13.56,-0.48,-15.08,-9.44,,READY
0928.mp3,951a900790d9b7167173c421294e103b77372a1e14543bc66dc282d0defd62ca,48000,2,240000,5.000000000,-30.69,-14.48,-18.21,7.69,,READY
0929.mp3,facaeb6c5b268ea9df5c97327badaa1aa051a8d7f772da54bd616ff5adaebe1e,48000,2,240000,5.000000000,-25.23,-7.15,-20.08,2.23,,READY
0930.mp3,4e293af8ba529400ddc6afe433ca6b1eaa4a18229d2162b82b2c6990b7362f16,48000,2,240000,5.000000000,-18.47,-1.70,-18.77,-4.53,,READY
0931.mp3,e10bbdf5c6637b88f4038057f8eda44cbb2117600d23b91eb89477a4c5ffc8d2,48000,2,240000,5.000000000,-11.70,-0.22,-13.48,-11.30,ATTENUATION_BELOW_-10_DB,READY
0932.mp3,f420114b03a4a05f0a57d8fa18ad1ae9e36779a2cb7c10b0619964ff75f25200,48000,2,240000,5.000000000,-22.60,-10.61,-13.99,-0.40,,READY
0933.mp3,f98dc9c6f1f7531dafeda208d5ac4f0592d87fe8d055fb70b4ff47a7435df3f8,48000,2,240000,5.000000000,-33.47,-16.23,-19.24,10.47,GAIN_ABOVE_+10_DB,READY
0934.mp3,e0c9a149fa493d56283a3408ec1a8730c7500cfa6a71fc6001338080f3da1748,48000,2,240000,5.000000000,-17.11,-4.22,-14.89,-5.89,,READY
0935.mp3,434829a1f7424dcb8d7b9c10e5bc0390a0dde0634b812013a9ddfbc59fd4d846,48000,2,240000,5.000000000,-22.05,-10.66,-13.39,-0.95,,READY
0936.mp3,d0a3739524cd126c44b3bba2ca777016ca4eade657537a4fe8506b598b79aae0,48000,2,240000,5.000000000,-14.37,-1.17,-15.20,-8.63,,READY
0937.mp3,2472990640132e30dab8e414653a4152a819479f934e932abd14b701603e3a42,48000,2,240000,5.000000000,-31.98,-23.64,-10.34,8.98,,READY
0938.mp3,dde3c7fbbde3242b1d548c57268155dc1c0a600bf189adb74c0272fbc643ebd4,48000,2,240000,5.000000000,-34.80,-22.57,-14.23,11.80,GAIN_ABOVE_+10_DB,READY
0939.mp3,f60f75af8e5feb875bbb265c5f5f60be1b56cbc505023912cdbae00be730d49c,48000,2,240000,5.000000000,-10.03,1.04,-13.07,-12.97,ATTENUATION_BELOW_-10_DB,READY
0940.mp3,5bfb9ad42fde6228ac682173aa927be258896b2cb2444c53aadb9fcd64858d19,44100,2,220500,5.000000000,-15.58,-0.36,-17.22,-7.42,,READY
0941.mp3,f503d4dd4a36109fee3c0b59afaee8166672ffcf275eabe3c96d420371f4e62c,48000,2,240000,5.000000000,-20.54,-7.93,-14.61,-2.46,,READY
0942.mp3,e768c06d98fa82017c6be260a3bc2d25d1d7725e13c689e045140825590b18f0,48000,2,240000,5.000000000,-11.66,-1.21,-12.45,-11.34,ATTENUATION_BELOW_-10_DB,READY
0943.mp3,7623182bc2771975a6e7e985d57d9a81835536f6b85bdb096245702af1b3cca2,48000,2,240000,5.000000000,-19.39,-5.65,-15.74,-3.61,,READY
0944.mp3,67bfaf0d34b43d16c32558cb6caa2f1d69d4320356954589986545aa471e9997,48000,2,240000,5.000000000,-37.83,-28.06,-11.77,14.83,GAIN_ABOVE_+10_DB,READY
0945.mp3,7051c4110eab79a17ba6d161f15b777bf3c0ba2b6452fe9d703a1a390ecce709,48000,2,240000,5.000000000,-18.74,-3.60,-17.14,-4.26,,READY
0946.mp3,763c7970a1c5d50024a64acced233991ca14eb47a8c272f4679e2df9a730ff8a,48000,2,240000,5.000000000,-30.30,-21.17,-11.13,7.30,,READY
0947.mp3,a3f997494b0652b6c09f38f07c61ac4adb5c71f84fe163242c1879e639fa651c,48000,2,240000,5.000000000,-16.07,-2.69,-15.38,-6.93,,READY
0948.mp3,1522c387d59c97bba91f2502b77f7b8b94a6084eddab9eca350697b97db2bf86,48000,2,240000,5.000000000,-19.26,-7.82,-13.44,-3.74,,READY
0949.mp3,91f2319abbe4aeb494421fb6fedcda008a1adae8f8178891e048a456493b75c1,48000,2,240000,5.000000000,-28.55,-23.15,-7.40,5.55,,READY
0950.mp3,bd2940041f17ebec271aa8bfc06ea57d90cc46cce9044d61edf27adc7eae967f,48000,2,240000,5.000000000,-19.22,-4.87,-16.35,-3.78,,READY
0951.mp3,d1877478166491fc9dfc10189c8873614645425a0d6a8002f4e9f5ea6a9055f1,48000,2,240000,5.000000000,-27.32,-16.65,-12.67,4.32,,READY
0952.mp3,83153596fef26ec5aebd53794a6d3cc480f379c0309cfc017a6cb517b4f03425,48000,2,240000,5.000000000,-14.52,-4.12,-12.40,-8.48,,READY
0953.mp3,c56d9d52cb0ce7b2c4c3cff613ceeb73644b28feae639ebefa19d7e835a22bab,48000,2,240000,5.000000000,-27.03,-16.00,-13.03,4.03,,READY
0954.mp3,faeb53f1447f789e0813c213c93a0bbe18c2793ad797b7e69fc7de8851e63c66,48000,2,240000,5.000000000,-24.67,-13.39,-13.28,1.67,,READY
0955.mp3,94cef928a49fe011cadba7a8b6d864f82ebec5cc60692262b132340973a08588,48000,2,240000,5.000000000,-16.03,-0.34,-17.69,-6.97,,READY
0956.mp3,e983945e36e0a9356e8948f781f395e9624bb6d56c7a15bccf000ad546b574a8,48000,2,240000,5.000000000,-20.06,-7.57,-14.49,-2.94,,READY
0957.mp3,c0663fc165b66bec80ebc05967e9d2d9835ccd8aa9bfd669abce31d43e064437,48000,2,240000,5.000000000,-15.60,-5.42,-12.18,-7.40,,READY
0958.mp3,f08b9d54c4f283553a15b643d72766ed4294646154ffc1f6fb55e13e13700243,48000,2,240000,5.000000000,-19.42,-9.11,-12.31,-3.58,,READY
0959.mp3,cc927f8219ccdc3c21f4b9d87fad6aeb1b4a2bf1242685c3985df3c5f5d65dec,48000,2,240000,5.000000000,-29.28,-15.69,-15.59,6.28,,READY
0960.mp3,36e696826532d6858e7e5ceb621a386159d1cf96cbd9a794b7d349330412a58a,48000,2,240000,5.000000000,-9.98,-0.46,-11.52,-13.02,ATTENUATION_BELOW_-10_DB,READY
0961.mp3,926076fdc396c2a6c56ffab9e9b989d28d041504d45bb5efda231487c2a0e02b,48000,2,240000,5.000000000,-26.31,-15.17,-13.14,3.31,,READY
0962.mp3,2fb966d3a19164123f8ee24bc2860857ec400ec71d0403fe1291161167caab77,48000,2,240000,5.000000000,-13.08,-1.34,-13.74,-9.92,,READY
0963.mp3,1f591b359dc9177128943904cff2fdb6bb393d7c93315ce9beb535d3b0c0faa9,48000,2,240000,5.000000000,-22.70,-11.01,-13.69,-0.30,,READY
0964.mp3,d82679bec3f22da83f2c1502fcc7da925e313878d3b0556e2cd3d0d56b149741,48000,2,240000,5.000000000,-13.75,-1.20,-14.55,-9.25,,READY
0965.mp3,42e9ac2b9ec28de6b2f375d94486281843b871acf14c586832522dee8572ca91,48000,2,240000,5.000000000,-19.39,-6.19,-15.20,-3.61,,READY
0966.mp3,7ffd9633217aa8c9e42c6ccc67d9ec7b99de4cf2a8064dd954f2210b2c883836,48000,2,240000,5.000000000,-30.73,-14.14,-18.59,7.73,,READY
0967.mp3,c75130dfc2d116053245c859c0d805ffa80ad7f86119c1ac3e1c30e495896310,48000,2,240000,5.000000000,-25.98,-12.89,-15.09,2.98,,READY
0968.mp3,a264043a1d38d4153924b58e729813f9b2db6b795503098e04829c708c8b3e98,48000,2,240000,5.000000000,-13.54,-2.88,-12.66,-9.46,,READY
0969.mp3,b593499fc4402190609a5f840b47ffa6acfc759700ebc7c41033d09ce0555379,48000,2,240000,5.000000000,-19.21,-6.32,-14.89,-3.79,,READY
0970.mp3,8a9058a2d018de887b3e0712983d3e4b869cae20f2358c53b2b19461364474a7,48000,2,240000,5.000000000,-27.43,-13.68,-15.75,4.43,,READY
0971.mp3,ffa2f41453f35198017350b8704e03601c669d609edc54376f0c21aa7488959a,48000,2,240000,5.000000000,-30.77,-11.43,-21.34,7.77,,READY
0972.mp3,df06caf3c150cd82de6d599519d4fa55aee6e0cd49f592475b3ba1f069c5ff7c,48000,2,240000,5.000000000,-24.15,-11.29,-14.86,1.15,,READY
0973.mp3,3bba98cfe8e0b3cff378d55f4cbc4ab8ac745f4957565b996a43b3f7f00814e1,48000,2,240000,5.000000000,-22.67,-10.56,-14.11,-0.33,,READY
0974.mp3,60e8b194fc9f370a34a4d72b7c7983e820d376fb4c5125ed678e7939e5dbaee2,48000,2,240000,5.000000000,-32.53,-19.20,-15.33,9.53,,READY
0975.mp3,424aab19f43a4785dcfa29299578f2d668158c9fc1da89b35ec19227eedfd1e1,48000,2,240000,5.000000000,-50.73,-36.81,-15.92,27.73,GAIN_ABOVE_+10_DB,READY
0976.mp3,56e36d4bd9e69424d0cfcf6dac1ae0be7589ec7ae6db8cc79f71c2dafde2f1b7,48000,2,240000,5.000000000,-25.45,-11.94,-15.51,2.45,,READY
0977.mp3,0b1ea57e41f2bab915e915ba01a86062dc6136df60b1e9be87b15dd897bf238a,48000,2,240000,5.000000000,-17.23,-7.28,-11.95,-5.77,,READY
0978.mp3,36538482d86b3e0eaa6f5eb67dcd1b928b79b1972be997cce069ca695eed5d56,48000,2,240000,5.000000000,-17.95,-4.44,-15.51,-5.05,,READY
0979.mp3,8830c7f6a7626df4aacc418cdd20b1dc7f48f5c0ff82901b076c433699057c0f,48000,2,240000,5.000000000,-42.05,-28.40,-15.65,19.05,GAIN_ABOVE_+10_DB,READY
0980.mp3,7417d2ba0229c62584c01054e828b9a96fdd3ebf39c9d8c6a85fd8910ad85b3e,48000,2,240000,5.000000000,-31.15,-13.80,-19.35,8.15,,READY
0981.mp3,27598dacf6715aa7a314fc2a3889aa778da994aad47fa3acdb157ff45ffed4a0,48000,2,240000,5.000000000,-16.18,-3.61,-14.57,-6.82,,READY
0982.mp3,6bf4d23fbc45f573e98e7855c4a2e4fff21e593a320a7f4d3d751fc9cd65a764,48000,2,240000,5.000000000,-22.31,-9.24,-15.07,-0.69,,READY
0983.mp3,f61c11e752a753368e2354b4dbd58f61319c155019b355e23dd7a7efcda845ae,48000,2,240000,5.000000000,-22.32,-10.43,-13.89,-0.68,,READY
0984.mp3,ad7c83a20832d16d2908751ff47d5b12db1cb5fcaf7e668bbabffa0ed61efbec,48000,2,240000,5.000000000,-23.85,-9.64,-16.21,0.85,,READY
0985.mp3,196677f027b49c1341709aa181e3086fbe79b4e3ddd079947cb11e67140d8cce,48000,2,240000,5.000000000,-24.02,-9.27,-16.75,1.02,,READY
0986.mp3,50158835e49dbe826338b327117d798de60839083f67925d487f4f1665ad0ba5,48000,2,240000,5.000000000,-19.41,-6.19,-15.22,-3.59,,READY
0987.mp3,b578e12e59d85d5b53c9291f1a6372c488ca051f35f57c73565233b2d9de0dd3,48000,2,240000,5.000000000,-26.07,-15.10,-12.97,3.07,,READY
0988.mp3,b769573ea73f3a6c398c0737287143c77ff200d58a06551c32c419e8eadf4c20,48000,2,240000,5.000000000,-24.54,-1.12,-25.42,1.54,,READY
0989.mp3,86bc66c96fe4d8f52e0b1698c0d14b2aebc7b6bac48769c504c17b7482cd8a8c,48000,2,240000,5.000000000,-22.16,-9.72,-14.44,-0.84,,READY
0990.mp3,cb408b035bfac973a9b8ec7bad0d929c117ce81c6614cd3b2f477b89c3faca5e,48000,2,240000,5.000000000,-22.96,-12.11,-12.85,-0.04,,READY
0991.mp3,68feef7050c8f78a76fd81ff41f4ce1d7ad6bb174c2a93e03be80fba43a45ff2,48000,2,240000,5.000000000,-31.20,-18.67,-14.53,8.20,,READY
0992.mp3,1811d75f1625794ca7f5ee2207cb5f16a784b64d591a318f116c2dee14130bc3,48000,2,240000,5.000000000,-20.52,-7.92,-14.60,-2.48,,READY
0993.mp3,bc5099c3b41d784dea33de32349bd00b3ea1f501358f286a4ab5820f3d24ed70,48000,2,240000,5.000000000,-27.49,-14.27,-15.22,4.49,,READY
0994.mp3,ff7ba5403a1c2ced69bea192b13d8391accc9422418db8b878b92c471621a5f7,48000,2,240000,5.000000000,-16.95,-2.07,-16.88,-6.05,,READY
0995.mp3,76ccb3acadd02cb44cc73acea31ba1f3d487433b75b8cc3a3b95102a6bdd1a67,48000,2,240000,5.000000000,-18.41,-3.83,-16.58,-4.59,,READY
0996.mp3,d26791db59d2b27c25fd59ff0894816a56ff8249f10aeb489cc7a1d3e89727ab,48000,2,240000,5.000000000,-17.97,-3.93,-16.04,-5.03,,READY
0997.mp3,92b51a6666380255301bf1079a5b19097be07cffabe4c95cac4d390bdce12247,48000,2,240000,5.000000000,-27.12,-7.79,-21.33,4.12,,READY
0998.mp3,e002afa885d87da65f8469d968b35b2ab6b207db74e63bca5c1ff7133ea5a533,48000,2,240000,5.000000000,-33.02,-21.93,-13.09,10.02,GAIN_ABOVE_+10_DB,READY
0999.mp3,bd263ddf9dd256367f8c4c3b326d599386cf6f186222cc1f94b9cf5f41d80a95,48000,2,240000,5.000000000,-16.99,-7.02,-11.97,-6.01,,READY
1000.mp3,81798750a9b2a982b16b21b728668391d40f6a63becf51c184a3ea9a52ee7306,48000,2,240000,5.000000000,-28.19,-9.94,-20.25,5.19,,READY
1001.mp3,bdfb814faab6dd9d4df701ef5931f98b05baccbdd04fd98dc1d4fb117d4bf2df,48000,2,240000,5.000000000,-8.89,-0.06,-10.83,-14.11,ATTENUATION_BELOW_-10_DB,READY
1002.mp3,d0f4ad79ec93a0807f555283bbb15d4d0a4abf81fa56a710e16a35372aa9f767,48000,2,240000,5.000000000,-28.54,-19.06,-11.48,5.54,,READY
1003.mp3,790b185bf2c5dfe17bd160c3b9652e64252e6119b924bddaea305f1b0a35d40b,48000,2,240000,5.000000000,-19.68,-8.01,-13.67,-3.32,,READY
1004.mp3,7bd6d762200a762e0f7f2e67240e06b3d976db621c5435e55142624a2de5f2fe,48000,2,240000,5.000000000,-23.70,-11.11,-14.59,0.70,,READY
1005.mp3,698b5f40f32dfd296cc4ec182d14d92f75797d7a6eb3c13a4735063e7c057aa7,48000,2,240000,5.000000000,-20.14,-3.74,-18.40,-2.86,,READY
1006.mp3,fa6b7239d377161551ede7fcd26f0680f7df39ef7a68b72b09b18dd09d94c564,48000,2,240000,5.000000000,-17.42,-5.47,-13.95,-5.58,,READY
1007.mp3,e3b2193d2ca5feace6f86f6d5a4e925051b146c4f808467c7ba1869bdbafde1c,48000,2,240000,5.000000000,-18.68,-5.97,-14.71,-4.32,,READY
1008.mp3,2eb0c8bc0ede3c2682475dccb7edc08bc8e45c201788adf26d98622f431d90b3,48000,2,240000,5.000000000,-32.29,-21.64,-12.65,9.29,,READY
1009.mp3,ce3efddb886336ac2a27c426dd52c2f95e2738849d61e25bdb6096af6f0b7d4e,48000,2,240000,5.000000000,-13.15,-2.43,-12.72,-9.85,,READY
1010.mp3,46195ed9965e2a1bccebe36d98e939912a70439990123a630ee0bb3b6e3fa68f,48000,2,240000,5.000000000,-19.43,-1.42,-20.01,-3.57,,READY
1011.mp3,568ef6ded25adab3f9d0c4074f69c32ce13b65a15b766c069c66212a57b24ee5,48000,2,240000,5.000000000,-21.03,-3.74,-19.29,-1.97,,READY
1012.mp3,a67dd720083c2ff678372d9a6973b75dab0e055a8ec0a30198ea7ebe5d437324,48000,2,240000,5.000000000,-36.41,-27.11,-11.30,13.41,GAIN_ABOVE_+10_DB,READY
1013.mp3,df0f89867bb81223e9f5f14903ae194582115d9bb7f33d24c7dd5cbc8b7c2fbe,48000,2,240000,5.000000000,-52.52,-40.39,-14.13,29.52,GAIN_ABOVE_+10_DB,READY
1014.mp3,10c460353f8309395d5ecb88a66f2308ca835f94a3ad2bda9e0bee64dca30843,48000,2,240000,5.000000000,-53.87,-30.85,-25.02,30.87,GAIN_ABOVE_+10_DB,READY
1015.mp3,3b1eb7f5eda7c507e18a1a890b0e9b2c10fdf3d31470a93c6d1a848342f3bb69,48000,2,240000,5.000000000,-47.51,-35.21,-14.30,24.51,GAIN_ABOVE_+10_DB,READY
1016.mp3,c16c33f8ab6599b38c6635a16e7b1b609eac7a6bd2dd054432f190f4b9adae9c,48000,2,240000,5.000000000,-45.90,-22.46,-25.44,22.90,GAIN_ABOVE_+10_DB,READY
1017.mp3,334c6fe26a27b804ecfdfa098bdafff3662c4258b643df74db60fe8b9bf06964,48000,2,240000,5.000000000,-40.00,-27.01,-14.99,17.00,GAIN_ABOVE_+10_DB,READY
1018.mp3,3545502c9212c7873f0623a514fe7505433f0c6af6be58b8053351bf84aab81c,48000,2,240000,5.000000000,-29.36,-11.45,-19.91,6.36,,READY
1019.mp3,62086c0e5048363caa8974863f0f5c7262addfb032ea863a80ec2decc678b377,48000,2,240000,5.000000000,-52.36,-37.90,-16.46,29.36,GAIN_ABOVE_+10_DB,READY
1020.mp3,837b04a9c67757c5052e07efa1c72d8b8c369dc3f0824b259e306f53a6486011,48000,2,240000,5.000000000,-21.74,-7.25,-16.49,-1.26,,READY
1021.mp3,7de3ea0bafe5c63d87bb468fc7788ceab5b92c1ab378b128722d238d149c9017,48000,2,240000,5.000000000,-22.77,-11.21,-13.56,-0.23,,READY
1022.mp3,7a895fc044e5f0c82a087581f1df9218460c19e300b15a703a618f38e0fe97ab,48000,2,240000,5.000000000,-22.06,-11.10,-12.96,-0.94,,READY
1023.mp3,ad8868f741a43f67ac3ad976c03c8ccbf95977f38bb3312da2f916b19d38ee86,48000,2,240000,5.000000000,-28.96,-16.10,-14.86,5.96,,READY
1024.mp3,df176e70d7e03c3f71b0add3b2f7ab6b945926fad7ede24c3c7acabad3d81d6e,48000,2,240000,5.000000000,-23.95,-9.20,-16.75,0.95,,READY
1025.mp3,fed03dff267e4fef85e8ff18e86555ffa0d2a069776f0b846a05c9e511e3c1e1,48000,2,240000,5.000000000,-22.08,-10.58,-13.50,-0.92,,READY
1026.mp3,1e40054ce99fee373787d889f1be849f62b69abd7772617db87bf7dc78205783,48000,2,240000,5.000000000,-25.48,-11.76,-15.72,2.48,,READY
1027.mp3,72f139a5276dba711f1bb546c3a0a9295f7a92a8e63c55b735e8f67b1bd0ce75,48000,2,240000,5.000000000,-19.04,-3.16,-17.88,-3.96,,READY
1028.mp3,f6f7be8545ed963451b66e0f7fd5b207caaa2c1da0ca950283643e212b41d43a,48000,2,240000,5.000000000,-15.90,-3.58,-14.32,-7.10,,READY
1029.mp3,105da911188119b071937b2f82a5dc4f552ecea07dba7bea18a2d92892e84075,48000,2,240000,5.000000000,-18.46,-5.62,-14.84,-4.54,,READY
1030.mp3,09a194c198b225b02e67f3032db3a33a8d35f2e6ba1883af41ddbe222822cb8b,48000,2,240000,5.000000000,-14.24,-3.77,-12.47,-8.76,,READY
1031.mp3,ee82ce362e5e40a7c99cebd03ad1f0578ebf72fa878881bd1a32d366bf21e09d,48000,2,240000,5.000000000,-29.52,-16.60,-14.92,6.52,,READY
1032.mp3,2c5d1374bce6a87c94835cc3cb0caaeaa4c39d98a7ea38785869c08883c056fc,48000,2,240000,5.000000000,-32.39,-15.99,-18.40,9.39,,READY
1033.mp3,ba3cdec4290bfc9d09b6d1baf28e58fe2b4ea3b04632921b3802f70d009865ed,48000,2,240000,5.000000000,-56.68,-42.46,-16.22,33.68,GAIN_ABOVE_+10_DB,READY
1034.mp3,5e9a21b0481519bec6a865d9bd2d6ca3c5784b981ab78e30789ef47bccac6eff,48000,2,240000,5.000000000,-33.52,-18.27,-17.25,10.52,GAIN_ABOVE_+10_DB,READY
1035.mp3,122865c4ae1a341fd46d50dd0f5d5775d9ff974765f051208ed69a161e1e256d,48000,2,240000,5.000000000,-19.51,-7.48,-14.03,-3.49,,READY
1036.mp3,8857f428600e6139b99ab7d440314a3e5aabffdd3f5456e70146ed78f2730c57,48000,2,240000,5.000000000,-23.78,-12.72,-13.06,0.78,,READY
1037.mp3,d31b75846a110a05ae39d513747424216dd5bbcb963143df383d30e505f8d868,48000,2,240000,5.000000000,-19.81,-8.43,-13.38,-3.19,,READY
1038.mp3,812d9c8d9dd2fd385ae09ef36ee43209aeb7d165060f1a56725f2ef2b307562f,48000,2,240000,5.000000000,-21.43,-10.30,-13.13,-1.57,,READY
1039.mp3,1b4a55e2d267fc250daf1f7bead85448fe8efc584707c1c459c35fc14632b97a,48000,2,240000,5.000000000,-18.92,-7.46,-13.46,-4.08,,READY
1040.mp3,2fee08d72b4c55c93bf85e6b6013d0befe7943e9d2209801e2c8790a261c031c,48000,2,240000,5.000000000,-26.70,-13.65,-15.05,3.70,,READY
1041.mp3,e83906b6996d32242139a8a026e6df8c85255367593a3effcd6d48618dedfef2,48000,2,240000,5.000000000,-21.39,-9.76,-13.63,-1.61,,READY
1042.mp3,52db9efc01bdf9a0915b6d23b16a03b4e2d564b91fac494a92efbbb9500dad93,48000,2,240000,5.000000000,-16.47,-5.28,-13.19,-6.53,,READY
1043.mp3,88e72a8638bdd44663543395128851c9d47d762a75e3c6db3c0ec251a8d2ea29,48000,2,240000,5.000000000,-26.45,-13.50,-14.95,3.45,,READY
1044.mp3,d128781ab9f90aa0795252b189481378fbd9fca1288e250861a358290582dc3c,48000,2,240000,5.000000000,-31.05,-18.81,-14.24,8.05,,READY
1045.mp3,12efbfc166dbe8777f767065aed5f55f535b25c6fa404b7983147951dd14e69d,48000,2,240000,5.000000000,-22.38,-12.04,-12.34,-0.62,,READY
1046.mp3,0d965b3c88125b25988e29bbec77f280bd40f72252b08b59b3cfc263b2ad6290,48000,2,240000,5.000000000,-25.59,-14.34,-13.25,2.59,,READY
1047.mp3,e7306b0f25efb8d8d6750dd2a08b5c5ca6f41385d07699dafb1b4c83b7158945,48000,2,240000,5.000000000,-24.61,-12.26,-14.35,1.61,,READY
1048.mp3,d4dd36a44e19d99f8e9cdbe1aad597534c33a85fe0cdbb4c3045939d9071d900,48000,2,240000,5.000000000,-27.80,-15.56,-14.24,4.80,,READY
1049.mp3,2c89360cd2faa29981555a91d7c3d232951969a366180e40e2da87068f41300d,48000,2,240000,5.000000000,-25.44,-10.93,-16.51,2.44,,READY
1050.mp3,e3e5ca5ff8fbe45cb8bf835d40b33e8b04b6db7ce94fe930d04e78eb6cb61dfa,48000,2,240000,5.000000000,-20.63,-8.87,-13.76,-2.37,,READY
1051.mp3,f3046ef94558ac34f2e4a217d4a2a02126ef613704f7e4cc983266c656283e43,48000,2,240000,5.000000000,-20.07,-7.81,-14.26,-2.93,,READY
1052.mp3,caccbc0877ae3be09f4de3ecf8130a7700e6001cd133c51db8e0a0f58adc744d,48000,2,240000,5.000000000,-43.04,-30.34,-14.70,20.04,GAIN_ABOVE_+10_DB,READY
1053.mp3,fdba0de58ac4ad68b991c47722c0b04470bf145ab13fff513af4abbfe1c759f2,48000,2,240000,5.000000000,-40.09,-26.56,-15.53,17.09,GAIN_ABOVE_+10_DB,READY
1054.mp3,96fa9c090a5a0bd5f4a040f9baa0e152d206350fd63f1f2ae1d3cbb00570be5c,48000,2,240000,5.000000000,-30.34,-16.76,-15.58,7.34,,READY
1055.mp3,1932dc02b672d136b07c21b3b40d0d236e65b7d259f75547f2e578b0984781e3,48000,2,240000,5.000000000,-32.14,-20.74,-13.40,9.14,,READY
1056.mp3,a72c3b7ec247bdfb23e5d2a4131a2d3202b09e6885367dbb4a68be2e6958f687,48000,2,240000,5.000000000,-30.61,-16.43,-16.18,7.61,,READY
1057.mp3,8dda31e7d5adf35a477f2daa0f7e9d8fdfd133d68bd467fd55be572fac176177,48000,2,240000,5.000000000,-25.39,-11.07,-16.32,2.39,,READY
1058.mp3,73d0502c711f67c497780ca21fe48e21acbad7e2de29da9ea770f54519ce7796,48000,2,240000,5.000000000,-29.33,-15.26,-16.07,6.33,,READY
1059.mp3,e56054c4b0e1475f0b85f001ebe9a8debef553039d6e29e09823e40a92391d50,48000,2,240000,5.000000000,-23.75,-9.45,-16.30,0.75,,READY
1060.mp3,884b327632e9bd29003d0c3bfd53722ae2305ef06f33485d3c72aa52a7a3ef6a,48000,2,240000,5.000000000,-21.71,-9.32,-14.39,-1.29,,READY
1061.mp3,559e332c9b7433f3117a8ebb4e6334571bd71265f64af516b5b9c99fed717ff9,48000,2,240000,5.000000000,-18.77,-5.98,-14.79,-4.23,,READY
1062.mp3,f76ed32b2ab71937784b8e1b7a10d54b50e11a7c9628096c49a70b155b587d37,48000,2,240000,5.000000000,-15.89,-3.57,-14.32,-7.11,,READY
1063.mp3,34de891d5a7906f57cdfc540f4870b8cb186c7a81058e140b2a5d8084935ac8c,48000,2,240000,5.000000000,-13.75,-2.30,-13.45,-9.25,,READY
1064.mp3,b8a73ec3f874972a2d8fbd74433fd0936218805ae4e4e9c4acdaca14864e2482,48000,2,240000,5.000000000,-31.04,-18.81,-14.23,8.04,,READY
1065.mp3,e8838d9e5d1c2cb191e784f39341d3795a554fe046179adc24ef5196efde2776,48000,2,240000,5.000000000,-21.43,-9.10,-14.33,-1.57,,READY
1066.mp3,832d0f5e742d83a4ab80b210240941eff945cd96b1a97c71f69f5c473cf8663c,48000,2,240000,5.000000000,-21.96,-9.16,-14.80,-1.04,,READY
1067.mp3,b0292941f072722bcea2aac13ff138d59169103cecd6b6f9732a410b87ad588f,48000,2,240000,5.000000000,-28.88,-13.79,-17.09,5.88,,READY
1068.mp3,f37b4300f034a520d7fad78a03eeafd2c0afeaab85aadfd22c50e4d42387ec2e,48000,2,240000,5.000000000,-30.05,-15.87,-16.18,7.05,,READY
1069.mp3,058e6cc59c9584feccb747f6bc6146bda506af771b053e10425b81f4f97c984d,48000,2,240000,5.000000000,-9.72,-0.29,-11.43,-13.28,ATTENUATION_BELOW_-10_DB,READY
1070.mp3,ad8194e54e54439aa6bd70e7a4ae7c415d95c9ea71e14a4966e6823f76b1abc6,48000,2,240000,5.000000000,-37.32,-25.14,-14.18,14.32,GAIN_ABOVE_+10_DB,READY
1071.mp3,de7e9f3b688b3d5dee283b5fada61f3a49431ff38633e0dfd865fa5b9da3c592,48000,2,240000,5.000000000,-15.39,-5.60,-11.79,-7.61,,READY
1072.mp3,db83bc1da5e324da01540ca12ee8b30162217fe443b79a46389ccad2c93069ff,48000,2,240000,5.000000000,-41.47,-29.06,-14.41,18.47,GAIN_ABOVE_+10_DB,READY
1073.mp3,721b6fe74151fa71cee7e8271f3c781fff98fbd0a39f5b0c3312e55d16eb67e2,48000,2,240000,5.000000000,-23.57,-12.44,-13.13,0.57,,READY
1074.mp3,8d44bbb293b2f9cef96ca9d5cee91adc89ae11ddcb2bcb3c172403b6e5b95549,48000,2,240000,5.000000000,-36.98,-25.44,-13.54,13.98,GAIN_ABOVE_+10_DB,READY
1075.mp3,784d032e20f6de7c0d0f2e638f8f4357d0db2423ae49e3ab554f1afc900c43f0,48000,2,240000,5.000000000,-12.37,0.05,-14.42,-10.63,ATTENUATION_BELOW_-10_DB,READY
1076.mp3,0a4112aa100d687b4d8857d106851342b6c61b567c50a1e97917f39a8d4a860f,48000,2,240000,5.000000000,-25.89,-8.22,-19.67,2.89,,READY
1077.mp3,92725d53dd8970f520bb910693e74a5142c3da8891b9b3c59eee78824dd5354d,48000,2,240000,5.000000000,-27.36,-10.97,-18.39,4.36,,READY
1078.mp3,d55bf4cb5f304206ec07942868ad4b4940cca1312aca25e3b9bbf6a253b436e2,48000,2,240000,5.000000000,-15.79,-5.56,-12.23,-7.21,,READY
1079.mp3,d68fa7763b8e121a8cf93195497aba14b691b0c313f31bc03bb5a9809bc525b9,48000,2,240000,5.000000000,-21.29,-7.99,-15.30,-1.71,,READY
1080.mp3,0a8fb08d5f102ce77f051552c3cb347b3d54dc1c17d18cb2432344bee3276968,48000,2,240000,5.000000000,-14.91,-1.54,-15.37,-8.09,,READY
1081.mp3,c4349d7fc6ec4f8588d28e64d754b4184d150b894f26f5ae99b5b5d529a584e3,48000,2,240000,5.000000000,-19.19,-9.11,-12.08,-3.81,,READY
1082.mp3,5a34f80668457e3751c2db5774ef8685a03274ed715fdf1ce488b5d6ae5abdac,48000,2,240000,5.000000000,-13.62,-0.41,-15.21,-9.38,,READY
1083.mp3,a4e4e28a254d32659f1a761f02833b8dc83921ac285b855b1ce76a4e5bb1df9d,48000,2,240000,5.000000000,-9.88,0.37,-12.25,-13.12,ATTENUATION_BELOW_-10_DB,READY
1084.mp3,8d979002f3c34ba4d2aff1d17a9679611e460fd579b5b471b57d34607eb7f5ba,48000,2,240000,5.000000000,-30.98,-21.67,-11.31,7.98,,READY
1085.mp3,856b00cc835c5bec106ab3608f538da17ae9c2b6476045677e84c32dd1e71083,44100,2,220500,5.000000000,-25.81,-12.61,-15.20,2.81,,READY
1086.mp3,768e1c650d4a9adc3635a68bd7f80d23f2af2494c3f6e53e1d34d9d03a4db763,48000,2,240000,5.000000000,-21.02,-8.54,-14.48,-1.98,,READY
1087.mp3,b89933a4a5db0ae21151df329d4ee0cf438883c78254ba95255fe06cb5d91b78,48000,2,240000,5.000000000,-13.96,-0.76,-15.20,-9.04,,READY
1088.mp3,af979102d35baa98c05f56f98aea0fb210fa169dc20ee7e52457b15c5021fa1a,48000,2,240000,5.000000000,-20.62,-6.66,-15.96,-2.38,,READY
1089.mp3,979ab5bc7751b29e483b7a38f99216c63860fce1f2469be95d4c8fa091b6c493,48000,2,240000,5.000000000,-26.97,-16.13,-12.84,3.97,,READY
1090.mp3,dbbbe85a98f1d8bb4ee3d0fa47b48d7cf96a0d63a68801f9d864bbe8fe2e7ddf,48000,2,240000,5.000000000,-14.98,0.74,-17.72,-8.02,,READY
1091.mp3,60bb0602ee02657fb136c9e46aac8542ac4cb31500f548798f51e6b6e728d03e,48000,2,240000,5.000000000,-30.11,-18.85,-13.26,7.11,,READY
1092.mp3,e019cbbe535d381186f231c1dfc65d46e10791bf50f276c0a5e772f19e2e81b2,48000,2,240000,5.000000000,-31.33,-12.48,-20.85,8.33,,READY
1093.mp3,5e3d0d11de5f250cd9fca5896721ad80eae9e153ff919130863395fdc619a89f,44100,2,220500,5.000000000,-21.36,-9.61,-13.75,-1.64,,READY
1094.mp3,f157188de6deb3e812dbaaf2f96a49796f1c3c76949f31476aeb328608f1da13,44100,2,220500,5.000000000,-27.49,-15.84,-13.65,4.49,,READY
1095.mp3,1bfca80bd9ee47efecdedb1cc17a962f099948fe779c440256426561062dd420,48000,2,240000,5.000000000,-12.89,0.05,-14.94,-10.11,ATTENUATION_BELOW_-10_DB,READY
1096.mp3,6af44fc6e7cedeef832addd576e4b55a15ca869a60ba087f069076d04dc8d856,48000,2,240000,5.000000000,-18.76,-0.43,-20.33,-4.24,,READY
1097.mp3,3fb2fff9142d9013a4bac09d7dfc31b7a47fba60c1de57dec7a366926da3577e,44100,2,220500,5.000000000,-22.67,-10.76,-13.91,-0.33,,READY
1098.mp3,c749d6db3fc123e77e5c52c2c13c66c3eba6c90a5ed0cfdd412453d5b7a70704,48000,2,240000,5.000000000,-33.47,-21.33,-14.14,10.47,GAIN_ABOVE_+10_DB,READY
1099.mp3,2bede10fd54e5921938b8a427ea1bc3430ad306f7db12fa331a34d1371d84801,48000,2,240000,5.000000000,-18.45,-3.01,-17.44,-4.55,,READY
1100.mp3,7cb4aa87db161604ce4308fac607f1114a64a13f8ead684571f1b48444b65e8d,48000,2,240000,5.000000000,-22.09,-10.28,-13.81,-0.91,,READY
1101.mp3,8f3de454f74a9219ed0108a2df03b17820c04d57ecdd9466ba3a9c1e23ef0cb0,44100,2,220500,5.000000000,-20.80,-7.38,-15.42,-2.20,,READY
1102.mp3,a808aebab61ea389d86082c288cace70898ee91e72df4ccb661bc9ae1f50c426,44100,2,220500,5.000000000,-26.57,-10.31,-18.26,3.57,,READY
1103.mp3,c29856bcdc93435d9e6ee1b659f51fc9cc7dbde5b4297fdc2bdb817b2ac41a0b,48000,2,240000,5.000000000,-13.36,0.51,-15.87,-9.64,,READY
1104.mp3,19347586ecb15620ee91b23bf79ce4a43f27abaa18d1cdcbc0ca4fca74c86ee1,48000,2,240000,5.000000000,-17.02,-8.95,-10.07,-5.98,,READY
1105.mp3,373ffbe113c1ed51a1d5d5225d4d3261c592534d02051d672ef98f13293ba0a3,48000,2,240000,5.000000000,-25.09,-8.94,-18.15,2.09,,READY
1106.mp3,26ae8d6eef2a1dde54664cb2364cd5070820dd338cd68d069d12df644667adc1,48000,2,240000,5.000000000,-20.68,-7.52,-15.16,-2.32,,READY
1107.mp3,21aa0f663c2150327e56d3459a25e04659660e6e3119709efc28ae21685e7d87,48000,2,240000,5.000000000,-30.71,-18.28,-14.43,7.71,,READY
1108.mp3,343a1702cebe823032f71acf920dc15c1927098fef8bfa24bfd1283fc8951652,48000,2,240000,5.000000000,-15.13,-1.66,-15.47,-7.87,,READY
1109.mp3,99f0eef27cfe03bc2096a5807ad572cf7a40e44c17a2ed13a9edd99f5fd41068,44100,2,220500,5.000000000,-31.67,-18.64,-15.03,8.67,,READY
1110.mp3,230f3d467b58559b32082d30351ed4932db898de5a57fefd73b4ecf891a970ae,48000,2,240000,5.000000000,-19.21,-6.17,-15.04,-3.79,,READY
1111.mp3,e88ee252534c202585cd0260a6c682324e82db6456f8b38f25672a99180bf189,48000,2,240000,5.000000000,-40.42,-29.94,-12.48,17.42,GAIN_ABOVE_+10_DB,READY
1112.mp3,c149aa1f0bd4f4757574a98a2a2e63dde354be6137992c6e32b12392b30ef717,44100,2,220500,5.000000000,-30.59,-19.79,-12.80,7.59,,READY
1113.mp3,a63faa736f944266137182c376e4dffb8029920aa850b4eee3b733d2fd1ddaad,44100,2,220500,5.000000000,-32.97,-21.13,-13.84,9.97,,READY
1114.mp3,9b12924193c9999ee55c066e6603a9b926d93a238dff810245f3d793f0ce4458,48000,2,240000,5.000000000,-17.73,-5.85,-13.88,-5.27,,READY
1115.mp3,b0ef0d4b468c44bebb8ce89226e2599e3e858dc397e8ff03f31aabec4880164c,48000,2,240000,5.000000000,-47.11,-27.33,-21.78,24.11,GAIN_ABOVE_+10_DB,READY
1116.mp3,207f225d820b2c43065fa02c90ed28186f4b8a1fc837681f40bd37dc90a2965c,44100,2,220500,5.000000000,-41.09,-24.71,-18.38,18.09,GAIN_ABOVE_+10_DB,READY
1117.mp3,7fa9b8cef7d4debc859718ee6055b4a009c543f77ad962dd5554598129fe7876,48000,2,240000,5.000000000,-24.82,-5.81,-21.01,1.82,,READY
1118.mp3,894682d4f802cd2452931fdc126cda5ff79b5c6dc982acf37ab5ed76e2e06b45,48000,2,240000,5.000000000,-29.94,-18.98,-12.96,6.94,,READY
1119.mp3,9a98089600122b24757850379ce4bc15af47f32311f6a8fea3642fe4072a612d,48000,2,240000,5.000000000,-47.22,-35.50,-13.72,24.22,GAIN_ABOVE_+10_DB,READY
1120.mp3,503a9ef32d2c1b2065ef7e47aec47d253b67058c94ac11eb43a5a5d499cfc4d6,48000,2,240000,5.000000000,-27.29,-14.12,-15.17,4.29,,READY
1121.mp3,bfe9bccd7dd5f25c8d88e6dbf3a8cc6414235cca6a1d7788dd7fd182542c8837,48000,2,240000,5.000000000,-20.76,-9.17,-13.59,-2.24,,READY
1122.mp3,9b19111189f78ec150f3c265dd54fc52b3a8b3f47a531d573a8f1fd6978a3e56,48000,2,240000,5.000000000,-16.28,-6.66,-11.62,-6.72,,READY
1123.mp3,69ccf6a0527b883a73b7e2f88248e2ac2118d3020ff7153e4e049b9dfa6d22fd,48000,2,240000,5.000000000,-17.11,-5.97,-13.14,-5.89,,READY
1124.mp3,ebb94e529e9f96eb110d9a61240ab91da1a9b4376d7d3265093b5124d3a784ae,48000,2,240000,5.000000000,-12.82,-0.42,-14.40,-10.18,ATTENUATION_BELOW_-10_DB,READY
1125.mp3,6f642e594e85e692b33118d51fd4448a96668ae61e8379659acb5a802fc1f3c0,48000,2,240000,5.000000000,-24.34,-7.59,-18.75,1.34,,READY
1126.mp3,567fed1a1d8a06ecbee22c628313ccee04e34ae14bbda0735c81992ce50b2fbe,48000,2,240000,5.000000000,-21.38,-8.09,-15.29,-1.62,,READY
1127.mp3,6a5332baeed6c7478753ed1608aa36d60ca70aa30b75879118a9dce4eb4a7a4f,48000,2,240000,5.000000000,-12.00,-0.67,-13.33,-11.00,ATTENUATION_BELOW_-10_DB,READY
1128.mp3,f496b5bcac0ea9b2d70ca6698aa78d507022dce356341072375f465b6e81a24d,48000,2,240000,5.000000000,-44.93,-34.80,-12.13,21.93,GAIN_ABOVE_+10_DB,READY
1129.mp3,178260c39dd080e2d758ebff7cbeaf08b44679403a938a7f4e0dad3f69b503c3,48000,2,240000,5.000000000,-34.81,-18.99,-17.82,11.81,GAIN_ABOVE_+10_DB,READY
1130.mp3,cb5c30010763c098076669835e1685c485e513dfc43f83f0873f73e9781fa5d3,48000,2,240000,5.000000000,-35.21,-23.16,-14.05,12.21,GAIN_ABOVE_+10_DB,READY
1131.mp3,612cc8fe02da5920212f406110b4c3cf89db45e8d417d67e230d438343ba8bd0,48000,2,240000,5.000000000,-25.30,-15.32,-11.98,2.30,,READY
1132.mp3,f58e8ec1bac70d710acc01133922cff9ba5e4f4c65a05b137a8c6c1e3e2b865b,48000,2,240000,5.000000000,-15.14,0.10,-17.24,-7.86,,READY
1133.mp3,f693d4f83f248445fb99fc56fd15ff2f3f14f7452276cc75b1493f8b2176cc42,48000,2,240000,5.000000000,-21.25,-12.13,-11.12,-1.75,,READY
1134.mp3,8d97e4f95d335bde9630719cef926104a2a7454f8b14e28d35289404d9b4ee5c,48000,2,240000,5.000000000,-35.25,-19.34,-17.91,12.25,GAIN_ABOVE_+10_DB,READY
1135.mp3,f00511e7c96ab56d7f64cc19e8115f1e40ffd834c054728914394eb99af8d199,48000,2,240000,5.000000000,-36.01,-23.53,-14.48,13.01,GAIN_ABOVE_+10_DB,READY
1136.mp3,3919d3c8b03044fdff42dcee6338444bc13eb261391f5e5a596f0ad6dfdceea1,44100,2,220500,5.000000000,-42.83,-29.06,-15.77,19.83,GAIN_ABOVE_+10_DB,READY
1137.mp3,5a924495f686755d6d8661c98f751a561043b68d7f2c5c3e485736f1e5c64a68,48000,2,240000,5.000000000,-22.58,-10.85,-13.73,-0.42,,READY
1138.mp3,77040766058f52eb8a0356d3ee9748300ac6576ca052930a8a55c9302dcf110f,48000,2,240000,5.000000000,-50.15,-26.59,-25.56,27.15,GAIN_ABOVE_+10_DB,READY
1139.mp3,457ef77fff99f8fa4c6e7d57a25bacb0747c69c3c6ed3b0ebe377fe8cb8bd594,44100,2,220500,5.000000000,-48.72,-32.92,-17.80,25.72,GAIN_ABOVE_+10_DB,READY
1140.mp3,3c3d3e9076d63fb85d9088b5975e42a089ad28b4181ecf8f4e89ab3f3734c986,48000,2,240000,5.000000000,-69.54,-57.14,-14.40,46.54,GAIN_ABOVE_+10_DB,READY
1141.mp3,aeec7af40cfcb47b49c02a5d0ca5bd2e07b1b2871c5792e96c7b9385ba56c043,48000,2,240000,5.000000000,-19.06,-7.75,-13.31,-3.94,,READY
1142.mp3,59349c912788966d5e2e7594bf63e895a4573c8f7c5d2833107b0e6ed167bc4c,48000,2,240000,5.000000000,-34.22,-6.92,-29.30,11.22,GAIN_ABOVE_+10_DB,READY
1143.mp3,9396a1ab2b1cdd5ec6f12087e49f936eaca1717e16c93d63cdffb7ebc3568030,48000,2,240000,5.000000000,-23.59,-12.04,-13.55,0.59,,READY
1144.mp3,f67a416993f601709da824ed1cd81605bca8d6c15547f975de05183b59d40b16,48000,2,240000,5.000000000,-26.30,-10.40,-17.90,3.30,,READY
1145.mp3,4b0e5371166bfea437ecd341851bd421406f54f63082cce43683ad2f0c189c44,48000,2,240000,5.000000000,-50.13,-27.65,-24.48,27.13,GAIN_ABOVE_+10_DB,READY
1146.mp3,395fbecd5be4ccd52b5f38ddf7ccc94a203bdc3e54f62bf5b4657afbfeb86b7b,48000,2,240000,5.000000000,-58.51,-45.68,-14.83,35.51,GAIN_ABOVE_+10_DB,READY
1147.mp3,1de2b878c686e21f46ab6a3fd4cbccbeeff1357cd83a9b67a4e3f4579c9d5c74,48000,2,240000,5.000000000,-38.96,-24.44,-16.52,15.96,GAIN_ABOVE_+10_DB,READY
1148.mp3,59710a70b5afce98d9cdd6925f90cb0f5e4928f9a6443786154433954dfb0201,48000,2,240000,5.000000000,-46.17,-31.06,-17.11,23.17,GAIN_ABOVE_+10_DB,READY
1149.mp3,4fa7d301e554ea84312c0f3e57bcaf529092c39ebce3772e22956df66cebbd9e,48000,2,240000,5.000000000,-28.30,-13.02,-17.28,5.30,,READY
1150.mp3,f2e037cf56825f25cbbad0e2c9c1ec6fd334ca723d49527b7d452719215173dc,48000,2,240000,5.000000000,-30.53,-17.16,-15.37,7.53,,READY
1151.mp3,224ee110d1c56efc5e05e06f7d799418253a66054b4c0de71d052bb2f52451ce,48000,2,240000,5.000000000,-38.88,-28.42,-12.46,15.88,GAIN_ABOVE_+10_DB,READY
1152.mp3,5fa509361acf24eae2ad82636c134b28f5c36bc2bad65da369a97f87cb9473d0,48000,2,240000,5.000000000,-26.56,-10.76,-17.80,3.56,,READY
1153.mp3,7ee216193d192f9d9bab2d9814fbe6711351980117ab8a563e3d37d0dd966202,48000,2,240000,5.000000000,-26.40,-15.28,-13.12,3.40,,READY
1154.mp3,3d10ba31244528fa6b49a585185f1842645a732353fc8ffa3e3be2cebfe4049f,48000,2,240000,5.000000000,-18.54,-5.94,-14.60,-4.46,,READY
1155.mp3,4f01799cd48b122a8ecfbbf62af61a874c4787a8eb46a802354c7c0b93e03afc,48000,2,240000,5.000000000,-15.22,-2.44,-14.78,-7.78,,READY
1156.mp3,805037c8658a75f4330babd5e568af699878afe3f0e623eb5f3c5db8055d11ee,48000,2,240000,5.000000000,-23.01,-8.54,-16.47,0.01,,READY
1157.mp3,214d9c174e0563f7f799e7ed66ff8aeaa75eb24275b7401c045144edfa361ab1,48000,2,240000,5.000000000,-39.22,-21.16,-20.06,16.22,GAIN_ABOVE_+10_DB,READY
1158.mp3,e8b182cc25a035a1a1116dca0d78dadea211e81b15669e42692780c0ba4494ae,48000,2,240000,5.000000000,-17.45,-4.35,-15.10,-5.55,,READY
1159.mp3,388d5a7d2a66911917b9fb2df7dbc0da0da6582dc5e8859ceb05159a0c064c8d,48000,2,240000,5.000000000,-26.14,-13.72,-14.42,3.14,,READY
1160.mp3,499cfb50ad4bb56e5674f2aafe20b7f04e48240ece4d02a9e961daa43d6c04a6,48000,2,240000,5.000000000,-26.40,-15.54,-12.86,3.40,,READY
1161.mp3,59d8c206f7b67449ce44b4aed98c0b938b898bf232497821962b552270f70401,48000,2,240000,5.000000000,-31.16,-18.08,-15.08,8.16,,READY
1162.mp3,ee5bafc3516630b6c7fbe44b7ab39a484bae0e9ef17a7235ceb1eded73b3fdac,48000,2,240000,5.000000000,-50.28,-39.22,-13.06,27.28,GAIN_ABOVE_+10_DB,READY
1163.mp3,63b47716ac8604b1c6749cc562e59fa47636d699a1c75d8b59052b1cae53920a,48000,2,240000,5.000000000,-24.61,-8.69,-17.92,1.61,,READY
1164.mp3,4155491053c28f5d8ffb7e145c27588805833024eb00ee36873b9d593bda4308,48000,2,240000,5.000000000,-22.37,-9.48,-14.89,-0.63,,READY
1165.mp3,029bbabcf92c81f8f6d0e3a0d65e484477db393e519ea1c6f61efc34a4d7d491,48000,2,240000,5.000000000,-28.74,-14.46,-16.28,5.74,,READY
1166.mp3,5a8e63c2b177182ede43e08fd5e121c96e727b70cb92803dec16b151bc445678,48000,2,240000,5.000000000,-16.81,-9.69,-9.12,-6.19,,READY
1167.mp3,e3fa7e014a05a4718af56dc86fb141207c392977594e5f4e52639ff813b58f31,48000,2,240000,5.000000000,-30.85,-18.00,-14.85,7.85,,READY
1168.mp3,c813be4284e62040c15f0ebb89b9d5aa0f81dbb7db456a3041c0fa35e9008d66,48000,2,240000,5.000000000,-35.86,-27.47,-10.39,12.86,GAIN_ABOVE_+10_DB,READY
1169.mp3,4324ca6444e381d3cb9d2f782d7ad708da4f8fb02bbc0108b0351d74ab3c012d,48000,2,240000,5.000000000,-16.17,-2.63,-15.54,-6.83,,READY
1170.mp3,dcd9959a5e5e7bd666cc95cd1974b0f33bb65c033f9b0f1092d87b3d26fdb8eb,48000,2,240000,5.000000000,-21.71,-10.56,-13.15,-1.29,,READY
1171.mp3,370933becc99787d4343d994ac5c01116649eec64bdee9a2df1aa42857ba5297,48000,2,240000,5.000000000,-8.59,0.31,-10.90,-14.41,ATTENUATION_BELOW_-10_DB,READY
1172.mp3,54e1bcbb9e92204e2201652cf352da14bd1dd34750803f8d4a15262ef9fa9a4e,48000,2,240000,5.000000000,-36.95,-24.48,-14.47,13.95,GAIN_ABOVE_+10_DB,READY
1173.mp3,9a11cf9f29d6f6a0facc636c15e8e8f6d093857c1deec6f542314e12f0fa83ec,48000,2,240000,5.000000000,-32.62,-21.62,-13.00,9.62,,READY
1174.mp3,ddb98a413e1f3a4379097f79f44758cad1b227ebf3ac3525c3ea81d25cc5b08c,48000,2,240000,5.000000000,-20.34,-10.48,-11.86,-2.66,,READY
1175.mp3,3187b4b2318f75203ca7f0983a9f0c91c1e6176ce6993e6ce3ef833e10e0f31c,48000,2,240000,5.000000000,-24.59,-13.12,-13.47,1.59,,READY
1176.mp3,c1f9cd3e1c8460d8876dbf1da7d52fbbf8f0e5bfc84de9bc5fe203c53ec27090,48000,2,240000,5.000000000,-19.78,-9.44,-12.34,-3.22,,READY
1177.mp3,5968d975a56d5a129600fbc423069bfd252e75c7bb244174c30dc390d39e7c03,48000,2,240000,5.000000000,-38.07,-25.45,-14.62,15.07,GAIN_ABOVE_+10_DB,READY
1178.mp3,9666e153059706a9dd2aac8d11cc55f1b61acf4a2925e9f4a92b9bc5679ea8bc,48000,2,240000,5.000000000,-35.51,-19.23,-18.28,12.51,GAIN_ABOVE_+10_DB,READY
1179.mp3,a1207372a0dbf34ff15d6c181e80c463ca28a4ce7ff8a71839e769aa5d769d34,48000,2,240000,5.000000000,-46.19,-35.80,-12.39,23.19,GAIN_ABOVE_+10_DB,READY
1180.mp3,79e659b0662f80a918a79bd14d5ee32cde080b605a51f0b804b6fd59604b9f8d,48000,2,240000,5.000000000,-23.94,-6.04,-19.90,0.94,,READY
1181.mp3,91647fcf4ef60163f7119e3dfa19a9fce5bbddd3bf93ecafc816f8044fdac70c,44100,2,220500,5.000000000,-22.92,-13.03,-11.89,-0.08,,READY
1182.mp3,7e4157b0cd8182cfc51f7f3a1c71108bfd1788825aa228e848be3aae90737f75,48000,2,240000,5.000000000,-19.23,-6.23,-15.00,-3.77,,READY
1183.mp3,abdf51e6fa5899df3fa410a4c67337c067b0e5b0f7b438f842143458e03b2af9,48000,2,240000,5.000000000,-19.27,-6.90,-14.37,-3.73,,READY
1184.mp3,fe19138deda4957f9fdf68a19be9c077e1ecf68c3dc5f8ab25fa272dc96d91b2,48000,2,240000,5.000000000,-22.48,-8.28,-16.20,-0.52,,READY
1185.mp3,ab70ff1b9a3e0e9a853590ce7046af3da49fe415d18037b3079ab2712fb58ac5,48000,2,240000,5.000000000,-24.94,-11.70,-15.24,1.94,,READY
1186.mp3,1efc40f511e7b63a82705cfa93acd531b864bc66d3a20109145af689b306fe8f,48000,2,240000,5.000000000,-26.13,-5.12,-23.01,3.13,,READY
1187.mp3,c211300fcd6081cdffced2b76b244531b272e5111f2ad20a369938caacede2e1,48000,2,240000,5.000000000,-36.64,-23.76,-14.88,13.64,GAIN_ABOVE_+10_DB,READY
1188.mp3,83d7aa52dc168df894187f07ce83bee3e9651f44f663052cc56fa9a3e4037861,44100,2,220500,5.000000000,-40.17,-30.02,-12.15,17.17,GAIN_ABOVE_+10_DB,READY
1189.mp3,64eafc759311e39c596dee783b81e73bd7831a17d89e56e85d1ddb5872f857f3,44100,2,220500,5.000000000,-26.55,-10.07,-18.48,3.55,,READY
1190.mp3,2c2231f4ad3cb7aaf2b926bb1453a15ff8167d406ed10820ba5d91c71d31547d,48000,2,240000,5.000000000,-28.19,-12.69,-17.50,5.19,,READY
1191.mp3,9df3613190f90842436810d36094ac5644e403c7b475a2c08d5041204f7fbd18,48000,2,240000,5.000000000,-30.68,-21.44,-11.24,7.68,,READY
1192.mp3,7ae30ba45a0896602594395ec9e569d6f2f6db49ca0f609d2ae7c2e4c3dd62e8,44100,2,220500,5.000000000,-38.99,-26.64,-14.35,15.99,GAIN_ABOVE_+10_DB,READY
1193.mp3,37031624a622170fbbc07a0c61c6c1c8422024dc5df94e421cdb63281102df6c,48000,2,240000,5.000000000,-26.31,-13.24,-15.07,3.31,,READY
1194.mp3,6f62d69eae99450a60399300060b0123727cca9bb1f831a51cb94efcf530c524,48000,2,240000,5.000000000,-21.96,-10.76,-13.20,-1.04,,READY
1195.mp3,8c0a21cadcd13b33b080510e0203b9c3a8618992421d3efe3575ba7d0c7c6fc5,48000,2,240000,5.000000000,-35.34,-21.29,-16.05,12.34,GAIN_ABOVE_+10_DB,READY
1196.mp3,4bcc71ac66227e6e5f443471f0056ec68799d825ea4e6ffb29e66304091bd286,48000,2,240000,5.000000000,-17.86,-5.21,-14.65,-5.14,,READY
1197.mp3,17bd61d06edffa6a0a555df1f44757869badcb104b4f66238eb626cbe0d024fd,44100,2,220500,5.000000000,-51.14,-36.26,-16.88,28.14,GAIN_ABOVE_+10_DB,READY
1198.mp3,087555c6b7e81664661476c892bcaba589ff708036184840753421d1e00cc285,48000,2,240000,5.000000000,-22.59,-11.82,-12.77,-0.41,,READY
1199.mp3,f5c7ddcaff4a44450f95fa244abed8bb59eee57f31b1a6865d0a4439fe11f53a,48000,2,240000,5.000000000,-41.27,-22.96,-20.31,18.27,GAIN_ABOVE_+10_DB,READY
1200.mp3,84919fbb3a3b575ad657535c96bf491bbbab78050f3e8a29c4b7dc37a08e4c14,48000,2,240000,5.000000000,-49.03,-29.18,-21.85,26.03,GAIN_ABOVE_+10_DB,READY
1201.mp3,f9de3754e08abfec0fe904fce703374c0603dc0c5c92f5d52bc6eb8bfd4df0db,48000,2,240000,5.000000000,-24.32,-11.87,-14.45,1.32,,READY
1202.mp3,b3fc489d3a97c94d3666d680e6a0eed61075ee2b3dfe28ce51e079197138cf0c,48000,2,240000,5.000000000,-34.37,-21.74,-14.63,11.37,GAIN_ABOVE_+10_DB,READY
1203.mp3,f5c24ac4999a2d0071d8ff4d0559a68f2e3e444f49e0c1d5f53dc672ee704687,48000,2,240000,5.000000000,-27.17,-15.86,-13.31,4.17,,READY
1204.mp3,30891bf2c9fa6ba876108a80cb1d409dc62d214120a2fd2dba607e02ca2dca03,48000,2,240000,5.000000000,-22.94,-8.58,-16.36,-0.06,,READY
1205.mp3,23b3a649e4de0e08ede9b84f91659e437ae41177a0ca9b13b0128c0281563fc1,48000,2,240000,5.000000000,-38.57,-22.60,-17.97,15.57,GAIN_ABOVE_+10_DB,READY
1206.mp3,88446e62dee66c7e7511157efa4940bac8e802038c4a7ce2ac617dab8ca5c820,48000,2,240000,5.000000000,-51.25,-40.36,-12.89,28.25,GAIN_ABOVE_+10_DB,READY
1207.mp3,1e1d40cc31bda699a5e71baf3ce647d7f195b6e6cb83fc0586703b147f84d9e0,48000,2,240000,5.000000000,-26.63,-17.31,-11.32,3.63,,READY
1208.mp3,a6e59898175005d5127822c72b43efa66a49f08476c60f2e390df27b18f306c5,48000,2,240000,5.000000000,-13.25,-3.34,-11.91,-9.75,,READY
1209.mp3,a66ea17403d810b47b05d21ebe57cfc7883eaebd8d64d170d2fe5ee1d0ad491c,48000,2,240000,5.000000000,-22.17,-10.31,-13.86,-0.83,,READY
1210.mp3,2e607eeb0960583d091899cd46eb5aaf681d82024ee5ac6e54b3a2eb24c4cbd0,48000,2,240000,5.000000000,-24.85,-7.77,-19.08,1.85,,READY
1211.mp3,13970aa1d98ce89aaccfc5091b27205fc7c83e06291936b3c26ad139cb899e7c,48000,2,240000,5.000000000,-40.84,-29.04,-13.80,17.84,GAIN_ABOVE_+10_DB,READY
1212.mp3,c922bd451036d7b67f7ef8aa9bd62721791cd4675e8b9d576dc8c6f58f824387,48000,2,240000,5.000000000,-6.96,0.19,-9.15,-16.04,ATTENUATION_BELOW_-10_DB,READY
1213.mp3,e13c291d4048cac52a29b4750ba6769d52a3540ba221157feadb752ab76ac8c1,48000,2,240000,5.000000000,-53.47,-34.34,-21.13,30.47,GAIN_ABOVE_+10_DB,READY
1214.mp3,f485942ee35d88560e1f24df654f4ae48f9e2fc1c2f3c114016c09f5f8e49eb0,44100,2,220500,5.000000000,-15.60,-4.50,-13.10,-7.40,,READY
1215.mp3,4364d25a1f86c93f5ca7d50fcc49754827b2d38b3299a38f41f8e8e2a6d310f0,48000,2,240000,5.000000000,-15.40,-11.91,-5.49,-7.60,,READY
1216.mp3,62d1a90419dd08d149c812f21cfb55b946a103acda5b6a74e34cd275c66d1da2,48000,2,240000,5.000000000,-22.65,-8.53,-16.12,-0.35,,READY
1217.mp3,73f3b284b911e31e68e64d707adfd6a4eae7fa332b41e708af2e164d7c974699,48000,2,240000,5.000000000,-16.77,-2.40,-16.37,-6.23,,READY
1218.mp3,4f67dfae17030ecb121cbf0ecb2dc1ea12ef28090ce75918dcec7679447f38ce,48000,2,240000,5.000000000,-29.17,-6.36,-24.81,6.17,,READY
1219.mp3,e32f5e9b8e1183a80fb9455fd264e37a3c7ac3c09f372e8a8a3c72f1415a482d,44100,2,220500,5.000000000,-30.97,-18.34,-14.63,7.97,,READY
1220.mp3,04144710e6cdd45f48c2634111b3a6512f447d936c095368d6d9f7262c7de703,48000,2,240000,5.000000000,-38.89,-22.58,-18.31,15.89,GAIN_ABOVE_+10_DB,READY
1221.mp3,13c602dcf6acad0d7458441be5a016138ff8d25d8edfcf77e3675d0e3b1fb0b7,48000,2,240000,5.000000000,-24.06,-11.31,-14.75,1.06,,READY
1222.mp3,343a9169563291e0a90b33ec07f039189dd891091d5ac0df4ff5902c5fec9a27,48000,2,240000,5.000000000,-33.12,-18.77,-16.35,10.12,GAIN_ABOVE_+10_DB,READY
1223.mp3,1be9458f0b6c1d7ffd37ca56a2c439c43ee9f8bc5b51ed3dbab8e3382f3f67d9,48000,2,240000,5.000000000,-63.06,-49.58,-15.48,40.06,GAIN_ABOVE_+10_DB,READY
1224.mp3,ba5e170e4c4325073122ed02cce5b5ed67551923aefacbdbbc50c98459711957,48000,2,240000,5.000000000,-16.56,-4.17,-14.39,-6.44,,READY
1225.mp3,d7088888398b582c8eb9ee82c152ee9029f84794d008a69fcaf1eee0e3d37c7e,48000,2,240000,5.000000000,-40.28,-25.15,-17.13,17.28,GAIN_ABOVE_+10_DB,READY
1226.mp3,5828dcfbb595eb68861dc08a76419385490ad5e0f7f2b820da09543b18bc6f13,48000,2,240000,5.000000000,-29.28,-7.73,-23.55,6.28,,READY
1227.mp3,18f278f5b808953b7b16401cb06b4a1687bc9f583874234284e12820a45e5680,48000,2,240000,5.000000000,-30.22,-12.92,-19.30,7.22,,READY
1228.mp3,d828d91cae9eb1a5716d2eae88b3e511d277ffd466a05a8ea2642a97da9d2d62,48000,2,240000,5.000000000,-11.73,-0.70,-13.03,-11.27,ATTENUATION_BELOW_-10_DB,READY
1229.mp3,cb8ffaf94b4e7143736a5418066820695e9c4b70cdd32f1a80d43743d0f675c8,48000,2,240000,5.000000000,-17.91,-9.20,-10.71,-5.09,,READY
1230.mp3,a9bfb55c4105d6d154ab0227352836b0c15ede6584ff0b20820f48a8f74c529e,48000,2,240000,5.000000000,-51.04,-39.58,-13.46,28.04,GAIN_ABOVE_+10_DB,READY
1231.mp3,7d4c6af185cd67c8b64b491438e3e49bc90c47b6b97b2d89eb22d4dbd6b84af9,48000,2,240000,5.000000000,-25.18,-12.59,-14.59,2.18,,READY
1232.mp3,8280eaee0c813e46a1382cddc0abcdfd37dbdb394dc221daa0fbdab2025ea2ca,48000,2,240000,5.000000000,-24.00,-7.20,-18.80,1.00,,READY
1233.mp3,648c8d759b316cdc9d79954cd8db7f166bf1d3d977ebfe162b93f123ca0a3237,48000,2,240000,5.000000000,-26.95,-14.00,-14.95,3.95,,READY
1234.mp3,162f12281fc52ca9e2375b80556336d8df178c8ed7242a6a4f7d7c581a49c822,48000,2,240000,5.000000000,-17.22,-3.38,-15.84,-5.78,,READY
1235.mp3,b13bab507a91617e860b82a916d9b2405f4c527c54dfb54840f45650990fdebe,48000,2,240000,5.000000000,-29.48,-17.87,-13.61,6.48,,READY
1236.mp3,346864e4ad07dc8aa8b1d6e4a40f3e6e23ed8076b68c257b7423e3fe16ca8c15,48000,2,240000,5.000000000,-9.51,0.48,-11.99,-13.49,ATTENUATION_BELOW_-10_DB,READY
1237.mp3,7412bccdac6b0358c31a62facb162f800d81775935bc2c910014f445840f5b3c,48000,2,240000,5.000000000,-41.17,-27.34,-15.83,18.17,GAIN_ABOVE_+10_DB,READY
1238.mp3,e4f3489fe303b7ac35e4d1fee957652f4b931c0741fdf5e8df161df7130ed7c9,48000,2,240000,5.000000000,-33.62,-19.25,-16.37,10.62,GAIN_ABOVE_+10_DB,READY
1239.mp3,68dffc14ce497d2e69b536429b581a2303be7825afbaefbe9ec3356853239080,48000,2,240000,5.000000000,-23.42,-12.29,-13.13,0.42,,READY
1240.mp3,07d31b60e8ff2b44b2286c886aa69cadac52343a7383f52de571394798fb4e08,48000,2,240000,5.000000000,-21.40,-7.96,-15.44,-1.60,,READY
1241.mp3,c2b9e43c55dc4b73ebcfaf5f7eb3d24b531a69eb175a2c8e8f6dc26b5d55202d,48000,2,240000,5.000000000,-23.08,-4.52,-20.56,0.08,,READY
1242.mp3,5a51695b5abbf8bf2d25f643475e3073cd4bda4bb37fcf494c70b68b601bf59c,48000,2,240000,5.000000000,-38.18,-23.45,-16.73,15.18,GAIN_ABOVE_+10_DB,READY
1243.mp3,9be378311421cf398778e6c2a352a03f941cf699119eb9e2b528f2c8c827f07c,48000,2,240000,5.000000000,-18.15,-6.05,-14.10,-4.85,,READY
1244.mp3,e800c6a4b6f69b2da9c47378f5596436c1b950981a5191e94d42bf5f63f61dad,48000,2,240000,5.000000000,-40.82,-28.09,-14.73,17.82,GAIN_ABOVE_+10_DB,READY
1245.mp3,63a50adc966dad2917f7a5522da121344eb639f9834295bc031b8f7441445be3,48000,2,240000,5.000000000,-9.96,-3.33,-8.63,-13.04,ATTENUATION_BELOW_-10_DB,READY
1246.mp3,0598a8f6d1998155c04a52234e9b2ae4b392c2a17499b6b322cf49d31149fef6,48000,2,240000,5.000000000,-20.43,-13.27,-9.16,-2.57,,READY
1247.mp3,e7c97f2daaf0952bee3e419f75bd659f1926d44c6502d355455fa0456590b0f5,48000,2,240000,5.000000000,-23.07,-6.60,-18.47,0.07,,READY
1248.mp3,a84384f7f3a24bad6120f9ebcac8b6563e62f4ff2d673d1d90be7b19ecd30994,48000,2,240000,5.000000000,-18.12,-3.02,-17.10,-4.88,,READY
1249.mp3,b45583c963187a5b335248be7f30a97007985b3b5582a65c41aff78be798ecd8,48000,2,240000,5.000000000,-23.71,-10.09,-15.62,0.71,,READY
1250.mp3,8b0ecad636e2836c0f0cfea73b121104e06a483083f29f59a8b8aa7ed3b8d440,48000,2,240000,5.000000000,-29.07,-19.85,-11.22,6.07,,READY
1251.mp3,a8102650d34d59bdb4423cb92c4346dd21a4049a613a50b9130dee492e09c173,48000,2,240000,5.000000000,-26.55,-10.36,-18.19,3.55,,READY
1252.mp3,954fb4274466bf23b02e80d5342a34b2f4c22f6cd05b4a228faeb341f0fa8186,48000,2,240000,5.000000000,-12.67,-3.92,-10.75,-10.33,ATTENUATION_BELOW_-10_DB,READY
1253.mp3,de62198ff0c4bbc7557b8cc0612012a121bf586d923f5f672f8db9c742782458,48000,2,240000,5.000000000,-41.80,-27.61,-16.19,18.80,GAIN_ABOVE_+10_DB,READY
1254.mp3,f248847bda731450057f02261ed2a323c509fbe69c95ea1655ee0ba1bc872278,48000,2,240000,5.000000000,-42.83,-26.79,-18.04,19.83,GAIN_ABOVE_+10_DB,READY
1255.mp3,d94f35093ff489fa9b5f57f1a4e5a5c91a2754687af70b6e4b4c780dc3581a8e,48000,2,240000,5.000000000,-17.02,-1.04,-17.98,-5.98,,READY
1256.mp3,7ea428b6098fc96cf9a4f23ea63efa903b398533142a6649b09b8b26db8d0307,48000,2,240000,5.000000000,-25.53,-14.11,-13.42,2.53,,READY
1257.mp3,18438f293879c6cc7f98e2bbd8c8acd438d70d6fccd1501eda6425ec0a299d28,48000,2,240000,5.000000000,-33.41,-19.83,-15.58,10.41,GAIN_ABOVE_+10_DB,READY
1258.mp3,e1371ebf9fa375c8c63a8ec21df3ceda947c6f5fc98a58729a6a35792edbc162,48000,2,240000,5.000000000,-15.56,-2.66,-14.90,-7.44,,READY
1259.mp3,218c6ad7f1bd2714bd20cee3a430d8a80f2aaa1a322ce59d2c99f1f8d9e74679,48000,2,240000,5.000000000,-24.71,-10.98,-15.73,1.71,,READY
1260.mp3,24e6b3d4c1178778f7a1268cbb9c234fdbb4b32cb3990fd9fece00a5aa04edd4,48000,2,240000,5.000000000,-16.34,-7.18,-11.16,-6.66,,READY
1261.mp3,3d083e81fca26ab371d6f70c9582c27d0a90286698ae937ac341fea55158b5b1,48000,2,240000,5.000000000,-38.63,-22.04,-18.59,15.63,GAIN_ABOVE_+10_DB,READY
1262.mp3,ae96d968f00b4ab4829a680c4d0b9765bd80e4c23e4d92f9b4b04d42df37ce10,48000,2,240000,5.000000000,-19.80,-6.20,-15.60,-3.20,,READY
1263.mp3,4417a9c583ac69ae730ef4a93aa86287b4d27d8e066c39b928226eb5a48db5b7,48000,2,240000,5.000000000,-38.14,-19.14,-21.00,15.14,GAIN_ABOVE_+10_DB,READY
1264.mp3,3db92b183b4c8da71c8a1a7255d49c29605fd8debef564b848659d037f65d327,48000,2,240000,5.000000000,-52.36,-36.65,-17.71,29.36,GAIN_ABOVE_+10_DB,READY
1265.mp3,06bfeb6ecb59f2df3366af242d75d06b14961c72458211aa51172f27c3235b1a,48000,2,240000,5.000000000,-17.11,-9.16,-9.95,-5.89,,READY
1266.mp3,2caa0f2944443ef1b07362a4476c4ac548c83a39527ffcfb8bbcd647fe094ebd,48000,2,240000,5.000000000,-29.85,-12.91,-18.94,6.85,,READY
1267.mp3,705debb3fc891cd830b969740147bc07a35a99cdb8578fa409ade152086f0920,48000,2,240000,5.000000000,-33.93,-20.72,-15.21,10.93,GAIN_ABOVE_+10_DB,READY
1268.mp3,9dbba0099bf7737576b333ac53fc64461c9e15a1614d52cc39b94449b16b944c,48000,2,240000,5.000000000,-28.06,-9.99,-20.07,5.06,,READY
1269.mp3,4966c8ccab54f6ef6e4049c99a667ced5e2c2a3240aa87369dc0b44afc2f0db7,48000,2,240000,5.000000000,-35.09,-27.34,-9.75,12.09,GAIN_ABOVE_+10_DB,READY
1270.mp3,8c93f44e2ce4164658a39143eb10293b59de8537198db02f2ca9e3763fad32bd,48000,2,240000,5.000000000,-20.91,-7.07,-15.84,-2.09,,READY
1271.mp3,b1f7968b10cf235ddbf0b776cff0f51eda8853ca167e89aff2802366d984f672,48000,2,240000,5.000000000,-21.69,-6.98,-16.71,-1.31,,READY
1272.mp3,4799ccc63943949ae2b0e1340d86fd731adb369d91e1340e38d6172767338bfe,48000,2,240000,5.000000000,-19.77,-7.24,-14.53,-3.23,,READY
1273.mp3,5111f96e0775c698ef06154237692eac8e9c90c96b767044556ab7f10928e885,48000,2,240000,5.000000000,-31.25,-14.94,-18.31,8.25,,READY
1274.mp3,e0c0d58db50c77f07de4d948770eb8ee7293a3d99b8ee9226d2020be48988d6f,48000,2,240000,5.000000000,-28.93,-11.62,-19.31,5.93,,READY
1275.mp3,d34b32fcaf4a4e1d6578f19f8785995f692053139d5f61a27aff6b4d302de9fe,44100,2,220500,5.000000000,-26.38,-12.96,-15.42,3.38,,READY
1276.mp3,8653cc07392d898264777f472da23309b334c084edcf01855bc9437dbae4856e,48000,2,240000,5.000000000,-33.19,-21.90,-13.29,10.19,GAIN_ABOVE_+10_DB,READY
1277.mp3,d7498cff82febc2d4407f0bfd1b7ea7d70b1ba37cf21c794176ea807cf65cd41,48000,2,240000,5.000000000,-34.10,-23.36,-12.74,11.10,GAIN_ABOVE_+10_DB,READY
1278.mp3,f453c12bb21b968c66acbe66dcdeba0102bed942b0c91d706797e044f770c3c1,48000,2,240000,5.000000000,-28.96,-17.90,-13.06,5.96,,READY
1279.mp3,9532f93fb0dd1a56cdb5616dab49ec229fc755f910881831481ad36ef98dfd99,48000,2,240000,5.000000000,-26.15,-10.08,-18.07,3.15,,READY
1280.mp3,065dc4c5dd47d9286857fbbd650c69a3e0e022b506306f42b2e5c6c0f3bb6bb0,48000,2,240000,5.000000000,-38.50,-26.88,-13.62,15.50,GAIN_ABOVE_+10_DB,READY
1281.mp3,6096cf5dfba4553a22cead51f51e55859f00ab6f50e0c5430c0163286158c87d,48000,2,240000,5.000000000,-22.23,-9.04,-15.19,-0.77,,READY
1282.mp3,3e20431aa9df267f4383928b441576ba68c14e41028cced16fb8d8b37e6d283c,48000,2,240000,5.000000000,-15.75,-4.54,-13.21,-7.25,,READY
1283.mp3,48215b2d125fb9160b89fb528b870465357f2acd805c5d6188a849f3bd52436a,48000,2,240000,5.000000000,-18.06,-6.26,-13.80,-4.94,,READY
1284.mp3,fb570f16c3b1d6ceede02e78590294cce57f24e812b30f669c38e17e4855a956,48000,2,240000,5.000000000,-32.05,-10.83,-23.22,9.05,,READY
1285.mp3,fe4da20a9fca5098d5a4a90c5bd9a5a6bc8f2410ae51678cb81029680530ce61,48000,2,240000,5.000000000,-26.50,-15.31,-13.19,3.50,,READY
1286.mp3,977ca96b5f115040e56375223592e56132ed91d3ddf34b4f069eeacc036cd47d,48000,2,240000,5.000000000,-26.41,-12.00,-16.41,3.41,,READY
1287.mp3,d0e24ce1e1f7731f924196b6e11a32fd2edd3bc988ecc226f9bbb33a7e048265,48000,2,240000,5.000000000,-22.48,-6.87,-17.61,-0.52,,READY
1288.mp3,eba4d782612d919c3eb4e3589f0455afbfb96efe785a907d477be57862e85ec6,48000,2,240000,5.000000000,-18.84,-7.70,-13.14,-4.16,,READY
1289.mp3,3b3eaf8088f8939d9b677945ee7a582aec9ae43c2b48d1a75385f9578719d091,48000,2,240000,5.000000000,-20.80,-9.28,-13.52,-2.20,,READY
1290.mp3,90e7c4a94ce2abd6463ce7ebb9a612b83873db8a4a5e31d2d9b612c621aa8567,48000,2,240000,5.000000000,-24.69,-4.55,-22.14,1.69,,READY
1291.mp3,87494cb97fc05b5901038e10b37b17e987326156abbeb7db0196ea54e5e3972b,48000,2,240000,5.000000000,-43.72,-32.03,-13.69,20.72,GAIN_ABOVE_+10_DB,READY
1292.mp3,6d07489f0a3616d1d19ddc5befa4dae2bab88426c0245555b41a0003ed16e464,48000,2,240000,5.000000000,-23.66,-8.31,-17.35,0.66,,READY
1293.mp3,c471fd947482a3134b52886f1b88ef334affd033ff0c63adfb1de4ec10e429c3,44100,2,220500,5.000000000,-23.72,-7.97,-17.75,0.72,,READY
1294.mp3,78c9630447c2b90fbc635fc95ef4dc4f3db05b7313d29087f38e8a690b5f668c,48000,2,240000,5.000000000,-21.04,-11.22,-11.82,-1.96,,READY
1295.mp3,6061386ae5ecb8bbbe954e617bf6344f91188b4fe30c4e9c9a64675f61a6a2eb,48000,2,240000,5.000000000,-28.16,-12.52,-17.64,5.16,,READY
1296.mp3,f5db948fde7483284f2996a31ac3d1de65c7e7eef8b952391c0af988e47d61aa,48000,2,240000,5.000000000,-28.16,-14.68,-15.48,5.16,,READY
1297.mp3,6f56a32127f1dab7b87a6977e9a2ff8731958a38cc0291f246e198da2a4860c9,48000,2,240000,5.000000000,-32.78,-16.10,-18.68,9.78,,READY
1298.mp3,e1abdcff7244bb3b292e465f556ad02010995ee1a5f45102b8a7946b603c48c2,48000,2,240000,5.000000000,-29.08,-14.25,-16.83,6.08,,READY
1299.mp3,634f82c42c6ead480f5c92631cdd6d2380e2963c57e36ae9bb29a39a4659b938,48000,2,240000,5.000000000,-12.60,-0.93,-13.67,-10.40,ATTENUATION_BELOW_-10_DB,READY
1300.mp3,8fe5bc02228916ab3310f22ab5ab0e960a46211cdb2a42df0cf80ef120c3ba79,48000,2,240000,5.000000000,-34.14,-21.69,-14.45,11.14,GAIN_ABOVE_+10_DB,READY
1301.mp3,a01f2f49f65d3cc7bbd78f0385d5b0a97fd2c68eb80997bf6c0c0cfb7c554abd,48000,2,240000,5.000000000,-25.80,-12.05,-15.75,2.80,,READY
1302.mp3,8407787475cf89324b718fad8c0cd0709daa9527b1b1f13c9e8a08acf245ce0d,48000,2,240000,5.000000000,-30.83,-24.13,-8.70,7.83,,READY
1303.mp3,320a8228812e8f3078ee3f291d6e7f3110cdfd8881187530a93955304226c4c6,48000,2,240000,5.000000000,-29.78,-16.76,-15.02,6.78,,READY
1304.mp3,8db02c7b06170fc519cb16f9576dc543cf82ffeefd03bb6939d9214d693c2a9a,48000,2,240000,5.000000000,-18.19,-7.63,-12.56,-4.81,,READY
1305.mp3,e7e45929089bd68cab45afe83fd08ada8a76ed0639e3b84fec3598b6227b3d93,48000,2,240000,5.000000000,-29.28,-23.25,-8.03,6.28,,READY
1306.mp3,becde41ae3275977b2636d7811d81539700cfd195ac85abd4ba987179bc1fe8e,48000,2,240000,5.000000000,-32.03,-12.73,-21.30,9.03,,READY
1307.mp3,d7536598ae3316174343125bb3bc6f7d02953454bdec601c5859bb3b1d3767d0,48000,2,240000,5.000000000,-46.19,-33.73,-14.46,23.19,GAIN_ABOVE_+10_DB,READY
1308.mp3,7fb158bb20df741924a57a6284dd69843d0aa9c78549d9f21c299d1d320d7a3b,48000,2,240000,5.000000000,-24.39,-14.49,-11.90,1.39,,READY
1309.mp3,53d42c1d424e341b9d24d49c1889d48a4e3c8adad96d443af0e7dcbdd909fe51,48000,2,240000,5.000000000,-31.53,-16.37,-17.16,8.53,,READY
1310.mp3,f29fba41143524d698ffdd8b27880aa1ac960ad3bc5fb2dc6a715ce80f0cf297,48000,2,240000,5.000000000,-28.01,-15.14,-14.87,5.01,,READY
1311.mp3,6d35da2d5597a01158fa7d350adf944effb0741ea4dc492973f525da765054aa,48000,2,240000,5.000000000,-20.00,-6.50,-15.50,-3.00,,READY
1312.mp3,835a3be7a07c43379bba2a9ef6e006e72669fd7e215a6c665c3bcf14a3bcaf9d,48000,2,240000,5.000000000,-30.98,-20.18,-12.80,7.98,,READY
1313.mp3,af95f2b06fd65e5f50672d9cbc15375b0c985e3659166351ae6ef304b3f85ca1,48000,2,240000,5.000000000,-23.35,-10.76,-14.59,0.35,,READY
1314.mp3,b023972084a1562b7fe0a61ab129a84d69a2dd94e9542b98272c066c1f574c78,48000,2,240000,5.000000000,-33.65,-11.72,-23.93,10.65,GAIN_ABOVE_+10_DB,READY
1315.mp3,d243ba1329320e2aa7e828e0fa822e17e60555928e892561068962a941bbf105,48000,2,240000,5.000000000,-36.48,-24.02,-14.46,13.48,GAIN_ABOVE_+10_DB,READY
1316.mp3,5cd60bdc5bce684d0d667941b38ec84adcbe0f7e8b41626eb9e16abec6a0b92e,48000,2,240000,5.000000000,-41.36,-17.28,-26.08,18.36,GAIN_ABOVE_+10_DB,READY
1317.mp3,f842ef703b8498405694eb56bef4f9ad5af5b515dee5a734deee6c4a49164e21,44100,2,220500,5.000000000,-21.52,-6.30,-17.22,-1.48,,READY
1318.mp3,aa83a06aa18cade7569bed554bc559a71542f309a712d88a39e2aecf2215e6e0,48000,2,240000,5.000000000,-15.97,-1.74,-16.23,-7.03,,READY
1319.mp3,ff08f72ab663f1dffdbf4e0d0e6043273d984eca940e78b7fd5b5a9847be21ca,48000,2,240000,5.000000000,-16.45,-2.04,-16.41,-6.55,,READY
1320.mp3,eaf5d7c3d88108958ecdf31882daf948b6563d612790e23a51c9ce2531c64f69,48000,2,240000,5.000000000,-38.39,-20.76,-19.63,15.39,GAIN_ABOVE_+10_DB,READY
1321.mp3,95a794c17a63c1ab27ec016ff227b54d6df5aee8c6460665d92c4c11fd10208f,48000,2,240000,5.000000000,-24.02,-12.65,-13.37,1.02,,READY
1322.mp3,d1e0890c3e60d075e1f93d301276e481af0da144a421ba119c1368e74ad95eb5,48000,2,240000,5.000000000,-12.56,-2.55,-12.01,-10.44,ATTENUATION_BELOW_-10_DB,READY
1323.mp3,b39d1a9bda0e809752da09ef1b34b031a6cf56be2e95ed25a670ecba39981e01,48000,2,240000,5.000000000,-18.43,-6.82,-13.61,-4.57,,READY
1324.mp3,fdfc7d6061b5558f5ad4dc12f55f11badaa40d83641b859aa1446b9d68177842,48000,2,240000,5.000000000,-22.13,-9.31,-14.82,-0.87,,READY
1325.mp3,1fb1c67d878918d62f764eb197c805491c757a9adb8cb5245d603cf8d2556191,48000,2,240000,5.000000000,-18.50,-5.43,-15.07,-4.50,,READY
1326.mp3,5844cb147070e718e0a78ba5f871aa83a6b075c17caa49f1a159a727b269fcc6,48000,2,240000,5.000000000,-25.95,-13.86,-14.09,2.95,,READY
1327.mp3,7a40a2c65d31343f9bfa03671a94fd53be655ebf5c3566535ea4f97adc33f76b,48000,2,240000,5.000000000,-11.17,-0.27,-12.90,-11.83,ATTENUATION_BELOW_-10_DB,READY
1328.mp3,8fcf252d44499c665f552e9c930969734ae1c3184cfa2db65ec0f71febfeba55,48000,2,240000,5.000000000,-33.36,-21.17,-14.19,10.36,GAIN_ABOVE_+10_DB,READY
1329.mp3,d8085c903dad7952e98d2561eabd2aa262315c59fc357da8c1ea26216d348f69,48000,2,240000,5.000000000,-36.55,-21.45,-17.10,13.55,GAIN_ABOVE_+10_DB,READY
1330.mp3,8072d64c2087cb0f6c70f9d55cb5e503c33e3f7e21c5792690c6911bef1dc0ab,48000,2,240000,5.000000000,-20.38,-8.69,-13.69,-2.62,,READY
1331.mp3,39396e66e8e5c0b69eb12c0b0166517b4779984013dc2176366d0b7af1ec803c,48000,2,240000,5.000000000,-32.01,-18.78,-15.23,9.01,,READY
1332.mp3,aede693c1073e2b47ab0c0ba727734fccc85e3c2dc530600b65478bc7ef5d13a,48000,2,240000,5.000000000,-34.77,-24.21,-12.56,11.77,GAIN_ABOVE_+10_DB,READY
1333.mp3,1c48b39de0d3a6f45f26a4fb518620bc55cae1881513f9f420b84a365853414c,44100,2,220500,5.000000000,-29.46,-13.99,-17.47,6.46,,READY
1334.mp3,896dc5a3dee704b9ba716ce63bdebf5940396491830ee67ad2bcec8c309f7dff,44100,2,220500,5.000000000,-27.66,-14.03,-15.63,4.66,,READY
1335.mp3,f1db61470b497290b695ebd9341b4ff3b5d6c6d13edd65d2630458c4a11819b9,48000,2,240000,5.000000000,-26.76,-15.61,-13.15,3.76,,READY
1336.mp3,ea551c587d070a6e2d2c121352d584ef54ed929dfecae135b35af0aba21ee27f,48000,2,240000,5.000000000,-21.34,-11.77,-11.57,-1.66,,READY
1337.mp3,021439ab4586285563c9561e87d14309f60bde98b1385f61629674858e42d388,48000,2,240000,5.000000000,-24.96,-9.45,-17.51,1.96,,READY
1338.mp3,bafe7412b4cff8ec4537b1d415df6d449ee8277ae51a52de1f682683456d4d26,48000,2,240000,5.000000000,-47.20,-38.33,-10.87,24.20,GAIN_ABOVE_+10_DB,READY
1339.mp3,5a018940c79312fcd6c32138aa219cf2f0ef49e38c4eb2335e394dd8acf900d5,48000,2,240000,5.000000000,-27.18,-14.34,-14.84,4.18,,READY
1340.mp3,734e96b91b9b87add5abbb9bc524ca4acba5830df045cab12a603bd312851c66,48000,2,240000,5.000000000,-15.33,-0.43,-16.90,-7.67,,READY
1341.mp3,e4a800a4d7a4defc2a8ca0bde6add0ba5aa9aeb58a2580179e15ea5a14b1ddf7,48000,2,240000,5.000000000,-20.42,-5.70,-16.72,-2.58,,READY
1342.mp3,7a5566fc029aa279d99d95120f81a8ba8406f727c2283e88ca4779f0781293f4,48000,2,240000,5.000000000,-54.17,-36.88,-19.29,31.17,GAIN_ABOVE_+10_DB,READY
1343.mp3,a28f24213ba094cc9db7409c406bf34a1e58b6ff90981fd659cc2dfea61f75df,48000,2,240000,5.000000000,-23.25,-9.90,-15.35,0.25,,READY
1344.mp3,ed1462895daea47e621f171be5a6fb5fccd046e661b66f311d7d8d6db3d68505,48000,2,240000,5.000000000,-33.38,-21.25,-14.13,10.38,GAIN_ABOVE_+10_DB,READY
1345.mp3,42b26eb9d783fdaa57ad4a61584b2470a98ec963c710853cd0bb7d1899e5af24,48000,2,240000,5.000000000,-20.35,-5.57,-16.78,-2.65,,READY
1346.mp3,a1efe92918ecfbde03dfca3065d2e2e5920ad6315a737a486f6567ca069470eb,48000,2,240000,5.000000000,-33.67,-18.84,-16.83,10.67,GAIN_ABOVE_+10_DB,READY
1347.mp3,4e14c0fa1eec229d3e60f242b51635c696450d511e3918c7d499c7b9b427a78f,48000,2,240000,5.000000000,-29.93,-17.11,-14.82,6.93,,READY
1348.mp3,1bce2464e3015ac4268f4b6138c977e2e621700602a9dc149b1bdc23020427fd,48000,2,240000,5.000000000,-40.74,-29.36,-13.38,17.74,GAIN_ABOVE_+10_DB,READY
1349.mp3,6a815caca4b7ba30b7c3b7a5cf40c13478bdd7f8bea6739fa9911ba867e083ae,48000,2,240000,5.000000000,-36.99,-25.70,-13.29,13.99,GAIN_ABOVE_+10_DB,READY
1350.mp3,8e3f9331b3f1ba3b86325f99f6b87adc4ffc86e9ed9eaece14eddc796497590c,48000,2,240000,5.000000000,-14.61,-2.37,-14.24,-8.39,,READY
1351.mp3,6ab578da0634a096689400024d2e0be74c29cacd6f6168a11c3ab391397db41c,48000,2,240000,5.000000000,-22.38,-10.95,-13.43,-0.62,,READY
1352.mp3,083b2822e7c83a9e1cd1a43bbc8162aa64362a1723f0277f05026e34eb91de76,48000,2,240000,5.000000000,-32.55,-16.78,-17.77,9.55,,READY
1353.mp3,a3af5eeea450cfa75520af3a992045b6a7c6b9be02bb3e10a8e163403a0925dc,48000,2,240000,5.000000000,-14.68,-4.41,-12.27,-8.32,,READY
1354.mp3,65b51775496d687e2677b9cd73a12127e2060678f07c6d31ba3f80ff186eba21,48000,2,240000,5.000000000,-21.69,-7.35,-16.34,-1.31,,READY
1355.mp3,8765058c58b93fb2b6f0bf0368e86f8a4f07a04465a98e169ebacb0da5e5cea7,48000,2,240000,5.000000000,-28.17,-13.04,-17.13,5.17,,READY
1356.mp3,042af69e13df8de497cc5cd17f71ee01e17e3725d9750bf8c30906f4c3b66a41,48000,2,240000,5.000000000,-22.02,-9.63,-14.39,-0.98,,READY
1357.mp3,b1e258888936681d1df9e6d620e666a37eb2ff07cc5417b3aa57ed58d2368faf,48000,2,240000,5.000000000,-35.23,-24.56,-12.67,12.23,GAIN_ABOVE_+10_DB,READY
1358.mp3,8e3f5ffecdcd7225adee9ede1420b3d3b85cc2770149a89415c01ed9df07fa1b,48000,2,240000,5.000000000,-36.46,-22.91,-15.55,13.46,GAIN_ABOVE_+10_DB,READY
1359.mp3,65ae8aef22b6b873646a85f4d0a451bf513e935ec6e7ce3251b336d0260d0fd4,48000,2,240000,5.000000000,-36.24,-24.11,-14.13,13.24,GAIN_ABOVE_+10_DB,READY
1360.mp3,4569baf6122f104b35e8fa7cda19dba0d3ba9e10ed466a013f1f99677ce53f69,44100,2,220500,5.000000000,-22.22,-12.27,-11.95,-0.78,,READY
1361.mp3,4660b652f8a6171c77b640fa0fc33c90cfbb711fc6db2bd55256703d07980ecc,48000,2,240000,5.000000000,-26.68,-14.69,-13.99,3.68,,READY
1362.mp3,b5fb931c85bed17596847314197baa30ede0aa7d7bf41860e8cba701893c6e23,48000,2,240000,5.000000000,-40.38,-29.41,-12.97,17.38,GAIN_ABOVE_+10_DB,READY
1363.mp3,6a6b6256c8a090d557714496ce630e346640746d378dd2c227bedda41360c805,48000,2,240000,5.000000000,-15.92,-4.80,-13.12,-7.08,,READY
1364.mp3,2e7523fb909a50e4fad35f2fad0720577ba59aaeedd583f78bd7577d5e7115ce,48000,2,240000,5.000000000,-25.42,-13.64,-13.78,2.42,,READY
1365.mp3,88036340a1e07efe546be5c5a55c2e41e3e88fecaa6f809072e72e9cb7a4f02e,48000,2,240000,5.000000000,-24.16,-12.59,-13.57,1.16,,READY
1366.mp3,9b8f58d412609d20313a65dd7e61cf429ee9161e30e1f9f5702125ed0a862c66,48000,2,240000,5.000000000,-19.79,-7.05,-14.74,-3.21,,READY
1367.mp3,2cb1df6009467dff4668ddf907a564df6b3e1ead589cd43d3f3adddafb597455,48000,2,240000,5.000000000,-19.85,-7.10,-14.75,-3.15,,READY
1368.mp3,56b1290fddf953654fa9f0e04a9022eb471a9d540c0c701ded8380da53607067,48000,2,240000,5.000000000,-26.96,-12.62,-16.34,3.96,,READY
1369.mp3,b1238b79cb02f4f90729e8d82d9547d1b20c53577e66598b7825f4d8f4463568,48000,2,240000,5.000000000,-36.65,-26.04,-12.61,13.65,GAIN_ABOVE_+10_DB,READY
1370.mp3,f2e47d7dc4f4bfee2d8ffc0d05d54f4529450aa0b5d2cdaa328d5e6e190360db,48000,2,240000,5.000000000,-32.65,-21.22,-13.43,9.65,,READY
1371.mp3,9cb1f760f381f76b4f0bcb55436b5ec95a9aa16eb0b17fd24cca246fe222e9f2,48000,2,240000,5.000000000,-21.61,-10.24,-13.37,-1.39,,READY
1372.mp3,13d7e464a21e0bffd9f7882e6252ad2334fe9cac5d3fd5e1f88477fba2383ef1,48000,2,240000,5.000000000,-14.89,-1.95,-14.94,-8.11,,READY
1373.mp3,28d243d9c2a60d6b595117c98e01b9324324dd823afad66081dd53e38f15f1ee,48000,2,240000,5.000000000,-17.06,-5.41,-13.65,-5.94,,READY
1374.mp3,2b50a79fa6d4c6cdf072cf696e871a52115e7d3e8915e5a12e4e52bde46817c9,48000,2,240000,5.000000000,-26.57,-14.49,-14.08,3.57,,READY
1375.mp3,079294368d1c5f2d71571ec2c4804b92f1fe65d151b715f2b19d4896260b276e,48000,2,240000,5.000000000,-32.74,-21.67,-13.07,9.74,,READY
1376.mp3,0dbd810ed9d4bd1a1b645501a895acd2448cc319dcf7e7ae7b084dfe447efc77,48000,2,240000,5.000000000,-32.50,-20.62,-13.88,9.50,,READY
1377.mp3,7a9e0ed1f7a47452ed9dcd7cf8c68a8b3987762dd1c9d7c11cc77de5df244c42,48000,2,240000,5.000000000,-34.19,-21.79,-14.40,11.19,GAIN_ABOVE_+10_DB,READY
1378.mp3,e93e82ab6cd2095a21aabe4e04f73e3885c492aaa641e49a02c1991f9b807b3e,48000,2,240000,5.000000000,-18.81,-8.17,-12.64,-4.19,,READY
1379.mp3,6d1e951242893238ef1c6e6b6c7ab716dd91bd1dea70be4887db5651fec16883,48000,2,240000,5.000000000,-29.37,-15.76,-15.61,6.37,,READY
1380.mp3,77a15b9a85d07781552ae09d98fc2db0b793131a7aabde714330e35bf1fef9a7,48000,2,240000,5.000000000,-27.33,-12.24,-17.09,4.33,,READY
1381.mp3,d584782ef8acab78f4a3f870f8f701bcf3d59841b0cfa40b86c8489764b9a298,48000,2,240000,5.000000000,-23.81,-12.53,-13.28,0.81,,READY
1382.mp3,00009d765459bcecc04f119456bfcafcf26bfeb85360386697e678622515b0e5,48000,2,240000,5.000000000,-30.39,-17.81,-14.58,7.39,,READY
1383.mp3,8b9ec391476343205077195c75d9334b9c4dcb0a90ea1a6020816477e827aba7,48000,2,240000,5.000000000,-27.03,-12.32,-16.71,4.03,,READY
1384.mp3,d13e9cf90294d518b9b1aa191dc0356b3fac91b6a5d49c03788061fbf46e9334,48000,2,240000,5.000000000,-22.26,-7.62,-16.64,-0.74,,READY
1385.mp3,1a1765c55e3fc9abcfaab17f88c368d525e25ef4ecb6b03348ce5288a97ab8b1,48000,2,240000,5.000000000,-24.12,-13.32,-12.80,1.12,,READY
1386.mp3,3b0eaacf37cccb8ae3f8e0910b131dceb26185cd3d1ecfd03559f24ac35c6a1d,48000,2,240000,5.000000000,-30.04,-17.35,-14.69,7.04,,READY
1387.mp3,ab25b9c9f6483499a0c7b87711fcd27e225b906cdb12d57af5ae15db091c5ede,48000,2,240000,5.000000000,-45.12,-32.96,-14.16,22.12,GAIN_ABOVE_+10_DB,READY
1388.mp3,cdea5bd9569f5bd6e5670899a0ef45cf6d82b3558747458850910c5697401a53,48000,2,240000,5.000000000,-29.25,-14.28,-16.97,6.25,,READY
1389.mp3,3630332cb81a58f390f763a9787757ec36337e9d0267757ad458bf4163c6bb45,48000,2,240000,5.000000000,-14.70,-4.14,-12.56,-8.30,,READY
1390.mp3,873fc79978f9de57639efd0206787c0260585308709b3fc2b921f302b686c53a,48000,2,240000,5.000000000,-19.52,-4.90,-16.62,-3.48,,READY
1391.mp3,c44c8944a7d113b4573740c00052ffa6622f73c75c13504acdd0c8ce580733a6,44100,2,220500,5.000000000,-28.16,-12.75,-17.41,5.16,,READY
1392.mp3,386d82bc3f010a7d7c0a222434c888dd3b6af72e369af939712422af84a5e2a2,48000,2,240000,5.000000000,-26.04,-12.84,-15.20,3.04,,READY
1393.mp3,9e07e100bbc099e3e202a7119235f876c19cdce9601eec9f8f56a971390829a5,48000,2,240000,5.000000000,-19.04,-6.77,-14.27,-3.96,,READY
1394.mp3,9c76eff3d890ff361efae0dec89fcd0cf69cfd008c1248ea101d23fe61be579a,48000,2,240000,5.000000000,-25.69,-10.54,-17.15,2.69,,READY
1395.mp3,0cbbb53e290378e6cc7765fbee33c20d1a9d049c72c6fba8778085d1a2530600,48000,2,240000,5.000000000,-17.39,-6.22,-13.17,-5.61,,READY
1396.mp3,8e59ae0eed0f26b56e669028d52d6b810340de47ca1df297174e9fe2a39be4aa,48000,2,240000,5.000000000,-31.65,-20.29,-13.36,8.65,,READY
1397.mp3,d5ec8ea262495879b964e2b5b6c6c9ced9af0190c0136e5662d92a0bea0b2e37,48000,2,240000,5.000000000,-33.32,-13.44,-21.88,10.32,GAIN_ABOVE_+10_DB,READY
1398.mp3,b8b17133c42dfc3309bfa7a63cbf8d738ace6b994e33fb87caa2528eeff4f922,48000,2,240000,5.000000000,-34.92,-21.11,-15.81,11.92,GAIN_ABOVE_+10_DB,READY
1399.mp3,3f63fea1cab07629047d8e78d3322e981b6f74f723c1328b29f34c8ce3c55106,48000,2,240000,5.000000000,-28.34,-12.32,-18.02,5.34,,READY
1400.mp3,cb20d58fd7913054826166de6d19fdf20409f8f4d9c508f12495a56fcdf1ca5b,48000,2,240000,5.000000000,-19.56,-7.37,-14.19,-3.44,,READY
1401.mp3,1d472a8bbcf7b1fad3ef63838b8911f40629f1ecd6fb5194b33f246021e1e62d,48000,2,240000,5.000000000,-19.45,-7.31,-14.14,-3.55,,READY
1402.mp3,dfcb92657c99663b95855cd845de5221c83c9858e2c4733024d5da5c8c606e90,48000,2,240000,5.000000000,-38.95,-29.40,-11.55,15.95,GAIN_ABOVE_+10_DB,READY
1403.mp3,82fbfb9acb689b6d653abdb1c6cfe1f0b4b24ed821800d71d1a956a64ed1b8b2,48000,2,240000,5.000000000,-19.62,-7.32,-14.30,-3.38,,READY
1404.mp3,3a4ebd859b839b673937642ef943784c0d11f22141c070c682f5d5c7ee199419,48000,2,240000,5.000000000,-20.18,-8.42,-13.76,-2.82,,READY
1405.mp3,8cc1d18cbf2d6ddca5de0d4909f8cbf5363afbc174ae12aa9bcfe9ab0c40f737,44100,2,220500,5.000000000,-17.24,-6.45,-12.79,-5.76,,READY
1406.mp3,e174c3a064ddebf5017c7e366abd1a8dece5ad243f9b1f19d72ea44a1ecebf92,48000,2,240000,5.000000000,-17.09,-4.92,-14.17,-5.91,,READY
1407.mp3,c66d122c5fa09c6698dce0c1d0240c062627095caefbf365c268eb541238f517,48000,2,240000,5.000000000,-32.47,-18.43,-16.04,9.47,,READY
1408.mp3,1a9423c173eb8d0470a4c0b0be305d08a49ad10daca0be1f5b18a3860fdbdb1b,48000,2,240000,5.000000000,-24.30,-10.38,-15.92,1.30,,READY
1409.mp3,6db5cad4c3097a2841480ca722f64350496956e8cd6fab46da829439d0409531,48000,2,240000,5.000000000,-14.82,-2.11,-14.71,-8.18,,READY
1410.mp3,2a3ec6164631d41176ae38422c8b0ed46f9c251f30ac738c02efc4028abe0ea3,48000,2,240000,5.000000000,-27.01,-14.34,-14.67,4.01,,READY
1411.mp3,22609776064ddca976551c4d5933b70ad52c2d55363be3d64513c453ef8d0d90,44100,2,220500,5.000000000,-45.15,-30.34,-16.81,22.15,GAIN_ABOVE_+10_DB,READY
1412.mp3,878a43ab9d9ecc072e40c2d2facd57d670cdd244cf466e2b31261d79c00a88cc,48000,2,240000,5.000000000,-19.98,-5.53,-16.45,-3.02,,READY
1413.mp3,afe0831c970b27732aaef7ebff438b1ff15461e4163e1b9506996aae12cecb2f,48000,2,240000,5.000000000,-51.11,-39.22,-13.89,28.11,GAIN_ABOVE_+10_DB,READY
1414.mp3,1170930625cbd7764cbd8fa9dce609f665943d2341762b9ea8ae24c73f8bed3d,48000,2,240000,5.000000000,-23.89,-13.70,-12.19,0.89,,READY
1415.mp3,cefe4f28c1793ab094792f5a003e4dda63431d573d95a4efd1129edc9e751ccb,48000,2,240000,5.000000000,-24.96,-12.25,-14.71,1.96,,READY
1416.mp3,1561acba78051da2982b3fe43be200ebc710ae2246e49dbb76dea1b4b80308da,48000,2,240000,5.000000000,-29.21,-5.99,-25.22,6.21,,READY
1417.mp3,10fe469c30677b0adfa65f2842acec6d35ad95015a1a656956d30f07d3adf05c,48000,2,240000,5.000000000,-29.33,-9.38,-21.95,6.33,,READY
1418.mp3,43dc5cf0e1412a7365dac1f8a5e71a9cb618fce8efdafedff75599f10c861970,44100,2,220500,5.000000000,-14.44,-0.43,-16.01,-8.56,,READY
1419.mp3,77349b1f07274a9a84246c599cc4b22f360b7aec7380f1bd8f240284634da23c,48000,2,240000,5.000000000,-43.27,-31.37,-13.90,20.27,GAIN_ABOVE_+10_DB,READY
1420.mp3,3577f6e8c21bb851bb74eb6e73e90c3b0fbad76afd2529ec518b3bf7d1f01a98,48000,2,240000,5.000000000,-29.95,-22.65,-9.30,6.95,,READY
1421.mp3,74fe9e578b579a0537de996841eec05f8947547c29153a75e9fc185a159157b7,44100,2,220500,5.000000000,-16.06,-2.99,-15.07,-6.94,,READY
1422.mp3,4f46d0b262bac4f175bac1332fb157e25f0a5be2621a5e3d5dd3e9b2a11e987b,48000,2,240000,5.000000000,-27.27,-8.27,-21.00,4.27,,READY
1423.mp3,8b7c08ea44edadf6b9e4c8b44cacdb5435e44ae215c189bb079d3a79d1acd117,48000,2,240000,5.000000000,-21.89,-9.28,-14.61,-1.11,,READY
1424.mp3,b9b57fcdccf668f432e166764452b6c423a3b2de1d3137928890ba243220caeb,48000,2,240000,5.000000000,-24.38,-8.56,-17.82,1.38,,READY
1425.mp3,0f4a4a3cddb8636b9d4b20c80a3de610e763ce974012fdf0aa7073ad0406fa81,48000,2,240000,5.000000000,-29.60,-13.85,-17.75,6.60,,READY
1426.mp3,83da92c8429356cd7c3ea510f64fb88b9370264072ed3bd8c0dd2ca9063613cf,48000,2,240000,5.000000000,-33.86,-18.00,-17.86,10.86,GAIN_ABOVE_+10_DB,READY
1427.mp3,6cc4a35be38fa3e15e1c9a40587e5e8fe4000b75e9213d0e9b228f7f36931724,48000,2,240000,5.000000000,-18.93,-8.70,-12.23,-4.07,,READY
1428.mp3,aa252774a2f4bf33253f17f5f3a8819ee3673c931f991a4d74baeae51dab65df,48000,2,240000,5.000000000,-27.40,-11.93,-17.47,4.40,,READY
1429.mp3,2e366ad29f6372fbec622424c3f1cca9b54385297e1b18ca24d9b1ef05495c0c,48000,2,240000,5.000000000,-58.51,-41.26,-19.25,35.51,GAIN_ABOVE_+10_DB,READY
1430.mp3,80d94f9f66bff97270fb4e011cfb2ca9448af07c961380993ab5a0a4833a989e,48000,2,240000,5.000000000,-32.26,-17.69,-16.57,9.26,,READY
1431.mp3,adac1e24953c0f044c824735e7f128fcc53e290575b5ae6f782004d4fe2ad643,48000,2,240000,5.000000000,-38.35,-27.57,-12.78,15.35,GAIN_ABOVE_+10_DB,READY
1432.mp3,e315e2502909636d08781fc63218ff64610f719d1a5eb22c02e8d4916ef1412b,48000,2,240000,5.000000000,-33.32,-18.00,-17.32,10.32,GAIN_ABOVE_+10_DB,READY
1433.mp3,234cba5742e5f505e93c1fc197bfabc07b190b9092649afdde7b0b045ee85b79,44100,2,220500,5.000000000,-19.31,-6.55,-14.76,-3.69,,READY
1434.mp3,e5eb15f9939b64af96780227aaef8acb047cf2e95897e5bdd8a2b5bde4ace260,48000,2,240000,5.000000000,-34.14,-21.04,-15.10,11.14,GAIN_ABOVE_+10_DB,READY
1435.mp3,a64b6bac0dde6186c45e5435797970e06ce71ddee0ea1bc1e412190c7f1f1451,48000,2,240000,5.000000000,-46.64,-29.96,-18.68,23.64,GAIN_ABOVE_+10_DB,READY
1436.mp3,11351eaf59346b2f4262193e1b529246f006060ab7887269a224cb9ee51819e6,48000,2,240000,5.000000000,-26.75,-6.51,-22.24,3.75,,READY
1437.mp3,033f9d01ebb891ca6ff9150b18b42b83d7691b7ae930c832f32446bb68683a53,48000,2,240000,5.000000000,-57.67,-34.75,-24.92,34.67,GAIN_ABOVE_+10_DB,READY
1438.mp3,cc13e87fb8cd2f4980b353fb46c20bcb850af6b7b832d93095a17d9ebed7ffd8,48000,2,240000,5.000000000,-37.43,-21.90,-17.53,14.43,GAIN_ABOVE_+10_DB,READY
1439.mp3,b6e53b146bfd3308b48b67f875f9d2402ac31105306a0899537d7488aed18102,48000,2,240000,5.000000000,-10.71,1.68,-14.39,-12.29,ATTENUATION_BELOW_-10_DB,READY
1440.mp3,c5523ef55ef11e36b8bf9fd9f54254c4a2e320951d45f8bb6a7a30f07041a472,48000,2,240000,5.000000000,-34.20,-23.11,-13.09,11.20,GAIN_ABOVE_+10_DB,READY
1441.mp3,5467b3a5185a5932394e0d59ec7f2aedb1931af779fe5cbe7a95408222762568,48000,2,240000,5.000000000,-42.00,-20.14,-23.86,19.00,GAIN_ABOVE_+10_DB,READY
1442.mp3,bca5b47295b1d80d609834c3552a85f2b19358a46127b1b2319f9e70ab93b87a,48000,2,240000,5.000000000,-25.18,-11.99,-15.19,2.18,,READY
1443.mp3,2a952a215d7ba4f6a67089ceb1a4736f0f7cb56296f5d53ef8dad86a7e7ad9ac,48000,2,240000,5.000000000,-16.73,-4.00,-14.73,-6.27,,READY
1444.mp3,eaa75ab8f540e198cfc09d0e5f7f2176e43d775210387d67f2fd3d75effba716,48000,2,240000,5.000000000,-15.24,-5.77,-11.47,-7.76,,READY
1445.mp3,075f92030f45f04bb600145f791a5c6997d92ca75f0a63adbee0bbe82b74b0fe,48000,2,240000,5.000000000,-23.67,-9.67,-16.00,0.67,,READY
1446.mp3,dca78a747e4175c17e8a8ec2db314026323e02bf16a1108e1461da5fb11b0af6,48000,2,240000,5.000000000,-25.95,-13.74,-14.21,2.95,,READY
1447.mp3,cca4aeebfdc45bb7e8cad066c5cbc6a58af67ec648c6a239d38638bbae8f1690,44100,2,220500,5.000000000,-46.50,-27.97,-20.53,23.50,GAIN_ABOVE_+10_DB,READY
1448.mp3,ad52d862c8e3acf75437a5cea0b3a7f9da3b0ce50defcb270cdf4d62ffc2516a,48000,2,240000,5.000000000,-32.82,-20.66,-14.16,9.82,,READY
1449.mp3,8673c7a164e0105d95b4193e8795e25238dca100e9b0f3f465fe2cac4aa5a13a,48000,2,240000,5.000000000,-13.58,-1.64,-13.94,-9.42,,READY
1450.mp3,8ce5cedd922d38884369ef71eb664db193a2c4a28f8e811715707044c9a0bc8b,48000,2,240000,5.000000000,-31.84,-15.69,-18.15,8.84,,READY
1451.mp3,93d20c67f7cf11b69bdb5433df72eadacf791b8f14b758b588fe8bbcf2dc7dd8,48000,2,240000,5.000000000,-17.49,-4.47,-15.02,-5.51,,READY
1452.mp3,8bad65829205028ebdd074a40b6553704be64103cab09825942fdb35d42c77b9,48000,2,240000,5.000000000,-10.43,-0.46,-11.97,-12.57,ATTENUATION_BELOW_-10_DB,READY
1453.mp3,a0cf7e36acbf42fff8e3537f66d6378ac23ae23a33066554a64734fb8874334e,48000,2,240000,5.000000000,-16.75,-3.97,-14.78,-6.25,,READY
1454.mp3,188be4e0c1bfe203b136dfef64032f7b97a2cd7454ee6962d821567b0b2bdbcf,48000,2,240000,5.000000000,-33.41,-20.02,-15.39,10.41,GAIN_ABOVE_+10_DB,READY
1455.mp3,0199e6b870e2befe9c8e38d06f8038baa75edfe6c653bce1c86808bb2315ea8c,44100,2,220500,5.000000000,-24.15,-9.90,-16.25,1.15,,READY
1456.mp3,23fd54df3536cadc6a1eef58cdf2d21201ad18234a4648a415cfcd174695ebd8,48000,2,240000,5.000000000,-17.33,-4.34,-14.99,-5.67,,READY
1457.mp3,aed6db1900d64ace1e5213eedfbe2974c86099c652da019f76beef558d904ce9,48000,2,240000,5.000000000,-24.87,-6.63,-20.24,1.87,,READY
1458.mp3,e0c32d1c0c19e65afbec571c4db1d215ac2f35a108b4384dfe91d53d91e4fa19,44100,2,220500,5.000000000,-22.43,-7.58,-16.85,-0.57,,READY
1459.mp3,d893ec54a15803df5a23bdddfbd6a1e93b8f05cf38a4dffcd6a3e36e011ab349,48000,2,240000,5.000000000,-15.72,-3.99,-13.73,-7.28,,READY
1460.mp3,0f1ba76c7fcdb967e1f47e8852e5752092c06e31c4eb1f8bde18223aed1a4cf4,48000,2,240000,5.000000000,-14.70,-6.01,-10.69,-8.30,,READY
1461.mp3,fc640538fc22d2b54d80dfb36e37c4c99fa69dc73349497ca32640a5a7882e12,48000,2,240000,5.000000000,-63.56,-50.43,-15.13,40.56,GAIN_ABOVE_+10_DB,READY
1462.mp3,954f5a65cc87e31d3380383db7567bb81d89e0b21e41bdd87bb7512cbc61162c,48000,2,240000,5.000000000,-16.22,-4.96,-13.26,-6.78,,READY
1463.mp3,14ec17fe288d75e9eabeacd979c796e5c9076dc4ec8290c60bceca9b6f75210c,48000,2,240000,5.000000000,-22.23,-9.50,-14.73,-0.77,,READY
1464.mp3,a67ab7afc3885011e900a0611b01f9de7d2f07ecf5fdc5f4709d19ffa71bfc1a,48000,2,240000,5.000000000,-27.22,-15.30,-13.92,4.22,,READY
1465.mp3,1d62694b21ab163710d10f007340342693d93ea6fd0c63e61c5e08b21fdc4ec6,48000,2,240000,5.000000000,-22.66,-10.93,-13.73,-0.34,,READY
1466.mp3,586c6720969498566722b662a5c6512f3b7a241de8cd3b1de0c3cc68fcdfff98,48000,2,240000,5.000000000,-16.15,-4.10,-14.05,-6.85,,READY
1467.mp3,c85cdccb829e4434f0503c33ab57191f93609c3b962ea4577f1f4cf1813b35cb,48000,2,240000,5.000000000,-24.46,-13.61,-12.85,1.46,,READY
1468.mp3,66c4e3289357cc22eac4f14a2da5b4b4e5b9601b52fd7ef07524ec5b7459a526,48000,2,240000,5.000000000,-21.18,-9.50,-13.68,-1.82,,READY
1469.mp3,9390e55d021e6e5a5896f68f734437e96b3ede6e328c95ff303dfdbf59b8b81f,48000,2,240000,5.000000000,-22.40,-5.75,-18.65,-0.60,,READY
1470.mp3,da1662b93eaf1a58f602647054a39620e22d448bfdb4dac6405458d140d7904b,48000,2,240000,5.000000000,-17.20,-2.92,-16.28,-5.80,,READY
1471.mp3,4afa17f1b1a8cacb03a1b1a2bdcda5198b764234ed38cbb6ce292780d80a179c,48000,2,240000,5.000000000,-19.80,-6.93,-14.87,-3.20,,READY
1472.mp3,183e200f8524d40165dd25fcf7248be13b684b5071c4748f97d2d810c40c3e1d,48000,2,240000,5.000000000,-30.69,-19.01,-13.68,7.69,,READY
1473.mp3,ba05e3e37ea0efdac0ff58764abb891863f829d67ecd126d4a0452723722d26a,48000,2,240000,5.000000000,-42.10,-23.38,-20.72,19.10,GAIN_ABOVE_+10_DB,READY
1474.mp3,4ce0f2deaa7dc6b56f16b7d542c716f6262f822f217b797a7e5d9292c4a8a2fe,48000,2,240000,5.000000000,-25.19,-16.65,-10.54,2.19,,READY
1475.mp3,437e534ef73598ec2faaf76d2f2bd575d99fd65a6a079980463244f3501de7c9,48000,2,240000,5.000000000,-31.74,-18.37,-15.37,8.74,,READY
1476.mp3,fee3638a899b4940903891a55162f7f0389cd8804e49b0a7104a7f4d73c86d4d,48000,2,240000,5.000000000,-13.74,-3.34,-12.40,-9.26,,READY
1477.mp3,e129f58d6ebf3a9309792c19a3ce00535abdde23a66967412c6011328a0b5659,48000,2,240000,5.000000000,-7.23,0.48,-9.71,-15.77,ATTENUATION_BELOW_-10_DB,READY
1478.mp3,cf6433f5984f099fa6eaa06aa19a21caf34adf773de7155f2ba9ef8a48c7c73a,48000,2,240000,5.000000000,-26.07,-7.92,-20.15,3.07,,READY
1479.mp3,b72436c30a52047fc498f3ae0f6064c9f782435ca74bfac81d82461b55862d68,48000,2,240000,5.000000000,-47.72,-32.78,-16.94,24.72,GAIN_ABOVE_+10_DB,READY
1480.mp3,f01873afe9732ae34670a87bc03adcef0199e6c6e1137042b9976c6b74cbaec6,48000,2,240000,5.000000000,-21.87,-5.86,-18.01,-1.13,,READY
1481.mp3,b2cdaca790b097cffcfe97a9ea27baec06710ec4d043b39316a59e3716a88801,48000,2,240000,5.000000000,-30.39,-15.21,-17.18,7.39,,READY
1482.mp3,7520593957346d67601d480200d6afa018a786dc46c0d990f9f209004ebc239a,44100,2,220500,5.000000000,-14.92,-0.12,-16.80,-8.08,,READY
1483.mp3,12b29a29da98b5c0d2e689ed5b178b5d6811fa3e762edc1f2b94f1cf17a55f17,48000,2,240000,5.000000000,-30.11,-12.48,-19.63,7.11,,READY
1484.mp3,551876982cd6bda3d528caa86164de4b735c06c344d9e6d25c584e36784b5448,48000,2,240000,5.000000000,-18.28,-5.80,-14.48,-4.72,,READY
1485.mp3,50db26413cc633eba3126079df680c8194c448a1070b049c142fe0b7e4ee3abf,48000,2,240000,5.000000000,-14.42,-3.68,-12.74,-8.58,,READY
1486.mp3,18ae0ec7db081f0540899523db5775089f47114042cdeb4d9a608fcfa5f6e80e,48000,2,240000,5.000000000,-14.78,-0.31,-16.47,-8.22,,READY
1487.mp3,212147e4a737958ce82347bf2318b77c91a0813f990f9d0538b87dacc7b320ed,48000,2,240000,5.000000000,-23.54,-9.93,-15.61,0.54,,READY
1488.mp3,e35d3ad6fbfd9e52c4c4472ec94531d869862eed96c9ad3647c09e3785b2093d,48000,2,240000,5.000000000,-22.94,-11.49,-13.45,-0.06,,READY
1489.mp3,8ae2bc71403296d0041ed47c83180f4c5ef7bb10da0be94fd70100b87fd22947,44100,2,220500,5.000000000,-24.22,-11.38,-14.84,1.22,,READY
1490.mp3,85b3017cd29745071771153c882f76c50de0e797ac3aed40451364832f52b624,48000,2,240000,5.000000000,-15.73,-5.53,-12.20,-7.27,,READY
1491.mp3,22c96db0abbeed3d431d51c28477bc4ddd8bdb3bb7810f6d8db1eaa77620ae07,48000,2,240000,5.000000000,-28.49,-15.42,-15.07,5.49,,READY
1492.mp3,a528b2c639d75d35060f33ce65f0bc7fdb659fbd99945fe835fa4e52e54e27d6,48000,2,240000,5.000000000,-13.88,0.48,-16.36,-9.12,,READY
1493.mp3,5b88504d7627cd807c84ed2b0a039f98fd4602e44174016ce33e17f279e11147,44100,2,220500,5.000000000,-18.08,-5.66,-14.42,-4.92,,READY
1494.mp3,34bd63960d0dfe9a84371a83a92ba173287115f6f1c19bbd788c3c2bf7a766d4,48000,2,240000,5.000000000,-31.99,-19.46,-14.53,8.99,,READY
1495.mp3,bc709c69914e2070327c53cae589b54bdeb3bbe5a2da87440f32fc20aaf7e93e,48000,2,240000,5.000000000,-17.58,-4.94,-14.64,-5.42,,READY
1496.mp3,34ca50ef4da346b0353ab6de27fd4ae0dede98a5ed63bf1c18794157e0a13ca9,48000,2,240000,5.000000000,-39.60,-26.68,-14.92,16.60,GAIN_ABOVE_+10_DB,READY
1497.mp3,f16bc28bc629265f9bc7dd37391866864ee70f353e7b72243d29cff9dd6fb40e,48000,2,240000,5.000000000,-29.85,-18.18,-13.67,6.85,,READY
1498.mp3,e93f130d346e22df90eac6e94fed82bd4d86d3dfbb246d9ccc352da0ed1dd737,44100,2,220500,5.000000000,-10.01,0.15,-12.16,-12.99,ATTENUATION_BELOW_-10_DB,READY
1499.mp3,2618012e02b013bff4d19dd1d512d04adef786e0755876c84c0397e9ec7c7edb,48000,2,240000,5.000000000,-24.61,-11.83,-14.78,1.61,,READY
1500.mp3,0be0d606cc18e9ccc9e24d2e81daae2dc31c626b7ea2b21662368b1cd441b730,48000,2,240000,5.000000000,-25.30,-8.54,-18.76,2.30,,READY
1501.mp3,1c337d2f1b8912f8eec5d7a8ecfc54eab206d16d9b7cbd29e749b7d55418d351,48000,2,240000,5.000000000,-35.43,-23.89,-13.54,12.43,GAIN_ABOVE_+10_DB,READY
1502.mp3,5fbbd0804a1c0f0fbf030b6b8f0355628730907bc46bdcd0f3a5024654105f8b,48000,2,240000,5.000000000,-29.14,-13.31,-17.83,6.14,,READY
1503.mp3,715be678e4a6b33bd09f3fecc1640ee0f406cff38cd600c0ec0b721467d04a17,44100,2,220500,5.000000000,-18.65,-1.99,-18.66,-4.35,,READY
1504.mp3,04a88315873560a79fcf2d3e666bf74e7d0465ec8094172a32186d157475d11d,48000,2,240000,5.000000000,-12.94,-0.80,-14.14,-10.06,ATTENUATION_BELOW_-10_DB,READY
1505.mp3,489aeef6d585bae8468d3a59bfff864329cd6639f173ac99d90778b2c530cb74,48000,2,240000,5.000000000,-30.63,-14.29,-18.34,7.63,,READY
1506.mp3,e5695f7c3e8cfead11d35ae16f04a3f12fb93627a02faa7d5407dfc8216a017c,48000,2,240000,5.000000000,-5.52,1.22,-8.74,-17.48,ATTENUATION_BELOW_-10_DB,READY
1507.mp3,02e0700ada5a62672013ba37fdf8e7214dec5cd48aa0123bf30781b8177b95af,48000,2,240000,5.000000000,-28.87,-17.19,-13.68,5.87,,READY
1508.mp3,69a16be0dfa8c019fcf7d0613f6c5adfbf34b9b46d6a6a8bb1329e67707d2f0f,44100,2,220500,5.000000000,-14.71,-2.79,-13.92,-8.29,,READY
1509.mp3,15cc2bf4222a84a65e4f85ec7206a35944d326de9a5c4a707aa5fbc5eb69bd9a,48000,2,240000,5.000000000,-17.46,-4.10,-15.36,-5.54,,READY
1510.mp3,41e36656b751b379a17198de3a2d586a876ca5a6bafeccd790f3e40c31c431c3,48000,2,240000,5.000000000,-19.86,-7.49,-14.37,-3.14,,READY
1511.mp3,8a6435cc66b12fd2b0b392896f354e18b33de5767e1d57bcdde71264295910e4,48000,2,240000,5.000000000,-18.03,-3.81,-16.22,-4.97,,READY
1512.mp3,cfc03b0813dcd1e2e52aad5a967560d62ea8fba96b2c8c8923abec9fa93e01b2,48000,2,240000,5.000000000,-18.41,-8.24,-12.17,-4.59,,READY
1513.mp3,a80ad2ae4dc0921526fbc97fae116d5cb69b3f855879a494d7ca7dcceec0e485,48000,2,240000,5.000000000,-24.73,-14.21,-12.52,1.73,,READY
1514.mp3,cf56d234aa336b67d2b8fc31200b36a1740bd9f49e8693cf62422283428ebca0,48000,2,240000,5.000000000,-34.92,-21.38,-15.54,11.92,GAIN_ABOVE_+10_DB,READY
1515.mp3,4d428ca9b6e6a2bc1d879f0b559ad4fccd8e6a340912ecb1553fe9ca3c9e1b0e,48000,2,240000,5.000000000,-15.89,-2.57,-15.32,-7.11,,READY
1516.mp3,4b9e7f6b87717f0dec8aea1ffceca168a4f3952c874487edd98b339b0719336a,48000,2,240000,5.000000000,-28.92,-17.50,-13.42,5.92,,READY
1517.mp3,5a61fa7cb5c2c74ce5399718b5ad342327b2e525b1a13acd9b24cc7842772795,48000,2,240000,5.000000000,-16.87,-6.18,-12.69,-6.13,,READY
1518.mp3,c9d107bb8717c981f582d6b82820f2425769d222ea762b41d59abc3dea6b952d,48000,2,240000,5.000000000,-35.16,-20.93,-16.23,12.16,GAIN_ABOVE_+10_DB,READY
1519.mp3,724ed33067c4f52eb120488342bf5b9717255530f24521d6c2d841f8c386a554,44100,2,220500,5.000000000,-28.23,-17.05,-13.18,5.23,,READY
1520.mp3,c7e652a2fed6e49b441c4d11c2623e95c84a43535a9ecd9a509402ba00b189b2,48000,2,240000,5.000000000,-33.47,-20.89,-14.58,10.47,GAIN_ABOVE_+10_DB,READY
1521.mp3,262c6fb84473c7848d9c3a4eb91cff6f3753178b32f2f47a438d3fecf487fb25,44100,2,220500,5.000000000,-63.26,-46.94,-18.32,40.26,GAIN_ABOVE_+10_DB,READY
1522.mp3,4d55c0c5b7abe6be650583d14736403049565c27a376f8891dab9a056ad81ee1,48000,2,240000,5.000000000,-30.65,-17.15,-15.50,7.65,,READY
1523.mp3,5b7bf7145fd9833d7232f60c1b3bc33ad49a1a46d124e8fe8a4355a0539111a6,48000,2,240000,5.000000000,-29.96,-17.07,-14.89,6.96,,READY
1524.mp3,c85052d2f27075324f9c49c22fec3e571b4c69970c733b34ed7445a87a790d52,48000,2,240000,5.000000000,-24.98,-9.38,-17.60,1.98,,READY
1525.mp3,9780235500159704e1f88215e5b06eab0b115d7454acd60034d0734d15ee1c5e,48000,2,240000,5.000000000,-27.76,-15.09,-14.67,4.76,,READY
1526.mp3,478a5c8798e5f2871f17cc9c43decd767b835c52d8887537397913e497759e57,48000,2,240000,5.000000000,-25.16,-9.39,-17.77,2.16,,READY
1527.mp3,8966fbab5e97014ad05af2295867617aa65c20b614a24c9f785fd4955e7a8bdc,48000,2,240000,5.000000000,-21.82,-10.89,-12.93,-1.18,,READY
1528.mp3,003ce6d306b8ce7b8e6561ce0422293e0ad3f340e11e98d6f3c724cbca6952d7,48000,2,240000,5.000000000,-17.50,-4.55,-14.95,-5.50,,READY
1529.mp3,41d77b4b619002cc5305948c44e717e9a33607f4efc2140aa2c8a081ce12f17b,48000,2,240000,5.000000000,-17.21,-2.75,-16.46,-5.79,,READY
1530.mp3,754fbf941768b4c897c721a29391fb425ddc8512c1937c56ac6c4bca56ff2ebf,48000,2,240000,5.000000000,-8.14,0.30,-10.44,-14.86,ATTENUATION_BELOW_-10_DB,READY
1531.mp3,7c6cbfa0e992b17d0f9ab3a26782cf965468eab943edb9f4bbe5687111ec4e75,48000,2,240000,5.000000000,-17.39,-2.89,-16.50,-5.61,,READY
1532.mp3,c99e6500cf45b882811f4929cf9d4390a4196d1d045d485a25c203aea3942b3a,44100,2,220500,5.000000000,-11.18,-2.47,-10.71,-11.82,ATTENUATION_BELOW_-10_DB,READY
1533.mp3,6017a69c438635b6407bf2607be54beecf184fb675578ecdc08276c940aa7bf5,48000,2,240000,5.000000000,-30.54,-14.82,-17.72,7.54,,READY
1534.mp3,11eaa9dd3cdd0ef47d5abbbc32afd6eb30e53539a89660d83bb7a7b4b64afd98,48000,2,240000,5.000000000,-15.88,-5.91,-11.97,-7.12,,READY
1535.mp3,7e566ccd114061cc370d24e7f2ca10d05dd4f31c2021d401f927f065e38d04bd,48000,2,240000,5.000000000,-24.74,-6.91,-19.83,1.74,,READY
1536.mp3,73cc740c1db7f117934057e1026d7c84c57f8bcb78347936d834609bbcc04344,48000,2,240000,5.000000000,-31.83,-17.90,-15.93,8.83,,READY
1537.mp3,a792ed6b39437f2d450e66e70f2b947ef9fac33c3046e6a25f82dcb36e7be63f,48000,2,240000,5.000000000,-13.69,-1.55,-14.14,-9.31,,READY
1538.mp3,563a7e4d0a4ace33f220dc429d3b27fe5208e8baac066b18a4069c1bb83e2e8c,48000,2,240000,5.000000000,-16.19,-0.47,-17.72,-6.81,,READY
1539.mp3,5b362698c8f93040e519928e7da37694e9434a84fb628017b5ea1e214aed7a11,48000,2,240000,5.000000000,-12.11,-0.73,-13.38,-10.89,ATTENUATION_BELOW_-10_DB,READY
1540.mp3,4a0fc6b091aa827467c04d2a93f0065d26a41ea37ee0921994f3b42061a001be,48000,2,240000,5.000000000,-30.96,-15.91,-17.05,7.96,,READY
1541.mp3,c1ead5a2ec596fd6936622c3bc1a096788298bbb8b7bcb6c7337f44942154eac,48000,2,240000,5.000000000,-20.73,-9.63,-13.10,-2.27,,READY
1542.mp3,b05fd1881369146b6af5ff9dfc0f384f49d293def44c11fd625e8dea6bc168ba,48000,2,240000,5.000000000,-24.89,-13.93,-12.96,1.89,,READY
1543.mp3,e99c1973dd20d85fd45c3912a02b8dac47b25e562a7db7fa8d0884b765df5afc,48000,2,240000,5.000000000,-18.17,-7.49,-12.68,-4.83,,READY
1544.mp3,bf974f9482e94cf6621392e0e9b751467777a3931cec58d58af68cc78772d6ef,44100,2,220500,5.000000000,-40.63,-29.92,-12.71,17.63,GAIN_ABOVE_+10_DB,READY
1545.mp3,05e4e42bd4c9915e188d0511f6a5c94433ae4b71d166c088beb4e00211fde5d3,48000,2,240000,5.000000000,-17.70,-4.65,-15.05,-5.30,,READY
1546.mp3,f00026226fe42021c497a974a15b4551e10249a63330a70dda72b2f7e8daf7ed,48000,2,240000,5.000000000,-22.43,-6.41,-18.02,-0.57,,READY
1547.mp3,66332c945d43ce9a2f6c06c22982d9525574cf8c809da7ddf18269381b7d082a,48000,2,240000,5.000000000,-22.75,-8.11,-16.64,-0.25,,READY
1548.mp3,952fb7688a78eca34c76d28f03ead54ab789a9bdba9a3c969b22f88d745c3a69,48000,2,240000,5.000000000,-24.93,-12.86,-14.07,1.93,,READY
1549.mp3,9479c01ddb6f97ce9bb3ed2be223c3215af38f1a52a2ba8fa499b8ad95030c44,48000,2,240000,5.000000000,-41.67,-23.47,-20.20,18.67,GAIN_ABOVE_+10_DB,READY
1550.mp3,5b3d9b20fd44cd645d1ae1871a7d1d8a98c86a2baadacc32d63ce32fd8a38dd4,48000,2,240000,5.000000000,-27.65,-15.32,-14.33,4.65,,READY
1551.mp3,9f43123607e9cee433567642c1279b1716e6d2807bd714517a157758153ebac1,48000,2,240000,5.000000000,-18.94,-7.26,-13.68,-4.06,,READY
1552.mp3,f9b732d361bb4664332b9e0be77905f777fdb6a0be47f8491ef681375ec32ac8,48000,2,240000,5.000000000,-29.49,-12.81,-18.68,6.49,,READY
1553.mp3,9c696557fe27afc0d8e050eb5629eb15137059c9202092ad28fb61494c951e91,48000,2,240000,5.000000000,-46.30,-31.21,-17.09,23.30,GAIN_ABOVE_+10_DB,READY
1554.mp3,3f00cf710c4ddaddeba6ebfcafc6995747d86161c66c6fdb417eada608f8e464,44100,2,220500,5.000000000,-48.90,-32.44,-18.46,25.90,GAIN_ABOVE_+10_DB,READY
1555.mp3,c677c17a36f84ec62628a1a57c1a01f25e9afdadaa8255148461f15b1262d077,48000,2,240000,5.000000000,-25.22,-0.22,-27.00,2.22,,READY
1556.mp3,2c0b26f74a4b94e79336d48704431baf064b1431dcbb8a9ca0a908c3608ac24f,48000,2,240000,5.000000000,-31.41,-22.98,-10.43,8.41,,READY
1557.mp3,225eb04d7b93ef57b289a299e1f04d1afba8ab3ec4cf3c536a482a18a1ba3b56,48000,2,240000,5.000000000,-56.56,-46.93,-11.63,33.56,GAIN_ABOVE_+10_DB,READY
1558.mp3,b353b24a8cdfda6fc493112f9d67cec1dc3a69bee31bd07a965ba56630ff36db,48000,2,240000,5.000000000,-30.11,-16.49,-15.62,7.11,,READY
1559.mp3,fa08af1e5e9fc8aa343c2220864762572c058b2d483a48d7befa3a071e31529d,44100,2,220500,5.000000000,-42.69,-28.94,-15.75,19.69,GAIN_ABOVE_+10_DB,READY
1560.mp3,b9037405ad969b92835431cc9083144e3fcdfaac122c686b5551424df18962e4,48000,2,240000,5.000000000,-28.81,-18.24,-12.57,5.81,,READY
1561.mp3,fce1ae7eab0b0accf279f4d2028d610e89edcbc2b3992eb807e79d68e423809f,48000,2,240000,5.000000000,-27.41,-14.42,-14.99,4.41,,READY
1562.mp3,2dbb0ab0ab3790377a420c5811fb0ba10c2694045fb64f4cbb2c67d063675f30,48000,2,240000,5.000000000,-25.51,-9.53,-17.98,2.51,,READY
1563.mp3,ecc3b95bbad5cdef79a362bb8b4aa2cd21a4d213d2aa302a9e80af53c646d63b,48000,2,240000,5.000000000,-27.34,-13.38,-15.96,4.34,,READY
1564.mp3,a22ed5eb59fce3b6cf0a0e23eb031169858e34a09c053e504cbc947869423e95,48000,2,240000,5.000000000,-17.97,-9.49,-10.48,-5.03,,READY
1565.mp3,b4082c2daefcd884529080fe220f1c44a5b631bdb6082f2d994cc057a0a4b0d3,48000,2,240000,5.000000000,-17.78,-4.73,-15.05,-5.22,,READY
1566.mp3,d02594424f6ca71b3b6f4a052dabfc54e51bb054d939a5d4fb4efdf3fcfd8830,48000,2,240000,5.000000000,-24.96,-7.68,-19.28,1.96,,READY
1567.mp3,e2eb9fb35b8ac3e525870f9f3360266b265a243c870a5f51d7568d11a55bb047,48000,2,240000,5.000000000,-68.54,-56.97,-13.57,45.54,GAIN_ABOVE_+10_DB,READY
1568.mp3,3d092ef418879156b8c3d71178759febbc40fea708f7dddb510f07f6d623fb9b,48000,2,240000,5.000000000,-40.39,-29.20,-13.19,17.39,GAIN_ABOVE_+10_DB,READY
1569.mp3,0499eace7a31c455a1c052863116cfb0c4711f6271917f872c013d0fe57095ed,48000,2,240000,5.000000000,-26.58,-3.87,-24.71,3.58,,READY
1570.mp3,c2a0a4aaa60f21b9d985b778785df19244657ffd0155ab996b30d71f6c8c7903,48000,2,240000,5.000000000,-27.49,-13.35,-16.14,4.49,,READY
1571.mp3,316e4e220650da77138dfe13af8af7566cba0c112c4acc0ff328a8f7984fdab6,48000,2,240000,5.000000000,-38.25,-29.62,-10.63,15.25,GAIN_ABOVE_+10_DB,READY
1572.mp3,cf216476574e48a1be761b34d7fc867a4c21d7abb1c73a1ab58aba86c81fe3cb,48000,2,240000,5.000000000,-28.45,-4.13,-26.32,5.45,,READY
1573.mp3,86f0e1efc2e62a2f30bffc60aa050848c59ee83f4d7c111b6d14f2eda2ffdd54,48000,2,240000,5.000000000,-42.28,-29.59,-14.69,19.28,GAIN_ABOVE_+10_DB,READY
1574.mp3,0e62769eade9e07cc3f56e9c874062ba28d4a62d8842fa21b0904b39ef6f7b29,48000,2,240000,5.000000000,-29.19,-17.64,-13.55,6.19,,READY
1575.mp3,b9f5c3b265587265c23a86c5581a490adb7feecae819fbd85e15a5b184683b23,48000,2,240000,5.000000000,-29.06,-12.57,-18.49,6.06,,READY
1576.mp3,683504d4000b6e48acebccc294bbcd96b80c707f7c4651324f5b4850e102bae9,48000,2,240000,5.000000000,-29.46,-19.97,-11.49,6.46,,READY
1577.mp3,f3105e4388bcbdc215dc0d417d886178995b674dbe5fc31df73da21f6b1b4bd8,48000,2,240000,5.000000000,-17.14,-7.48,-11.66,-5.86,,READY
1578.mp3,38e9ed2776bd65aacd542191c840ab0d5b6e593c0b01cd2b16c8cc867b68ce08,48000,2,240000,5.000000000,-52.56,-37.76,-16.80,29.56,GAIN_ABOVE_+10_DB,READY
1579.mp3,af106c0c9a0719c1ff328ae644ca73ed977ca1579181d5fcf562192cd25d68ff,48000,2,240000,5.000000000,-12.13,-4.57,-9.56,-10.87,ATTENUATION_BELOW_-10_DB,READY
1580.mp3,17f004f8cb62cdb6c9c21e9997f769a39eaba1e0735afdd2298e6bb4cabb70ea,44100,2,220500,5.000000000,-49.04,-32.14,-18.90,26.04,GAIN_ABOVE_+10_DB,READY
1581.mp3,cc211fc92d249f8db073cc275141bfdc0e7db80ff9bf6df79bbacaba32713bb6,48000,2,240000,5.000000000,-12.54,-1.00,-13.54,-10.46,ATTENUATION_BELOW_-10_DB,READY
1582.mp3,171db7d6feef478fd71a663ee0f80888e00a69195acc7ac2d6d849237f1ed799,48000,2,240000,5.000000000,-19.01,-2.78,-18.23,-3.99,,READY
1583.mp3,d734acfd0ee319b79ff8bee5525919cf847ae7bfe4b84744cc20781b2dfc0642,48000,2,240000,5.000000000,-28.22,-17.13,-13.09,5.22,,READY
1584.mp3,b7c8accd2557046c6589d34e1da8df5bfbd46730897387ea49c3292fe5b62a54,48000,2,240000,5.000000000,-31.08,-17.17,-15.91,8.08,,READY
1585.mp3,00e50c08e7f5673d1f1b177ac8f9b40783fefeabceda0723a9e04c13e05e8865,44100,2,220500,5.000000000,-22.12,-8.67,-15.45,-0.88,,READY
1586.mp3,ec7adce812bd1c3e2c0c4df2d238691a7429fd6cc0a2dd37f85283797336bc92,48000,2,240000,5.000000000,-44.18,-25.93,-20.25,21.18,GAIN_ABOVE_+10_DB,READY
1587.mp3,77c081f7e46d910137ac042a00590eb5c51cff953c0faaae03436adaef8bbf38,44100,2,220500,5.000000000,-56.95,-45.01,-13.94,33.95,GAIN_ABOVE_+10_DB,READY
1588.mp3,e2ed61ae228a4e3ca13bc7efe002cb52b35390469bc300d3bd82474eb56de4a6,48000,2,240000,5.000000000,-60.63,-47.35,-15.28,37.63,GAIN_ABOVE_+10_DB,READY
1589.mp3,8c7ccfa99c52b3c8a08421f60e3e72ae93ba9bc2b2fe824455a28175f8d8020a,48000,2,240000,5.000000000,-17.83,-1.92,-17.91,-5.17,,READY
1590.mp3,e4ef4a28ca30ebaa2c94792a52140c79665393b0297c7136c10233d12acce9b4,48000,2,240000,5.000000000,-11.99,-2.33,-11.66,-11.01,ATTENUATION_BELOW_-10_DB,READY
1591.mp3,be0b518e003d3c2802d68db9d3f1f2849313924d51aac4663caf7fbbad76795c,48000,2,240000,5.000000000,-27.06,-12.36,-16.70,4.06,,READY
1592.mp3,b9adc5e763981723bfaf1f93d8036eb59205fa29cf17c219131e4ef164613da3,48000,2,240000,5.000000000,-22.63,-11.37,-13.26,-0.37,,READY
1593.mp3,29ef31a0520d1ad148d99fb0538f260d5f272141b258f419144a89b858573e2c,44100,2,220500,5.000000000,-23.53,-7.19,-18.34,0.53,,READY
1594.mp3,811646bf77e5d7df771715f0cbcdcfe159d217d32bb3debe879131521260d6d0,48000,2,240000,5.000000000,-24.91,-11.84,-15.07,1.91,,READY
1595.mp3,f2ad769460d3c3ed271a73d12c221f5208ae5de8a72ef897e6b1bd431a055547,48000,2,240000,5.000000000,-10.63,-0.46,-12.17,-12.37,ATTENUATION_BELOW_-10_DB,READY
1596.mp3,800a8ce1b7974a6f62df343c1c4d48ca0a6863da4d43c0dd844d7ed327704af3,48000,2,240000,5.000000000,-13.62,-0.70,-14.92,-9.38,,READY
1597.mp3,6b34c6ca9ddf865e2aca48b2ceabc21fdafe1b666cebeba563a0c473d4bb7b7d,48000,2,240000,5.000000000,-25.68,-0.32,-27.36,2.68,,READY
1598.mp3,59444e89fa67c3394d051724bbd5072b32a6bd929e4b29273a2ff467c359ab5b,48000,2,240000,5.000000000,-15.80,-4.97,-12.83,-7.20,,READY
1599.mp3,ed1b95e254845aabab107eac06db5c3e1bd92e0d60c996a8b09eaa27bd79cb3c,48000,2,240000,5.000000000,-44.13,-25.14,-20.99,21.13,GAIN_ABOVE_+10_DB,READY
1600.mp3,9db03d0e7f30bdf8f561204df81f9642c1802e8a3ce7c28a20cd5447f729cf3a,48000,2,240000,5.000000000,-28.14,-10.77,-19.37,5.14,,READY
1601.mp3,70bca9ba866fbc21254babdd4c6e41320394e283056e86d805a415bc6c5eec1c,48000,2,240000,5.000000000,-15.85,-3.82,-14.03,-7.15,,READY
1602.mp3,24008b18980e8001347670046087f1010da78d3f9f675e46dcf05d0edcdfca5e,48000,2,240000,5.000000000,-50.72,-41.53,-11.19,27.72,GAIN_ABOVE_+10_DB,READY
1603.mp3,c901f462fbc17c0016bd8c27b9f9df297a9d946ba6fbcadcaf9fecca1ffef87b,48000,2,240000,5.000000000,-38.46,-21.79,-18.67,15.46,GAIN_ABOVE_+10_DB,READY
1604.mp3,5e5ad1978541f2bcc95a140543b819ccaa80b21062ca941c143a9daeff4b5787,48000,2,240000,5.000000000,-36.87,-23.96,-14.91,13.87,GAIN_ABOVE_+10_DB,READY
1605.mp3,8647f3ba3d5d5001b88a6283a724a79dc26503e0b526e25806ac9ee80aa5a423,48000,2,240000,5.000000000,-21.38,-6.22,-17.16,-1.62,,READY
1606.mp3,74d3c7d5fa0c3d593525f7cab1916a491df2fb7756be3243b8948c0ea9626157,48000,2,240000,5.000000000,-45.89,-31.94,-15.95,22.89,GAIN_ABOVE_+10_DB,READY
1607.mp3,89452bdbf9d76e7ed89af9c30c15100f99309683528aac6443dabe78b490a5e9,44100,2,220500,5.000000000,-25.82,-13.99,-13.83,2.82,,READY
1608.mp3,a808dbc2e680ef5c591def07b359fcf2df8540c92f65abd467fa6d8554e43dd7,48000,2,240000,5.000000000,-45.09,-25.88,-21.21,22.09,GAIN_ABOVE_+10_DB,READY
1609.mp3,c6e08e3f97000d4045929842c0f911be8b3726b97a836c2d7da3835ba774fab4,48000,2,240000,5.000000000,-15.87,-2.55,-15.32,-7.13,,READY
1610.mp3,12d20154a0fe253c0a0c69f6122bb5bb2d10c999fcac95ef9ce4d5c25fd3db06,48000,2,240000,5.000000000,-22.53,-5.33,-19.20,-0.47,,READY
1611.mp3,d9a1b619f3634109f7faee690f10dd838b091ae06ed0379b4f5f1b91a5468277,48000,2,240000,5.000000000,-31.55,-24.97,-8.58,8.55,,READY
1612.mp3,dc004b5f53cfa16b7285bc7ae59e437a01afae59fde7ba31e25d8054990fab39,48000,2,240000,5.000000000,-26.33,-12.08,-16.25,3.33,,READY
1613.mp3,35415603dbc5b30182c1b562e3e2902e63815e4041334cedaf408a79f555dff1,48000,2,240000,5.000000000,-18.96,-1.07,-19.89,-4.04,,READY
1614.mp3,e394da8df57000ed9ab88d0beb90f3797b38ff41b6101074f58b0a33e92f66fc,48000,2,240000,5.000000000,-29.59,-15.90,-15.69,6.59,,READY
1615.mp3,100262fde08264ccf8cfb376008701b0ecd227867c0295ddfcdea4905b7b9036,48000,2,240000,5.000000000,-8.61,-0.17,-10.44,-14.39,ATTENUATION_BELOW_-10_DB,READY
1616.mp3,47cdeacab8e6369394d38ebb39cf16af03c9e67657e1eff553f710363d57c19d,48000,2,240000,5.000000000,-16.03,-4.16,-13.87,-6.97,,READY
1617.mp3,b2d1fffe34368fdcd2602ab9caf742910b3461c39702f8e4c0ea3be78da0aeb5,48000,2,240000,5.000000000,-26.05,-14.92,-13.13,3.05,,READY
1618.mp3,b6c3ea11bccd9851226652b8346f19d686d870b124891dc9e419c2a30f9654b9,48000,2,240000,5.000000000,-17.28,-2.45,-16.83,-5.72,,READY
1619.mp3,6b95c6790c56b137cbdd63c3bab0df5873d107b9d0c6fd955824e7dbdd1d65c9,48000,2,240000,5.000000000,-22.21,-10.83,-13.38,-0.79,,READY
1620.mp3,43d65add4a6f7dc8188d795d19763df4d86816f6d23e752b28229898914a11e6,48000,2,240000,5.000000000,-14.99,-3.45,-13.54,-8.01,,READY
1621.mp3,6ad078af48821842c6fc8880f1a34fba8cd3306a3e10e2453e2a2124f4287d51,44100,2,220500,5.000000000,-14.72,-5.46,-11.26,-8.28,,READY
1622.mp3,35be8bfa029f19031c1c25e629bbae77f08a1ccc8d03c44a72ffb7784a04dde5,48000,2,240000,5.000000000,-14.58,-0.96,-15.62,-8.42,,READY
1623.mp3,d278f4ae943456f33a1276d92390bbacb39309030ab1e9f7c86a1b78029ac4e1,48000,2,240000,5.000000000,-33.39,-21.92,-13.47,10.39,GAIN_ABOVE_+10_DB,READY
1624.mp3,189a9fcb5957cedf81f3f5a06af292687c69bacdd8a08be72a886e881273ab8c,48000,2,240000,5.000000000,-13.30,-3.18,-12.12,-9.70,,READY
1625.mp3,779ac37272f17645966a087995c5b8b6702e55c2d635fca990c51d4f88733aff,48000,2,240000,5.000000000,-26.94,-14.98,-13.96,3.94,,READY
1626.mp3,ec2da0561efc7c1f3cf7eb0f977a9a401e69e6d547b055d965121f8eac85f909,48000,2,240000,5.000000000,-27.09,-12.70,-16.39,4.09,,READY
1627.mp3,ed23796b3ececa87abfa8e67f759df7746eadcc1e82da580222173fdc07162a8,48000,2,240000,5.000000000,-26.16,-15.38,-12.78,3.16,,READY
1628.mp3,768422d09358d01d4fb86e47aca2dfde157619eba2a657da37d8ca32d6eef436,48000,2,240000,5.000000000,-11.42,-1.84,-11.58,-11.58,ATTENUATION_BELOW_-10_DB,READY
1629.mp3,04ba67f4f82256bc80b0863420ab67127872495b193d64e4073b73ec83fbe483,48000,2,240000,5.000000000,-16.31,-1.37,-16.94,-6.69,,READY
1630.mp3,ebcf0ad86d21b685a0a7e4c44e59a6394126100c60afade8e8b80ac6f554bb3f,48000,2,240000,5.000000000,-25.61,-14.04,-13.57,2.61,,READY
1631.mp3,00f4cf52728ac9dadb6b1a1d9ae90f28131d7f7a2d8ac96736a09bb2421722b2,48000,2,240000,5.000000000,-32.04,-18.50,-15.54,9.04,,READY
1632.mp3,01a815350ca677d7771f33d44b0743c9fe34b50aa0c73d33f395f416b442a087,48000,2,240000,5.000000000,-23.29,-9.86,-15.43,0.29,,READY
1633.mp3,287895f77237f692f9588861310fb05355208aaf49f5c46662df7f586a37978c,48000,2,240000,5.000000000,-17.85,-6.89,-12.96,-5.15,,READY
1634.mp3,9e1d09a47be266394d6c5d06d9932c097374acf9ae7353f062454bb4865a64f4,48000,2,240000,5.000000000,-19.59,-7.17,-14.42,-3.41,,READY
1635.mp3,26aba6106bfb169a6a371339dac6dfff821668e8c35e3ba980def84e377e5328,48000,2,240000,5.000000000,-18.84,-8.19,-12.65,-4.16,,READY
1636.mp3,312af113ba1dc665575a528a787ea677d03bd801d20226c86229b0f8b9b11fdd,48000,2,240000,5.000000000,-26.11,-13.77,-14.34,3.11,,READY
1637.mp3,da8cdbecc8eacf90ea7edfca6b50e849d9e3cdd1cd6c2aa3dbcaf68209284549,48000,2,240000,5.000000000,-22.33,-8.44,-15.89,-0.67,,READY
1638.mp3,46aa5a55502d273bfe98779bfe8f60ceed63b5368cca04d6c4c9a85340e47fd8,48000,2,240000,5.000000000,-14.19,-3.31,-12.88,-8.81,,READY
1639.mp3,06bbe9925bf1366e865d1fad39b0529792a152a4d95b77dbae3c7cfa0c7642d6,48000,2,240000,5.000000000,-32.29,-22.22,-12.07,9.29,,READY
1640.mp3,694868a46abb75662a37e532964944f15776967b8c5c85b9e64cd44c4abfa47e,48000,2,240000,5.000000000,-34.52,-24.25,-12.27,11.52,GAIN_ABOVE_+10_DB,READY
1641.mp3,3f6676f9ab9dd17b5badfa441d7887f18cf9a89930a942d0b2546245dbd69f39,48000,2,240000,5.000000000,-16.20,-2.37,-15.83,-6.80,,READY
1642.mp3,9d2a8f2fef7b4de84623df83f717a78c108e525ee40269f11dbdd845fc091948,48000,2,240000,5.000000000,-25.06,-14.12,-12.94,2.06,,READY
1643.mp3,a78f885c78e0502e6d242720a4b40a514de5bf2fe709195c1ceee805ea880022,48000,2,240000,5.000000000,-37.38,-28.31,-11.07,14.38,GAIN_ABOVE_+10_DB,READY
1644.mp3,381e67821c235b9cbb152aaafc5b3cbe4ee302329b9738e8b8d3b84278d7087a,48000,2,240000,5.000000000,-21.81,-10.01,-13.80,-1.19,,READY
1645.mp3,f34efedbfe982dd38b45f1ffbbb2c28ea70b0d5d4e4a4b1917dfac0b0250f07a,48000,2,240000,5.000000000,-10.64,-1.99,-10.65,-12.36,ATTENUATION_BELOW_-10_DB,READY
1646.mp3,b896dd3c6054ceeb7d06a11b84161a892a4ff2c47da5e16813d30d2497a90eb4,48000,2,240000,5.000000000,-45.68,-31.74,-15.94,22.68,GAIN_ABOVE_+10_DB,READY
1647.mp3,df786930d00081e61758f6bc64fe044f75f101d49930e6d03dd9ed7452143f16,48000,2,240000,5.000000000,-20.18,-7.94,-14.24,-2.82,,READY
1648.mp3,9d2c7516aa7c61731499e80c2a2cb37c62f9afd343201f5e26157e2f38ad3410,48000,2,240000,5.000000000,-22.39,-13.16,-11.23,-0.61,,READY
1649.mp3,5db82826beabee19529772577d040ac142936fbfbff8b1484894438443e921c8,48000,2,240000,5.000000000,-18.75,-6.95,-13.80,-4.25,,READY
1650.mp3,6dd55cfa86ecf68cffc553fd8a61d0788e3e965f782c3180673cc804a26a987c,48000,2,240000,5.000000000,-27.57,-16.45,-13.12,4.57,,READY
1651.mp3,fc38dfaffe42522209a4460e022da265bc1eec28ff3fdaaec3b1a7372f9158fd,48000,2,240000,5.000000000,-34.14,-25.03,-11.11,11.14,GAIN_ABOVE_+10_DB,READY
1652.mp3,17d300d88e7c58b5022633976871456bab7df47890fa356f2de8324a0601630b,48000,2,240000,5.000000000,-31.28,-19.18,-14.10,8.28,,READY
1653.mp3,514220dea354e36da4dbd3cbf9bf974dcc6879bce5b9996e81d0e8f9097b8c7b,48000,2,240000,5.000000000,-20.48,-7.71,-14.77,-2.52,,READY
1654.mp3,718b729988f857afe99b995f63a9b407e81874fa5d2cfb403aeb7186a283917b,48000,2,240000,5.000000000,-10.94,-0.20,-12.74,-12.06,ATTENUATION_BELOW_-10_DB,READY
1655.mp3,b1344bee8a4c82fa43fe9e40da31efedba9e5eed167dba0de3488844ed3889dc,48000,2,240000,5.000000000,-22.56,-8.70,-15.86,-0.44,,READY
1656.mp3,5386164afcad55392f330e6e5fbdf1bac20500e74be43660b1e4c3c325066648,48000,2,240000,5.000000000,-18.97,-7.88,-13.09,-4.03,,READY
1657.mp3,7488bcb0bcdd7cc9166d948f51929f8be489885d1075c0001f511442117360b6,48000,2,240000,5.000000000,-25.03,-13.73,-13.30,2.03,,READY
1658.mp3,25e8b921d517bf33d02746cb5e34b8fe95a9d596b285aeb9afad17068dd22271,48000,2,240000,5.000000000,-21.58,-7.98,-15.60,-1.42,,READY
1659.mp3,29baea4539e40e409374f60a26caa541d04ffabf2101c48c9cb1c1ab7bc23e88,48000,2,240000,5.000000000,-57.50,-39.83,-19.67,34.50,GAIN_ABOVE_+10_DB,READY
1660.mp3,feefa4fe782d389902d6224c2f923826dacbe1e76a260ee7a9ecee5ea6d77322,48000,2,240000,5.000000000,-34.85,-23.25,-13.60,11.85,GAIN_ABOVE_+10_DB,READY
1661.mp3,f561e07cfa1d0747379da996e6805c739dff92d63d9024845e4c56a425577035,48000,2,240000,5.000000000,-33.59,-24.60,-10.99,10.59,GAIN_ABOVE_+10_DB,READY
1662.mp3,55bd410564a97dee0d72f04ab239d207c720675a30821fcfe8163cc379fd4429,48000,2,240000,5.000000000,-22.78,-9.17,-15.61,-0.22,,READY
1663.mp3,5efd643853f912f9f0fd868e80b58257ba1067e6ba7f90bfe116bdcf76d2ea9c,48000,2,240000,5.000000000,-25.91,-11.55,-16.36,2.91,,READY
1664.mp3,6e68806a3f1c7b411f977ac0be590de967a14e27ac7876817de3e45c442f36ab,48000,2,240000,5.000000000,-42.08,-28.17,-15.91,19.08,GAIN_ABOVE_+10_DB,READY
1665.mp3,7d9663c0602408ffcf7be67a6fa293e984eda620965cd4fcb34e7747f434eff1,48000,2,240000,5.000000000,-24.87,-14.73,-12.14,1.87,,READY
1666.mp3,7106a494a1809b53ad1a45832b00a3ec5d59d4592714fe5d041e61f6a66da012,48000,2,240000,5.000000000,-37.71,-25.66,-14.05,14.71,GAIN_ABOVE_+10_DB,READY
1667.mp3,51d8a341d033f06b06d5d287cab73c548aa0eefeefd3b338883069a7147bc0cd,48000,2,240000,5.000000000,-28.15,-15.15,-15.00,5.15,,READY
1668.mp3,d1a18da997185ee706aeeef8b1b85bb1ae02a6dfda7937ba813840b89f150783,48000,2,240000,5.000000000,-20.46,-7.04,-15.42,-2.54,,READY
1669.mp3,c209b3756db89e7d0a25a55bc8e9cfdde09bccff8911df8ae14dd40a6b0ef07c,48000,2,240000,5.000000000,-29.54,-17.00,-14.54,6.54,,READY
1670.mp3,333809e3ce79c54060bc2eb668a132b029250a41d9659b5a4e680b2771c425bb,48000,2,240000,5.000000000,-22.96,-7.64,-17.32,-0.04,,READY
1671.mp3,b242a2ae6cbb347391331f56703177d0930f88518c931485f5fb4ef05a8010f8,48000,2,240000,5.000000000,-28.16,-12.58,-17.58,5.16,,READY
1672.mp3,366fd50e4155272cd5da11305a76688f3f00f9312ac775c33547f6d0c24703eb,48000,2,240000,5.000000000,-27.41,-13.76,-15.65,4.41,,READY
1673.mp3,f8253a9147c0bd6f761c3869938c6e604cbeef0a231461debfdc64180b998893,48000,2,240000,5.000000000,-17.13,-3.04,-16.09,-5.87,,READY
1674.mp3,a9ecde92c36b62ca2657c64e3e73661d29b75051b489c8193f673eaadd663473,48000,2,240000,5.000000000,-21.39,-8.43,-14.96,-1.61,,READY
1675.mp3,ee5ea20f4141a21e9dfdaeeb851f53eb12cf385fb93d2ae00663fdc3e4ad9bf4,48000,2,240000,5.000000000,-43.61,-30.33,-15.28,20.61,GAIN_ABOVE_+10_DB,READY
1676.mp3,7beb1e34d0322b8e18c5d0b7cf419a5e71d14fa1790aa9e04df6637856f9edff,48000,2,240000,5.000000000,-21.07,-5.18,-17.89,-1.93,,READY
1677.mp3,2373eb97d42fb005d703150849d072220c0d25403b0fd163cf5de42dd5ba3f3a,48000,2,240000,5.000000000,-27.90,-13.86,-16.04,4.90,,READY
1678.mp3,c785dca014055e461f061a7d511d9f7a34638a854772a3f908e75b4b0c529da9,48000,2,240000,5.000000000,-17.36,-4.81,-14.55,-5.64,,READY
1679.mp3,8689ba22d1d98986a1b9e6256793f4ad6829e0fe1166656311842fb825f40696,44100,2,220500,5.000000000,-19.49,-8.87,-12.62,-3.51,,READY
1680.mp3,e5f3c2d76d961f5b68b601f2427710a6c8d866365c6b07e6b4fa119327d0ed67,48000,2,240000,5.000000000,-34.68,-17.79,-18.89,11.68,GAIN_ABOVE_+10_DB,READY
1681.mp3,de01d499bb8b82e943886b3cdcf3dbe87bc753432eddbfee4b88d54b2c4a403a,48000,2,240000,5.000000000,-20.36,-8.05,-14.31,-2.64,,READY
1682.mp3,1bb4657100d2157f08767dab2f2e07778e161902ad9181120f8f4b6a9d25a0a5,48000,2,240000,5.000000000,-35.97,-24.46,-13.51,12.97,GAIN_ABOVE_+10_DB,READY
1683.mp3,ac7c2e249190ad85c1fd54387b8d6f890dbbc5c1a54908b7281d78e810525f2b,48000,2,240000,5.000000000,-12.36,-0.60,-13.76,-10.64,ATTENUATION_BELOW_-10_DB,READY
1684.mp3,5adc57beb4b1d8c8edc261a486496d6166ac643fe921ec5379d7fff6e5f04a59,48000,2,240000,5.000000000,-25.35,-11.86,-15.49,2.35,,READY
1685.mp3,f5b7d7621d4896532c51794c8f24e1f9c8d2cbc236c3d9a5469f86dbc1fa0a87,48000,2,240000,5.000000000,-21.53,-10.09,-13.44,-1.47,,READY
1686.mp3,d9d847fb59f9074882d3e03296979fc0daed7faa95c90be530481df6328e8b68,48000,2,240000,5.000000000,-27.28,-14.85,-14.43,4.28,,READY
1687.mp3,73ac74b5a9e11ebd73a99b109298c70c5f8511ff78b56b914d5d9e8bf8e15790,48000,2,240000,5.000000000,-26.78,-9.17,-19.61,3.78,,READY
1688.mp3,c41293a8df4e43b0ff2962ca2618a8a9e1111c30ac49fbc2b2dd4b801e9468b5,48000,2,240000,5.000000000,-15.95,-7.72,-10.23,-7.05,,READY
1689.mp3,643326ad3fe27ff91a56b7b73d4cf8f22bc3b256e14423a6a712fbf6582a46f1,48000,2,240000,5.000000000,-17.37,-2.90,-16.47,-5.63,,READY
1690.mp3,7b09b8ba2fb6e647447333d20c8a22a3df73eba27d81c32c11ce0a6b6db38488,44100,2,220500,5.000000000,-19.03,-1.80,-19.23,-3.97,,READY
1691.mp3,00621187603491c42d1cc67317a92de59f929c7d554265ab15b0048a54fcc89b,48000,2,240000,5.000000000,-35.19,-16.20,-20.99,12.19,GAIN_ABOVE_+10_DB,READY
1692.mp3,f02f5273f7be5ccd804057d302e1b8a26149e05e4c2d8c9dbe90724ff9f86eb7,48000,2,240000,5.000000000,-21.55,-3.07,-20.48,-1.45,,READY
1693.mp3,6d30480d988e3fa822657721c4e721e8ad920479ce9ee513ec405fc08b624ab0,48000,2,240000,5.000000000,-35.95,-23.03,-14.92,12.95,GAIN_ABOVE_+10_DB,READY
1694.mp3,03cb58391ef47d06b5c0819c42aa06ea06ecf4d355b0ac7e2249a0f1958ad993,48000,2,240000,5.000000000,-26.94,-10.78,-18.16,3.94,,READY
1695.mp3,aa81641f1260b3bc8a6ffdddd9891542b13e25f3c957ab844ba8961bc3842884,48000,2,240000,5.000000000,-31.52,-18.67,-14.85,8.52,,READY
1696.mp3,bd0dfe51a3bf8daad0355ab220490436c307bafc01fd20279b5e9828683349d2,48000,2,240000,5.000000000,-31.28,-7.95,-25.33,8.28,,READY
1697.mp3,61e1da991ab859c7cc02a4731d2d4197846900d5e6a3097fc210c5d015967991,48000,2,240000,5.000000000,-26.88,-9.13,-19.75,3.88,,READY
1698.mp3,420633ffa5a8e703277e25ee937378cc711ee81b1ce44f3894bc61778a300c85,48000,2,240000,5.000000000,-21.93,-11.01,-12.92,-1.07,,READY
1699.mp3,27336a79d0a3ef055a18940bd1c768076c859f426fba4d197568eace910137ea,48000,2,240000,5.000000000,-42.67,-28.39,-16.28,19.67,GAIN_ABOVE_+10_DB,READY
1700.mp3,49f73b76a693818c01dfcdd07fb18aa89055851a6d82fe480045aee1938bafa7,48000,2,240000,5.000000000,-32.58,-16.49,-18.09,9.58,,READY
1701.mp3,7355b997ca16f171da1252fad8fd4aa36ce0b0f1b768438def2f7b1002ef4139,48000,2,240000,5.000000000,-36.38,-15.70,-22.68,13.38,GAIN_ABOVE_+10_DB,READY
1702.mp3,2cf90cc12ffe6a58802c25455733ae87ae4d2629bef41dba60d9b3380202ba7b,48000,2,240000,5.000000000,-20.98,-6.82,-16.16,-2.02,,READY
1703.mp3,b448489a9715a6474e0e18966ffaefb1d08d12cdbb7c2953568f8ee073c09f38,48000,2,240000,5.000000000,-13.20,-2.11,-13.09,-9.80,,READY
1704.mp3,c8ec9ce7470406d0f5c00ff95136dc3a5d7b64be08055ca437b1a82d8874b37c,48000,2,240000,5.000000000,-23.33,-12.80,-12.53,0.33,,READY
1705.mp3,32fb0757d11d5de8c5eeb81ccbe492817e1a298411e824dd6c653859d0873907,48000,2,240000,5.000000000,-36.72,-24.17,-14.55,13.72,GAIN_ABOVE_+10_DB,READY
1706.mp3,494131a0ebb7e0173effe354e4a7c75dbe9d41641af0fc84c20e3f851239cefc,48000,2,240000,5.000000000,-35.03,-24.05,-12.98,12.03,GAIN_ABOVE_+10_DB,READY
1707.mp3,8c03e938057327acfe59e80a66b480891579659b438f5f0a1281d3d3a6a66a09,48000,2,240000,5.000000000,-22.60,-7.57,-17.03,-0.40,,READY
1708.mp3,4f43f86030efb7fbd15c087ac85f9073351dacb5c48adce073184a2df8cdc7e6,48000,2,240000,5.000000000,-36.73,-21.29,-17.44,13.73,GAIN_ABOVE_+10_DB,READY
1709.mp3,9c44d98f6c7b76390a01c27b77d820746a5f066b5270607750711ccd8114918b,48000,2,240000,5.000000000,-14.03,-0.52,-15.51,-8.97,,READY
1710.mp3,3d64bacd97677493d18da039fd5fb7972ed457395e9d841a730f8c9ac502aee8,48000,2,240000,5.000000000,-24.10,-11.38,-14.72,1.10,,READY
1711.mp3,8c0a57ca3c22b7057d4bbff53ceae52bebf95fc03d7897cbd2168eddfdb63045,48000,2,240000,5.000000000,-24.37,-9.74,-16.63,1.37,,READY
1712.mp3,dfc8bfbef0211ca73cdbca1d358a9bcc9a081a489e1c24eba53578a553c580cc,48000,2,240000,5.000000000,-16.20,-3.62,-14.58,-6.80,,READY
1713.mp3,11183da8090533b7ec8091b3dfefdf1c1ae4a2b1b22ad87a49d84795ff229f59,48000,2,240000,5.000000000,-34.17,-17.97,-18.20,11.17,GAIN_ABOVE_+10_DB,READY
1714.mp3,3b30e0f55ecf27047d92f81125e7bf3ba8d9ed0aa47bfaf5ab6e2c9516993d6f,48000,2,240000,5.000000000,-26.24,-15.08,-13.16,3.24,,READY
1715.mp3,cfd8f0f121a8dd8268f96d32d639b22051136b2f7b6a607d75379f8629c69cc7,48000,2,240000,5.000000000,-44.38,-23.33,-23.05,21.38,GAIN_ABOVE_+10_DB,READY
1716.mp3,080da47a6469bec32aada9eb2cfa054d99ed7aa28fe52c4f1bc487ca895ba43e,48000,2,240000,5.000000000,-27.06,-15.92,-13.14,4.06,,READY
1717.mp3,de0a40d1a52723a7c5d7428cd53d9893935ee6274b9d98f30a7e4b5719139258,48000,2,240000,5.000000000,-23.92,-10.04,-15.88,0.92,,READY
1718.mp3,a49846eca6ac1310d1064a2ae04162d5cba2a37df1b60e8c117aa82ecdcdd01a,48000,2,240000,5.000000000,-22.51,-5.01,-19.50,-0.49,,READY
1719.mp3,002a84418fcbf5841d1e122d744658c1143142370dd486222416a7d3d064e7f4,48000,2,240000,5.000000000,-36.42,-23.71,-14.71,13.42,GAIN_ABOVE_+10_DB,READY
1720.mp3,c118a37d4ec97ed1214fdd33bbe63c70da3fe90e183435903d96a8fd390b17d0,48000,2,240000,5.000000000,-15.67,-1.05,-16.62,-7.33,,READY
1721.mp3,fdd51b610cccee014ee0a83a3c3e4e2f54beaeab15c36ac1b918681de158fed8,44100,2,220500,5.000000000,-26.10,-13.46,-14.64,3.10,,READY
1722.mp3,b0cf717de10010f48edf29ee2143a25c5fba3bbcb6ff9a1ad1405fc6db687f98,48000,2,240000,5.000000000,-14.46,-1.83,-14.63,-8.54,,READY
1723.mp3,417e9e738a810278edb37b5b9f36cf3d72155d2f188df775c5b89d6e6d2fa999,48000,2,240000,5.000000000,-16.99,-3.69,-15.30,-6.01,,READY
1724.mp3,05eb3486cea99ebf6b8bb7d879b0e27b005e57909d5fadaf273b8aa5f685646a,48000,2,240000,5.000000000,-14.03,-0.71,-15.32,-8.97,,READY
1725.mp3,ce88dc978435cf4f0bda87dc2d54691787b902b856fec747a22b52f62990b799,48000,2,240000,5.000000000,-23.00,-10.76,-14.24,0.00,,READY
1726.mp3,f863b4ffddbabf780ecbf4e06ca395c2142a4e58a03d789b304ac3adbea1df1e,48000,2,240000,5.000000000,-14.45,-3.03,-13.42,-8.55,,READY
1727.mp3,c8db618915e397cd52bb5fa04ae05a7252dabfe1cd8af0dabb283cf54fb3003e,48000,2,240000,5.000000000,-17.34,-1.70,-17.64,-5.66,,READY
1728.mp3,f2496e13eb40300d41a1c0774f093dd56ec6ba7906b5941591b495765a5466ab,48000,2,240000,5.000000000,-52.30,-36.58,-17.72,29.30,GAIN_ABOVE_+10_DB,READY
1729.mp3,e2de12b81bc096dfecefb246f0d1844967548cb1feb34846fd3849c9c7828d13,48000,2,240000,5.000000000,-21.61,-3.05,-20.56,-1.39,,READY
1730.mp3,b378c9593cebdede83054b8ce41214155daa25f347110794ef80bfb8afe78b7e,48000,2,240000,5.000000000,-25.75,-13.80,-13.95,2.75,,READY
1731.mp3,e99da051a4334f4eb763cb97f1c52506ee0aa71e56a935b259eeed2fd904e947,48000,2,240000,5.000000000,-23.76,-14.97,-10.79,0.76,,READY
1732.mp3,1133b1faa14689dcb0c8a144b0fc77b2eca0dece871e76bf1f8199a6bb7af1fb,48000,2,240000,5.000000000,-22.96,-11.36,-13.60,-0.04,,READY
1733.mp3,c9f015687de2aae47eca5f8ea7f44f4c50771fb6cf60e32292df093eb4a22078,48000,2,240000,5.000000000,-13.00,-1.62,-13.38,-10.00,,READY
1734.mp3,0d511ad316e3783ba9d454f5b5ebb1fc8a941b52060191c29792d4d57d105d6c,48000,2,240000,5.000000000,-14.16,-0.30,-15.86,-8.84,,READY
1735.mp3,1f606d5bd52c8fe969f5e027a5c924aa326ec98305e1b7dd356d9f63a31791e9,48000,2,240000,5.000000000,-27.80,-16.38,-13.42,4.80,,READY
1736.mp3,61b00b6f60e034b7f35babf84f1389854c3df2da5fc9394ebeebbbff745dc7ac,48000,2,240000,5.000000000,-14.64,-0.27,-16.37,-8.36,,READY
1737.mp3,20e5aaaed7fa1f8fa607cfbbf1e2f45fc6b046c7414867f39633d1e55fef3ad2,48000,2,240000,5.000000000,-31.59,-20.65,-12.94,8.59,,READY
1738.mp3,837b76e30cb9c26a6fbcbc4762128d286b2bfabc45227c9bdb4638f10082adee,48000,2,240000,5.000000000,-14.82,-2.03,-14.79,-8.18,,READY
1739.mp3,94e367b35999cd1392a46908f485abb32fe681c85daf008bb2480a1facc86c2e,48000,2,240000,5.000000000,-23.27,-9.31,-15.96,0.27,,READY
1740.mp3,dd17929cb52c98ee849e9e1a504eb37348d9e82ada9f3af8293a83482af2ba9c,48000,2,240000,5.000000000,-28.29,-14.82,-15.47,5.29,,READY
1741.mp3,01cc24f359a1eb5603e748beea885da9f3efc6252dade9f1e8cab134b11535b1,48000,2,240000,5.000000000,-35.44,-20.63,-16.81,12.44,GAIN_ABOVE_+10_DB,READY
1742.mp3,4ed66278fc604b62b59a32faaa5b9fbff0ec9eab7ae99508dddb76b28397d035,48000,2,240000,5.000000000,-21.37,-6.87,-16.50,-1.63,,READY
1743.mp3,0e21034b3093372fc51feebb1e4fe07bf86821a9485890b3a9267d5a2dd8f686,48000,2,240000,5.000000000,-33.75,-14.41,-21.34,10.75,GAIN_ABOVE_+10_DB,READY
1744.mp3,1cea513852f27c401db6472f6056a5335f23856d4210d0508916324ea3188fb9,48000,2,240000,5.000000000,-25.91,-12.98,-14.93,2.91,,READY
1745.mp3,0f09ad0641cea0101c321a739f15fb6e7457d6af2a9576e1d8535f9cdcc8d589,48000,2,240000,5.000000000,-22.80,-10.87,-13.93,-0.20,,READY
1746.mp3,904b870d6d4acd7a57f2585b09d02c7bba843255e8cbd5456992cebae1a2741e,48000,2,240000,5.000000000,-23.89,-10.87,-15.02,0.89,,READY
1747.mp3,842afd58a7e1294434c2b4680f6353e6970b4f8ff83a062632c129f7adf57702,44100,2,220500,5.000000000,-12.76,0.88,-15.64,-10.24,ATTENUATION_BELOW_-10_DB,READY
1748.mp3,c83ad1f1f96ebfdae6bbcf13f64c0ebd27cdf3f19b280304a203677f106501fe,48000,2,240000,5.000000000,-15.09,-3.97,-13.12,-7.91,,READY
1749.mp3,82c1b1157c7926831de17f487850582f0c97f63b69f757bdd180c625f840593e,48000,2,240000,5.000000000,-20.85,-3.50,-19.35,-2.15,,READY
1750.mp3,40a83f48b10245c1c28d53b1a0a07ab1a13fcd769804c115c8c9eca747d93bfa,48000,2,240000,5.000000000,-29.05,-15.03,-16.02,6.05,,READY
1751.mp3,7832b3b9900ae03626bf85ef3381c85ca0315da7b4272a59e5625540034a2fe4,48000,2,240000,5.000000000,-30.53,-8.05,-24.48,7.53,,READY
1752.mp3,a86dacd23d015e726a9af6f7f60b54b149f0f6e724e0997a83401f48a931b318,48000,2,240000,5.000000000,-32.20,-21.53,-12.67,9.20,,READY
1753.mp3,35e258b6e0a2f6acc2cc69f5f3bdf7d7c5135248a896dd9be80fa54623f21458,44100,2,220500,5.000000000,-37.28,-21.72,-17.56,14.28,GAIN_ABOVE_+10_DB,READY
1754.mp3,0c13271fb65da7d49e1ae194a1549fff2402d6f0fbfe8afeb5b4cfd3968556eb,48000,2,240000,5.000000000,-27.93,-16.85,-13.08,4.93,,READY
1755.mp3,23a706d2cd16d30f22110c40a9bfd92198273ef515416be8b1673b06c173be70,48000,2,240000,5.000000000,-26.55,-14.03,-14.52,3.55,,READY
1756.mp3,51560b308a56d143425575b584ef623b8c94522d5e20a5056faf8b91309e23f4,48000,2,240000,5.000000000,-47.54,-37.80,-11.74,24.54,GAIN_ABOVE_+10_DB,READY
1757.mp3,4644cf8b647435b3bfd84d03cf30c5e018bf4783b0904c22338fe2b5bb754cca,44100,2,220500,5.000000000,-19.40,-6.15,-15.25,-3.60,,READY
1758.mp3,c0c0acdca0fbe450c97b6db1ab767b855044bde0bdf75c1be92668cb3f24f815,48000,2,240000,5.000000000,-19.51,-5.63,-15.88,-3.49,,READY
1759.mp3,b4e4dc4e007a1e5cbcfdf21101dc5317e15101a4ef014e56c6ab079ccb5ded8c,48000,2,240000,5.000000000,-18.02,-7.75,-12.27,-4.98,,READY
1760.mp3,cf014065c827f97c8eb1c34fc34b407412c0078e3688cfe4fb4658ad3bfabff8,48000,2,240000,5.000000000,-29.57,-17.48,-14.09,6.57,,READY
1761.mp3,635c8aa4f7267b0e98e407718456ec853da38c56eea27e9c4f099f7307065f26,48000,2,240000,5.000000000,-25.44,-11.54,-15.90,2.44,,READY
1762.mp3,b6b9400d532d96c9e24b5399fe420623379458ea53b275eb8435de694ad7481c,48000,2,240000,5.000000000,-20.88,-8.63,-14.25,-2.12,,READY
1763.mp3,3d2a61eab1bd0984023e12824547a8dfccef55dcd756be2b5839c3239ef3c3b3,48000,2,240000,5.000000000,-33.00,-19.05,-15.95,10.00,,READY
1764.mp3,5258c1e1bbd20d5301ddbf95362d4eb73c406aacb4216eb87c6705d4c23031b7,48000,2,240000,5.000000000,-16.81,-4.29,-14.52,-6.19,,READY
1765.mp3,cd0ad8dfc99bb8182b2f077d021511c0a5fde15031cdcd96bf5c4892e9fe2d75,48000,2,240000,5.000000000,-37.60,-23.18,-16.42,14.60,GAIN_ABOVE_+10_DB,READY
1766.mp3,c84217f1568ae07a358017c6061d77a985e138b976fecdd41b1be90081a5a512,48000,2,240000,5.000000000,-42.67,-31.82,-12.85,19.67,GAIN_ABOVE_+10_DB,READY
1767.mp3,c908e1ca3ba62957465035259cc1bf75cc2892fc6854f3f02c105cd4920bc705,48000,2,240000,5.000000000,-20.85,-7.04,-15.81,-2.15,,READY
1768.mp3,ba55386cf7c77a291a7ecc9c34438b07d856036972c314ddb238eef25ccd7698,48000,2,240000,5.000000000,-17.58,-6.21,-13.37,-5.42,,READY
1769.mp3,9794aa74de299e757c8849732546bc91ba2e0141ad049e169c3d6fe5625187df,48000,2,240000,5.000000000,-40.05,-28.93,-13.12,17.05,GAIN_ABOVE_+10_DB,READY
1770.mp3,04d9074e9292721cc666c5c55c54773a9a1a1afdc4401fdf87589f74901c06c5,48000,2,240000,5.000000000,-18.99,-4.62,-16.37,-4.01,,READY
1771.mp3,0a43cedea1b8bd7ef7c94a23f3d81c4b4d9a0b70b95c3b2273a0c8d4adc26d8d,48000,2,240000,5.000000000,-19.22,-8.07,-13.15,-3.78,,READY
1772.mp3,b58b326332fe3ceb995164d553fbfc19b5d3de4c4d1f2d5b6f024396d3924415,48000,2,240000,5.000000000,-49.24,-39.47,-11.77,26.24,GAIN_ABOVE_+10_DB,READY
1773.mp3,a965406fe5c8a2a5eb9e47743a6c5870f872cd3a2170979a704386ba02a67000,48000,2,240000,5.000000000,-33.45,-21.20,-14.25,10.45,GAIN_ABOVE_+10_DB,READY
1774.mp3,7e5385f683ac5caa9f1e2f7391946d9da2652cc49982c8af5184a1a1c1df69c6,48000,2,240000,5.000000000,-17.45,-7.62,-11.83,-5.55,,READY
1775.mp3,27f7f335d65869f80456a3b9b298d76eccf349e6675b4e87619f091fae915de2,44100,2,220500,5.000000000,-29.39,-16.60,-14.79,6.39,,READY
1776.mp3,e2b5f2b6d9275dfeda15d047b87130f76b171b038419cdcda5f1ae09e58be0b1,44100,2,220500,5.000000000,-18.24,-7.78,-12.46,-4.76,,READY
1777.mp3,2c7e887d2d82ef68603c2ba6f776d1c3f318d54598b4e791d01247e877be2f71,48000,2,240000,5.000000000,-24.95,-13.53,-13.42,1.95,,READY
1778.mp3,159d9f9467629ac0af98ba4768859cbf6176b8444e9522de7fefc87bec0914db,48000,2,240000,5.000000000,-25.78,-15.54,-12.24,2.78,,READY
1779.mp3,2edef343f904697e7ee1d08cadd8111e5510a35ddc33e28445bb298e57cf810a,48000,2,240000,5.000000000,-37.79,-25.29,-14.50,14.79,GAIN_ABOVE_+10_DB,READY
1780.mp3,8342aa6d3950ec991a60da296286ed31f3af520ef43fb7fd35f75135a50bbb7f,48000,2,240000,5.000000000,-28.93,-17.11,-13.82,5.93,,READY
1781.mp3,7ab04be37f8ddb28b7115ee4b6016465292d0f3519f01c50f4eaacff393d4955,48000,2,240000,5.000000000,-14.81,-1.39,-15.42,-8.19,,READY
1782.mp3,3516a155997ea9463259c46d936ae162ee77ed3df04d15cc7f2c62e6fc90609d,48000,2,240000,5.000000000,-21.88,-9.77,-14.11,-1.12,,READY
1783.mp3,a796e0220045288b543fd473ea59b765903f18de348ad3102d1df018a5df2788,48000,2,240000,5.000000000,-21.72,-11.19,-12.53,-1.28,,READY
1784.mp3,29c328d368bcab7f22574a5a81ca19fe89fdfcd0b5cc7d58e160124256fe797c,48000,2,240000,5.000000000,-44.58,-32.48,-14.10,21.58,GAIN_ABOVE_+10_DB,READY
1785.mp3,8366d18a69e718559a272c9a064b943186e729467b05e8b0370867a6c9d9bbd8,48000,2,240000,5.000000000,-20.69,-10.30,-12.39,-2.31,,READY
1786.mp3,2fc6a3264b1752805e6ed64fe392baf9b072bf7b59d9777d54c7c0a644e54771,48000,2,240000,5.000000000,-29.12,-17.29,-13.83,6.12,,READY
1787.mp3,a81917a7b1ee1f8a10b49d591e49a757539d2016de3ca9cf159d45b86c119525,48000,2,240000,5.000000000,-29.78,-18.05,-13.73,6.78,,READY
1788.mp3,ac1a41b2919bad825da8d5903daadc32315ffb37384e21054311d078f8fda404,48000,2,240000,5.000000000,-28.11,-12.61,-17.50,5.11,,READY
1789.mp3,29f6b64731fe9a2a177d481ed0df2695ee9f8ac587d906ebba7d0122f0fb836f,48000,2,240000,5.000000000,-28.75,-13.12,-17.63,5.75,,READY
1790.mp3,87ccec8dc3cf0c39984a1a49375402ad024ca7358ee08765e21688f433b50ab8,48000,2,240000,5.000000000,-37.89,-29.82,-10.07,14.89,GAIN_ABOVE_+10_DB,READY
1791.mp3,fbdc84336590d30e50d7ca34389a20d01caaed6abd9a62b38c9b77b318c8f863,48000,2,240000,5.000000000,-28.17,-17.73,-12.44,5.17,,READY
1792.mp3,066188e495a52eb45300c9143693a40a789c3cf3967599ccbd85c892231494e3,48000,2,240000,5.000000000,-45.99,-28.99,-19.00,22.99,GAIN_ABOVE_+10_DB,READY
1793.mp3,57fb039b6e891caa824f6cd752b42d214a0699cc8b3f33b7b853dc8c9b8f618e,48000,2,240000,5.000000000,-34.95,-21.93,-15.02,11.95,GAIN_ABOVE_+10_DB,READY
1794.mp3,5509b9885c6930c0191f488959c4d8cdbf0bc310a32102dad6d03f5439db2dc1,48000,2,240000,5.000000000,-43.79,-25.98,-19.81,20.79,GAIN_ABOVE_+10_DB,READY
1795.mp3,7bce3e2e6db6a8902dca233f2b660e8627ba46ac900ca9a56a0d78b7ce5bcf5a,48000,2,240000,5.000000000,-31.04,-21.93,-11.11,8.04,,READY
1796.mp3,ff52f4e38fb0b7675f9c4f3fc78209c7aa063abe105b69faba1e08b45a89ff88,48000,2,240000,5.000000000,-21.09,-8.03,-15.06,-1.91,,READY
1797.mp3,0feefed7af7f7de0da25bc54b2ecf124568870910ae90557641747b9a5c0564a,48000,2,240000,5.000000000,-31.98,-14.99,-18.99,8.98,,READY
1798.mp3,1697259c78e9b2d33c85d25199f7a9496a3f87eb0aa68b8bf2670aaa9e8038d3,48000,2,240000,5.000000000,-15.88,-1.01,-16.87,-7.12,,READY
1799.mp3,30fb5a6fe862a27555286422d8087dc83a2f60602abfc98c51314ec5da549fac,48000,2,240000,5.000000000,-33.74,-12.63,-23.11,10.74,GAIN_ABOVE_+10_DB,READY
1800.mp3,10ddc3a4b83716f098400a56c999a88c692f617b01e2efab95978f53a6613fc5,48000,2,240000,5.000000000,-33.64,-16.81,-18.83,10.64,GAIN_ABOVE_+10_DB,READY
1801.mp3,34ab28ad366c38888f2f6c9136aca360dcfd325d5af7a7a16f674acf641d4994,48000,2,240000,5.000000000,-29.90,-13.88,-18.02,6.90,,READY
1802.mp3,5e210f55c5af414afa85ad8ea82b02542455648a3736ae66ac09300d178f21e6,48000,2,240000,5.000000000,-19.78,-7.27,-14.51,-3.22,,READY
1803.mp3,135192542c13ba28ce5b8d5ba8f5d3fa6b8475283c1d3415419643f8cc37c6b2,48000,2,240000,5.000000000,-23.82,-10.65,-15.17,0.82,,READY
1804.mp3,5e53c02ec49e070a9dbb50c9cf5fc836d7e0c36b02f021d5c95acb3c47eae676,44100,2,220500,5.000000000,-31.74,-14.17,-19.57,8.74,,READY
1805.mp3,2fe1ac334d28659a24445264259ad9a0acd294fee570a2a1ff48a04b82be52db,48000,2,240000,5.000000000,-32.57,-18.54,-16.03,9.57,,READY
1806.mp3,aac7fd23e209711e40c290b97dbede746e59599b63f85ab9003d3dbf3b617b19,48000,2,240000,5.000000000,-25.94,-15.92,-12.02,2.94,,READY
1807.mp3,334774e6c5c298d028059d34cac68b7923f35c43c3fdf29209332ad7ab1e3380,48000,2,240000,5.000000000,-27.60,-16.12,-13.48,4.60,,READY
1808.mp3,585c22153c89539aa35803e90048a0f92a60ada085d1eb165d55e0db23ed8ea3,44100,2,220500,5.000000000,-27.37,-12.44,-16.93,4.37,,READY
1809.mp3,952c0ee945a206ad85fcc3b512c579dbe3a9905a5291c6512a5663b027eac8e1,48000,2,240000,5.000000000,-23.55,-12.82,-12.73,0.55,,READY
1810.mp3,9da4e0f983fc5a50c23482d139e68f320f0f74b1c3d854f09acb3155679d35ee,48000,2,240000,5.000000000,-28.50,-10.13,-20.37,5.50,,READY
1811.mp3,09fe1284cb21fa97a220d8191703ed5ede6d70bb7ac54ee6fc8e6c2742fc8b54,48000,2,240000,5.000000000,-29.36,-17.21,-14.15,6.36,,READY
1812.mp3,dbf53001f625dc8945324aa3512b640835584202439154ee40458f8cd948dbcb,48000,2,240000,5.000000000,-24.32,-9.66,-16.66,1.32,,READY
1813.mp3,5888325a70b63c1fa71e82685b51a997d6f3941edd5c8a8448183305ec0e0a52,48000,2,240000,5.000000000,-27.72,-10.68,-19.04,4.72,,READY
1814.mp3,27eb05a9984639242c284e4c7ba8275bb1cc16db8d6ba12ddcbe956ade3bcf79,48000,2,240000,5.000000000,-29.01,-17.91,-13.10,6.01,,READY
1815.mp3,fea762ac0011f381dff78333bcd1407ebef1f61ff8b93094c1d8f3581b4d7063,48000,2,240000,5.000000000,-17.26,-9.54,-9.72,-5.74,,READY
1816.mp3,b75ddd6d2a9d6e8f3c465b117c6253d2ebbef88dd3201e595532dd5ebd772f97,48000,2,240000,5.000000000,-26.30,-6.01,-22.29,3.30,,READY
1817.mp3,550643ea717d690d9d2f0ab758ac2a4d16cc56f851bce5d9c92943888a5c828b,44100,2,220500,5.000000000,-10.84,-1.87,-10.97,-12.16,ATTENUATION_BELOW_-10_DB,READY
1818.mp3,ee41dd14c4fab67e3725d9648f2032715fc97d9769dea7cb64f0674c9fc0e022,44100,2,220500,5.000000000,-35.36,-16.20,-21.16,12.36,GAIN_ABOVE_+10_DB,READY
1819.mp3,35eaaf22f6de43c65a37723abdf9b3725f435409f1a02b2dabe252ca3039ba2d,48000,2,240000,5.000000000,-13.94,-4.05,-11.89,-9.06,,READY
1820.mp3,2ce130e36f59f9636291ae85be4a477a2aeeedcd35cad3f6fb2c2f4057abd0c8,48000,2,240000,5.000000000,-15.89,-5.18,-12.71,-7.11,,READY
1821.mp3,6bfb40a1704fe1037a34e04956dddb98e2eefe2010608da52224b6b94a9f3280,48000,2,240000,5.000000000,-44.35,-27.31,-19.04,21.35,GAIN_ABOVE_+10_DB,READY
1822.mp3,b2cd3ff74ef42280070c4a4d5a7bdd94903434ac7da6a6b21b8814c05f75df54,48000,2,240000,5.000000000,-23.26,-9.93,-15.33,0.26,,READY
1823.mp3,81f985748ca3812a72e66b197e79e5f898ebd8bffd424b08208eac0896de264c,48000,2,240000,5.000000000,-29.50,-15.52,-15.98,6.50,,READY
1824.mp3,90691e59c6f1b5304688cd3a34d3caede238eaaef5520655d6c45b35f41a0958,48000,2,240000,5.000000000,-42.20,-20.16,-24.04,19.20,GAIN_ABOVE_+10_DB,READY
1825.mp3,d278812aef21bd5b41fdef7243e752de47c690dc029d8b22a0331c88983de65d,48000,2,240000,5.000000000,-22.80,-9.77,-15.03,-0.20,,READY
1826.mp3,6a286564dc7055bbb326325dd78936b1b6e9bea264fa8204dcbfec473df7ce08,48000,2,240000,5.000000000,-19.40,-8.81,-12.59,-3.60,,READY
1827.mp3,f591456cf7e838692a4afe2d456b0dfeac198e4f39ed54bcc87c9bf0ad9c028b,44100,2,220500,5.000000000,-13.15,-2.99,-12.16,-9.85,,READY
1828.mp3,24660fc87c2be4e1805a1ce8e3a80efd307f95903d9a17b26a1afe535af010af,48000,2,240000,5.000000000,-27.04,-4.79,-24.25,4.04,,READY
1829.mp3,2c21933beb7e303514813ac2bd4013f4c01d1d07c0fe362423e791199a182fb2,48000,2,240000,5.000000000,-12.78,-1.94,-12.84,-10.22,ATTENUATION_BELOW_-10_DB,READY
1830.mp3,67aac78ea649fc853e3decd7f76271c905b9c53ae4ad78cc7ecf5dc51b16a57f,48000,2,240000,5.000000000,-35.70,-22.01,-15.69,12.70,GAIN_ABOVE_+10_DB,READY
1831.mp3,ed529de374cb97e4f0d941f3c1202623a4ce1af7aed1d89c84410df4891e447c,48000,2,240000,5.000000000,-41.37,-25.83,-17.54,18.37,GAIN_ABOVE_+10_DB,READY
1832.mp3,cbea3ecfe28bed29d886ac49b75cdaaf7fb45bdd9721616896c9234e5893703e,48000,2,240000,5.000000000,-12.91,-0.61,-14.30,-10.09,ATTENUATION_BELOW_-10_DB,READY
1833.mp3,27eccc4056e7272f2f24864daade4781a6fe2ccb9025d3f9581c691ad245f14c,48000,2,240000,5.000000000,-19.19,-7.24,-13.95,-3.81,,READY
1834.mp3,1f96392e5853157044878305348784a0568daa3f7db705733bbb29dd4b9dffbd,48000,2,240000,5.000000000,-31.05,-16.87,-16.18,8.05,,READY
1835.mp3,e39ca6661d431f7cc4e730386755f0bb18d14da36111fbcd6cb72e916cda9e5d,48000,2,240000,5.000000000,-22.49,-8.46,-16.03,-0.51,,READY
1836.mp3,a217a1c5e3ec306dfe673db05fce31ef5fb0d5729841c3c454ea5d09a000da0c,48000,2,240000,5.000000000,-65.32,-42.44,-24.88,42.32,GAIN_ABOVE_+10_DB,READY
1837.mp3,ca8953983a4f8ecde2d4e078bd35f3f4c926b94addda9b06ab1274e8067037b2,48000,2,240000,5.000000000,-23.50,-10.06,-15.44,0.50,,READY
1838.mp3,ebc371e9b332b2031b860ac5bd9430bc028ea7efc93e3302271ed85f800e73cf,48000,2,240000,5.000000000,-15.63,-4.40,-13.23,-7.37,,READY
1839.mp3,483e939d0822bbf109272cd0052a021a33e7dbfca8129f1b7e838e1da5360b3c,48000,2,240000,5.000000000,-16.74,-3.58,-15.16,-6.26,,READY
1840.mp3,e2e04211319b5d3f328a09cbc895c93b023a5df8ef5ef534713f2bff0531ddb7,48000,2,240000,5.000000000,-38.56,-24.01,-16.55,15.56,GAIN_ABOVE_+10_DB,READY
1841.mp3,20ccef6b4fcf4936cff3ef962324af62da518f74ee15440a089d5eb94c5e323b,48000,2,240000,5.000000000,-26.10,-15.16,-12.94,3.10,,READY
1842.mp3,30cdb23f9e72d73b1d2cb2838ea20e875f38cd37a9a5b5b625eb1594c221d9c0,48000,2,240000,5.000000000,-25.37,-12.63,-14.74,2.37,,READY
1843.mp3,1f7fde72cf8b6fd241a92b9cc384b9c11c371d92f85c7a0370fd8b71c9ae9da0,48000,2,240000,5.000000000,-19.68,-4.34,-17.34,-3.32,,READY
1844.mp3,c04a906908bf1733a2cec1dfcf6ae8e9e5620602c2fcfa7a618db95241bcf317,48000,2,240000,5.000000000,-20.60,-11.21,-11.39,-2.40,,READY
1845.mp3,d58c08196cb77974acb8bba6ce60298a6a42aa75eaad31e6481d25495e4df749,48000,2,240000,5.000000000,-15.76,-3.54,-14.22,-7.24,,READY
1846.mp3,65345be5b20027dfb7b2eb3297fb6aea0417fea7db2cff3f66bba115443c244f,48000,2,240000,5.000000000,-50.80,-38.09,-14.71,27.80,GAIN_ABOVE_+10_DB,READY
1847.mp3,bb4b2127aa23f6223ff548f832b01489ba83067ad0d9f431d9a26b940b3f7c5c,44100,2,220500,5.000000000,-42.22,-26.77,-17.45,19.22,GAIN_ABOVE_+10_DB,READY
1848.mp3,9f30a4cdbf3e5206337cb00b57caf1a0b2ad00e86bf350f8e91448e5b4a87317,44100,2,220500,5.000000000,-28.30,-16.41,-13.89,5.30,,READY
1849.mp3,69c28983852e5b79aad677fe3103b299ab6c802435d2ba7ccee18944fc326f91,48000,2,240000,5.000000000,-35.38,-18.79,-18.59,12.38,GAIN_ABOVE_+10_DB,READY
1850.mp3,83b2a73605bf08fa80fad1d8eb148ea130be8ae5f8ef65431a4524c77b6f99b3,48000,2,240000,5.000000000,-32.15,-14.42,-19.73,9.15,,READY
1851.mp3,46d2ad9b3da4a07cebd8e9d6ef412798ee920a8950f4882423b98324c256e832,48000,2,240000,5.000000000,-43.73,-30.64,-15.09,20.73,GAIN_ABOVE_+10_DB,READY
1852.mp3,5b16a40e75215821cfc88ad3317852dfb84fba169d86930edbffafe4031f4e3d,48000,2,240000,5.000000000,-24.12,-10.99,-15.13,1.12,,READY
1853.mp3,4b672a71675ed07538a65957080efa4146fbc22bde9494327665ee5c7f687a9a,48000,2,240000,5.000000000,-48.59,-22.82,-27.77,25.59,GAIN_ABOVE_+10_DB,READY
1854.mp3,bec73f87ecc8c1a2ccce128aa145a887e4706adc90bd698d0c41a002062dccb8,48000,2,240000,5.000000000,-30.51,-20.35,-12.16,7.51,,READY
1855.mp3,476d9e8d3bfa129ae692ba1edeac408dec145eacc0ec300f8436d16bea03d58e,48000,2,240000,5.000000000,-31.85,-20.47,-13.38,8.85,,READY
1856.mp3,ce5be24b7158d56ccf11af936dc6a308e5258f327239c00f35b4750e56ec7acb,48000,2,240000,5.000000000,-22.88,-13.44,-11.44,-0.12,,READY
1857.mp3,0630d9f5afa63dd1177d2191ee71473bba8ed63d44cc115c875bc5c47c16d972,48000,2,240000,5.000000000,-31.09,-20.64,-12.45,8.09,,READY
1858.mp3,940c1aa64bfd2a62682ad908f3b60c4be7b8a7708e975ea4ed401a8a6d25cf53,48000,2,240000,5.000000000,-23.79,-8.37,-17.42,0.79,,READY
1859.mp3,a1fa57b3d25f6715c4346b13dcf75cc82e1c6bd00b0157290f537ca7b12bdd2a,48000,2,240000,5.000000000,-32.19,-22.77,-11.42,9.19,,READY
1860.mp3,b8f1f6f91af9d6e76d3e4623a771b81db5026775ab2c4ad5b70743a47b1014f1,48000,2,240000,5.000000000,-42.90,-33.04,-11.86,19.90,GAIN_ABOVE_+10_DB,READY
1861.mp3,47fb6df5f434e23510f957f0affffaaec075884002e68d1051885e4e8ba990b4,44100,2,220500,5.000000000,-21.52,-11.41,-12.11,-1.48,,READY
1862.mp3,d5d7135ad484ab0d5f8866598ff92d250f62f5dfbabc71701a96930f560462d2,48000,2,240000,5.000000000,-24.95,-11.91,-15.04,1.95,,READY
1863.mp3,0e9697a4e19b7812c49dbc27f40915a1f2965415920cf65eaa9d506297ddabb3,48000,2,240000,5.000000000,-19.83,-6.70,-15.13,-3.17,,READY
1864.mp3,a873c5c4d94406fe065549f51b10407367f65d9ab35f1bd3b9378bdc898bb24b,48000,2,240000,5.000000000,-58.10,-44.22,-15.88,35.10,GAIN_ABOVE_+10_DB,READY
1865.mp3,ec6e96824d9ecee5bf55dee098ee63c9b4456a880eade05ed6c96171eee68327,48000,2,240000,5.000000000,-21.90,-10.71,-13.19,-1.10,,READY
1866.mp3,be7d3c88045dcdc26b3b07d9d08d8db219c19c5eb89720dc52b5744dbff67c28,48000,2,240000,5.000000000,-13.45,-2.52,-12.93,-9.55,,READY
1867.mp3,74f4b432d5e411194302caa9307a943bca11edb5668ea1ecff86de5c419a31d2,48000,2,240000,5.000000000,-28.08,-14.57,-15.51,5.08,,READY
1868.mp3,c8351d42223ade158051ae464d92f77bb5555a25196639b0bf63be7de546cd88,48000,2,240000,5.000000000,-42.36,-30.93,-13.43,19.36,GAIN_ABOVE_+10_DB,READY
1869.mp3,a1aa35190ea3ef050b34a3af21d9f83c0fe542f7bf0f6741c52f53a6a52b796c,48000,2,240000,5.000000000,-33.74,-22.56,-13.18,10.74,GAIN_ABOVE_+10_DB,READY
1870.mp3,cdf0f82bb1cfeac1f00711bc0e0991a08f9bd65eeb5675220dc941a12919b0fc,48000,2,240000,5.000000000,-11.55,-0.23,-13.32,-11.45,ATTENUATION_BELOW_-10_DB,READY
1871.mp3,1094426c4beb8248c74efb7f5c2cbf92d23dbbe8206f18d661ed194a52fb411f,48000,2,240000,5.000000000,-33.76,-22.04,-13.72,10.76,GAIN_ABOVE_+10_DB,READY
1872.mp3,c4d027ec0cf063b251279ea67ffe5a5cbab26a448c2ccb31c948bdcced7049c8,48000,2,240000,5.000000000,-48.90,-34.17,-16.73,25.90,GAIN_ABOVE_+10_DB,READY
1873.mp3,5e99466484e8371b32f7b53002c44457be786bdf3bc50650b8b1be3a6483202d,48000,2,240000,5.000000000,-40.45,-27.75,-14.70,17.45,GAIN_ABOVE_+10_DB,READY
1874.mp3,1d45a0aee75ec9f6dc69a0165f3609910160859016e1b0f833746d2b327b17d1,48000,2,240000,5.000000000,-24.70,-11.76,-14.94,1.70,,READY
1875.mp3,825bfe9466111a9b068922cbf61d9502c6ac84144360d0f0d40b97ed22dbf74d,48000,2,240000,5.000000000,-14.04,-3.24,-12.80,-8.96,,READY
1876.mp3,de3cc7bbd04cf963888cfa1c8011553fe210dfe5094e06e2f3eebe0804d80df5,48000,2,240000,5.000000000,-29.39,-13.69,-17.70,6.39,,READY
1877.mp3,6c643c3798e6b06b0a98a329149991a3dd6e85d3216cd9885d0bee4543c9967d,48000,2,240000,5.000000000,-28.55,-17.73,-12.82,5.55,,READY
1878.mp3,e111b4c5051db0eae5e15a8787722d7864b602f6b49816ed967dc3ea5cfa5ff0,48000,2,240000,5.000000000,-34.88,-22.05,-14.83,11.88,GAIN_ABOVE_+10_DB,READY
1879.mp3,5675974c377a18f782ed7c60e3a10cd357c0ca94d2187d2b855e6394ba4bacb4,48000,2,240000,5.000000000,-40.82,-23.45,-19.37,17.82,GAIN_ABOVE_+10_DB,READY
1880.mp3,914f3cd6301be4c269beaf0ed02927a163d8f10b29c012aaf3b834b8a25db074,48000,2,240000,5.000000000,-20.42,-8.63,-13.79,-2.58,,READY
1881.mp3,b77beca6334585b9a3bf056e844197b19cbe15d0aaca4017b69b76549d708b37,48000,2,240000,5.000000000,-23.74,-9.64,-16.10,0.74,,READY
1882.mp3,35202af729ac5faadd90680318b25f966a3206d39cc4a5fabe06e5ebf95caad9,48000,2,240000,5.000000000,-63.59,-47.83,-17.76,40.59,GAIN_ABOVE_+10_DB,READY
1883.mp3,b9bdc5bdbfa58326886b97431b1b42af043828ed42c2aaaa92efed76b19b6740,48000,2,240000,5.000000000,-34.50,-24.46,-12.04,11.50,GAIN_ABOVE_+10_DB,READY
1884.mp3,5fa3229d1124dc101a0c5dd8dcb47ba5eca121a7b747bb24aa791699246b281d,48000,2,240000,5.000000000,-55.40,-38.66,-18.74,32.40,GAIN_ABOVE_+10_DB,READY
1885.mp3,2ad7f17a842c3268830d06e09a6b2557666e6ecdf777f877801fd0d1f3b5ec52,48000,2,240000,5.000000000,-23.96,-8.65,-17.31,0.96,,READY
1886.mp3,36c62411183297450e3561ff238df4b9e4d688a398e0eaddaf1e361490d72535,48000,2,240000,5.000000000,-49.78,-35.41,-16.37,26.78,GAIN_ABOVE_+10_DB,READY
1887.mp3,214bda15655b1e45c2ecd7dc648b200e9680bfd0cdac0fbd82f3bbaebdeaa1b4,48000,2,240000,5.000000000,-17.67,0.04,-19.71,-5.33,,READY
1888.mp3,07861a89d59c37f398c853387ed4de4117dc4163215f570071c85303a2530140,48000,2,240000,5.000000000,-36.39,-13.88,-24.51,13.39,GAIN_ABOVE_+10_DB,READY
1889.mp3,b59aaddfb5c7e5b8b0825e4066c09bbc68e2fe18beab1d2f23d7199f5ed542a3,48000,2,240000,5.000000000,-19.91,-6.40,-15.51,-3.09,,READY
1890.mp3,fc5af992efc5a4b22449829e69a0ff120cd8531a967bf925f2aea2000f101020,48000,2,240000,5.000000000,-35.78,-17.49,-20.29,12.78,GAIN_ABOVE_+10_DB,READY
1891.mp3,89978ada9f0c999f289d986a6a97253827184006b93a3cb9c272cb6a30d530d4,48000,2,240000,5.000000000,-43.23,-35.73,-9.50,20.23,GAIN_ABOVE_+10_DB,READY
1892.mp3,57a398ef428356e4acf84c87aedfc5196b7d25b0d67700897200286443cf673e,48000,2,240000,5.000000000,-15.16,-1.08,-16.08,-7.84,,READY
1893.mp3,f2d325ec84e90c6de097fdf884443cc44b9c814656cfa30e30c09c57d8887b33,48000,2,240000,5.000000000,-25.46,-11.16,-16.30,2.46,,READY
1894.mp3,f2fa7738169ad08e5f8ded80811cc5df2aadcf7965d0d2ffe3f2d6f0511d12b1,48000,2,240000,5.000000000,-33.90,-18.29,-17.61,10.90,GAIN_ABOVE_+10_DB,READY
1895.mp3,cbf2e8dfaf4e0b61568340dc9c2acc1bd67f95b70252e5e6309580f2f02efbaf,48000,2,240000,5.000000000,-44.23,-25.92,-20.31,21.23,GAIN_ABOVE_+10_DB,READY
1896.mp3,da5a78403837b441b8b0133115dbee92d4ac99d6bae72af500b04158d3c51810,48000,2,240000,5.000000000,-39.51,-25.82,-15.69,16.51,GAIN_ABOVE_+10_DB,READY
1897.mp3,15754bb64c3623be59b094c791d7d3df0c7c001f05f67c6a91ea65e977e6ec5b,48000,2,240000,5.000000000,-26.15,-10.09,-18.06,3.15,,READY
1898.mp3,a6f66d527523b291ae20fa5e8addcd32594abd7038db393d3421cafc89431836,48000,2,240000,5.000000000,-43.26,-30.29,-14.97,20.26,GAIN_ABOVE_+10_DB,READY
1899.mp3,dfa77ca4f91cbab0bc265f129c9ba44a0d7a0ce25ceeb622746a468960432432,48000,2,240000,5.000000000,-37.27,-26.49,-12.78,14.27,GAIN_ABOVE_+10_DB,READY
1900.mp3,3da78c8f216123a9c4f501cb0eed1c9a7eede015361dd49e44953b6e5458d196,48000,2,240000,5.000000000,-44.02,-24.64,-21.38,21.02,GAIN_ABOVE_+10_DB,READY
1901.mp3,8e8d403a5b0ac4bf382bf42199115a458fbebe42a68457097bfd517d7f163ee5,48000,2,240000,5.000000000,-31.26,-10.52,-22.74,8.26,,READY
1902.mp3,eac2c81b4edea8b046befcead0b9a1e5836070098bf525150d05b4b283aa9f48,48000,2,240000,5.000000000,-16.32,-4.30,-14.02,-6.68,,READY
1903.mp3,5d3eccf2a74eb3d48d8e0090acc7f234a5541271e3097508a1a1b10fc43a61c4,48000,2,240000,5.000000000,-21.21,-6.98,-16.23,-1.79,,READY
1904.mp3,c15bd3d7fc8ae83f6f73bab6ace322a3857c5d0c8b6d5591a27f28093f21006c,48000,2,240000,5.000000000,-29.57,-13.51,-18.06,6.57,,READY
1905.mp3,d1b13d252751fd68e9a6be9a17190128b08ad8b87b7844cf98449ea50cd389fe,48000,2,240000,5.000000000,-29.77,-16.47,-15.30,6.77,,READY
1906.mp3,07ad780b483678e4b2cebdcd2656dc96f3490768c9fed098824189e1a3c89fb7,48000,2,240000,5.000000000,-27.57,-14.75,-14.82,4.57,,READY
1907.mp3,d4b415ac3fa078f74fe3758f305e3bf62af46e4b59b7dd1414e87155758c540b,48000,2,240000,5.000000000,-29.45,-14.43,-17.02,6.45,,READY
1908.mp3,74ac538eccefbe69e1c90e19e5af2a8083639fc11d4a3d9298a6e1883ee0e5bf,44100,2,220500,5.000000000,-13.04,-1.99,-13.05,-9.96,,READY
1909.mp3,647b704cf9772a16c3ba684c73ace044b39b391c134fe077aff4bd22eb6e8834,48000,2,240000,5.000000000,-12.38,-0.95,-13.43,-10.62,ATTENUATION_BELOW_-10_DB,READY
1910.mp3,3e0fc16634e723ac01511621789bcfb65c5969c5dbd7ed7d3cc607ca636870fe,48000,2,240000,5.000000000,-15.16,-3.02,-14.14,-7.84,,READY
1911.mp3,243f464f286b07409faec65bbf329dc38eaf870dcdaac4ebb36e0c7e9f1a6369,48000,2,240000,5.000000000,-20.55,-8.66,-13.89,-2.45,,READY
1912.mp3,0e6b052e42ad22a22807fa84c1981df4f1a31553f8a963840cbbb33f7db9b682,48000,2,240000,5.000000000,-22.75,-8.08,-16.67,-0.25,,READY
1913.mp3,16ec9a604ac2cd42f5a8310b139f6f2b715785dd487486181efcdb1caf41a8a4,44100,2,220500,5.000000000,-21.71,-10.69,-13.02,-1.29,,READY
1914.mp3,ab51a095c4a5ae306fda4225b949f6ecb33eadf55275e86fe30eec5fdf079f25,48000,2,240000,5.000000000,-25.71,-14.96,-12.75,2.71,,READY
1915.mp3,42ed1d0ef994b5ff421183c08b3c8c3cb9d47b65bcbd9a1ad8ac59e3f6fedee8,48000,2,240000,5.000000000,-9.92,-1.65,-10.27,-13.08,ATTENUATION_BELOW_-10_DB,READY
1916.mp3,9296fd30a3cd7133d479e7c23f2e10bb66c28a1513627cfbf8c0db782bf93b23,48000,2,240000,5.000000000,-14.00,-3.16,-12.84,-9.00,,READY
1917.mp3,65275ae2b7730e024de90de26bd91163da628ad305094f0f1fcb09d95089fa87,48000,2,240000,5.000000000,-31.71,-18.29,-15.42,8.71,,READY
1918.mp3,3473640dfb9dbdd9d430ada3212618036b651dfc7c9ac7fc7cc94435e1bbac87,48000,2,240000,5.000000000,-13.93,-6.42,-9.51,-9.07,,READY
1919.mp3,1f44e7b51894df59f457da0a1f6fd27cef9574a5f976c40482ef7c3fb78865ee,48000,2,240000,5.000000000,-38.56,-21.96,-18.60,15.56,GAIN_ABOVE_+10_DB,READY
1920.mp3,407959cc0b805c333b656da97eebe82666c46ae941fd93c9e1788cdb296e9b16,48000,2,240000,5.000000000,-21.87,-9.72,-14.15,-1.13,,READY
1921.mp3,e364bd77ca5d9838cd47c834a6d7d3b051cd984afe570d99e09b49f68189a578,48000,2,240000,5.000000000,-20.65,-10.13,-12.52,-2.35,,READY
1922.mp3,1ed0de34ed09a91406a019b3606c3c5b16230be2ae5fb583985fc07b4f46fd9d,44100,2,220500,5.000000000,-11.79,-0.86,-12.93,-11.21,ATTENUATION_BELOW_-10_DB,READY
1923.mp3,d3de1aff403c72e244e05ef0643444f5b4efdafb0b4033d8c26c52859cd7c01f,48000,2,240000,5.000000000,-17.88,-3.11,-16.77,-5.12,,READY
1924.mp3,34aaa3394969a64cb7d3e88cfd84cae916079fabf8f4fc3e7e5ec319c131f9e0,48000,2,240000,5.000000000,-25.17,-17.39,-9.78,2.17,,READY
1925.mp3,8b7c071762f8056ee2b4d53529efb4357fc328efe1a679779348558c6fd90c40,48000,2,240000,5.000000000,-48.41,-29.80,-20.61,25.41,GAIN_ABOVE_+10_DB,READY
1926.mp3,cd3caae6c0206b17bcb9c38c0b788c2b7598311204ebbe1b279bbba02ad392b3,48000,2,240000,5.000000000,-33.39,-21.97,-13.42,10.39,GAIN_ABOVE_+10_DB,READY
1927.mp3,c06587c44ab5a2c17337d452a1c8320b304de44788856e422feb175edb23eafd,48000,2,240000,5.000000000,-25.16,-5.95,-21.21,2.16,,READY
1928.mp3,017bffecdf7194fa39ab13fe7f24f1c0be43096375fb593894e5d22d8580b4ef,48000,2,240000,5.000000000,-31.99,-18.37,-15.62,8.99,,READY
1929.mp3,180c096bbee722b75ca82230a6c4ebfe94d8add5ff86d29dfb64770c881ffba1,48000,2,240000,5.000000000,-15.15,-2.70,-14.45,-7.85,,READY
1930.mp3,773e1a58c48ffea168e0c12b2693becff2d0434fba56b278644edea10a1dadf8,48000,2,240000,5.000000000,-27.14,-14.99,-14.15,4.14,,READY
1931.mp3,b2559cf55eabaa217aa4fc0ab1e58689e47cc90a46b1fa9c483e74f22ad26b44,48000,2,240000,5.000000000,-37.93,-23.52,-16.41,14.93,GAIN_ABOVE_+10_DB,READY
1932.mp3,af25fb3d77d668068cbf5a621f70be9ac91049e68848910418b21b748ab2fb17,48000,2,240000,5.000000000,-39.29,-25.35,-15.94,16.29,GAIN_ABOVE_+10_DB,READY
1933.mp3,4a0a97b02347e086266c85ff0bd376395bb3d3b8876040952a58b2566d1dc2bb,48000,2,240000,5.000000000,-22.55,-11.52,-13.03,-0.45,,READY
1934.mp3,ab60860f8fa72b7762a22000ca642e155c40b1cbce380851f84de5a80c92e617,48000,2,240000,5.000000000,-37.96,-25.00,-14.96,14.96,GAIN_ABOVE_+10_DB,READY
1935.mp3,70b5090133d7e19cf5ebd54f324c97b0f9ac39e1d9cd28135f72a459ef7fb2c1,48000,2,240000,5.000000000,-29.30,-16.41,-14.89,6.30,,READY
1936.mp3,c8676e572f16d32b0a8807e00b20af50f1431a3d893d9dde72f528a9331d97d3,48000,2,240000,5.000000000,-23.59,-9.86,-15.73,0.59,,READY
1937.mp3,c524d3faff0bb3fba455b2de5965628564f43ec352e875a109f49554ded7fdef,48000,2,240000,5.000000000,-23.69,-10.36,-15.33,0.69,,READY
1938.mp3,66968157b3199eb006128d27321bef9e065f76ffef28f7f28a1cf505633e2ff4,48000,2,240000,5.000000000,-23.47,-10.72,-14.75,0.47,,READY
1939.mp3,828c23b874c63074f2dff569b528011e7df4efade8da2a4180fd18eaa5848c17,48000,2,240000,5.000000000,-16.72,-5.08,-13.64,-6.28,,READY
1940.mp3,7d40da06b7bef79eb47827a1de545348d62c4f6a1ebea041c63f583839fcca71,48000,2,240000,5.000000000,-24.41,-12.41,-14.00,1.41,,READY
1941.mp3,65ccde97fc9966b82fbe7b11c2dc00ee266dd458033a2611cba2d346e5ced4bd,48000,2,240000,5.000000000,-63.18,-49.95,-15.23,40.18,GAIN_ABOVE_+10_DB,READY
1942.mp3,f82312691227b52f19dab2e436647be2d430685c2ea986684856ae5d6664414a,48000,2,240000,5.000000000,-36.87,-26.74,-12.13,13.87,GAIN_ABOVE_+10_DB,READY
1943.mp3,1455bdcf22948ad99d162c6057c885fe89ce884e4a675b2a69dabae257a96385,48000,2,240000,5.000000000,-31.57,-22.32,-11.25,8.57,,READY
1944.mp3,c6d808f809f4b3b87614461a2be111c7bb9ff81108c519477399b74f69eafbf4,44100,2,220500,5.000000000,-34.23,-16.63,-19.60,11.23,GAIN_ABOVE_+10_DB,READY
1945.mp3,1fcb94c3dbe83e594d286a90fd7074632922b3d97f0aca9ddc7d0120391207a3,48000,2,240000,5.000000000,-16.32,-4.50,-13.82,-6.68,,READY
1946.mp3,13123f5826c8c281ddc725e44e615aea70ab88a9a37117c1c1c2ad374108a31f,48000,2,240000,5.000000000,-21.55,-11.06,-12.49,-1.45,,READY
1947.mp3,8ac37e2e80858b098d317a0442b0248dd42838f83fe9fb37a55f2b723253f409,48000,2,240000,5.000000000,-23.38,-12.16,-13.22,0.38,,READY
1948.mp3,344a6116298d07fae9f8066e5423b5e4c11aa2fde689b4233c6ce32228bc34ca,48000,2,240000,5.000000000,-24.44,-12.04,-14.40,1.44,,READY
1949.mp3,5ab839f7644dab59601f73bdd90fe8599b568c1330a72da7bd78f20a52a1d8e8,48000,2,240000,5.000000000,-32.07,-20.32,-13.75,9.07,,READY
1950.mp3,f534a6bec661d55d217f7bb41417039186b748be6dba7828d6a6e1ffd5b7eafd,48000,2,240000,5.000000000,-25.72,-13.63,-14.09,2.72,,READY
1951.mp3,b09556ed39bee619ecdce8a88fdcfbf70a470b6efcf08996bb045cfb0ef02352,48000,2,240000,5.000000000,-49.73,-35.17,-16.56,26.73,GAIN_ABOVE_+10_DB,READY
1952.mp3,ed37fb1e0defcd95a88e6d08ea6a547e4a08780ab047c5c220b1cc41707314d8,48000,2,240000,5.000000000,-50.36,-40.79,-11.57,27.36,GAIN_ABOVE_+10_DB,READY
1953.mp3,78571c118763cd0f676842792864b2413d0b8fe9e253220f7532564fcbfdc25b,48000,2,240000,5.000000000,-31.58,-18.27,-15.31,8.58,,READY
1954.mp3,4f825bfff2d04ded7a18c4c7f68884104dd95cb35a7888a225631b56e41a5149,48000,2,240000,5.000000000,-44.82,-33.73,-13.09,21.82,GAIN_ABOVE_+10_DB,READY
1955.mp3,26df4707404fdbff2f6963c75ff6d820655afff05c56dcfbf57853448262f2ea,48000,2,240000,5.000000000,-15.63,-3.86,-13.77,-7.37,,READY
1956.mp3,6acef2db2475addec64b717c9ddd99d8242a46fa773602a25c790f304219761e,48000,2,240000,5.000000000,-39.71,-26.36,-15.35,16.71,GAIN_ABOVE_+10_DB,READY
1957.mp3,7a9e1f7bf339e83e25002a64d95023681475814a87c014099a0b56d5c8b24773,48000,2,240000,5.000000000,-25.15,-13.45,-13.70,2.15,,READY
1958.mp3,cd8bb7904be9bbd19cc68c10d7c9a44876152bdb8d80677b5d877aa59ed0ff29,48000,2,240000,5.000000000,-22.41,-10.30,-14.11,-0.59,,READY
1959.mp3,5659ec1bd7bad51b5e0e48556a901cbc242ad4f7e25867f7df54b26079b0589c,48000,2,240000,5.000000000,-14.49,-3.76,-12.73,-8.51,,READY
1960.mp3,da5caa15a852c2fcc04ea7e917d066087aaf63307fa0e0212f6c8de51ddd9f3d,48000,2,240000,5.000000000,-23.27,-10.36,-14.91,0.27,,READY
1961.mp3,e2f3de93b4a7d44bc7911e118990cb5c2fd8eff9cfdf6f790f466c1e088ce4ae,48000,2,240000,5.000000000,-26.56,-14.20,-14.36,3.56,,READY
1962.mp3,0e0a6e98184916337697235f8a497f2c2af0ed64abd04ea0e07fbccdc7b86089,48000,2,240000,5.000000000,-30.10,-17.74,-14.36,7.10,,READY
1963.mp3,4b935ae2b2d24b63b0261b5de4a723d2999d608d20809b11a64e92aa7fa13176,48000,2,240000,5.000000000,-29.61,-16.08,-15.53,6.61,,READY
1964.mp3,f8e6984341ced57936571e3de96e23207029f5325dee58bc7fa73c6c8ecadb26,48000,2,240000,5.000000000,-27.03,-15.88,-13.15,4.03,,READY
1965.mp3,40c263bb20564010e5ba6f19e610bead498e0a6083457b4f8297e5268a08aa62,48000,2,240000,5.000000000,-16.72,-5.64,-13.08,-6.28,,READY
1966.mp3,775af4b2cc26e7fffb601c7f72e9f54a59033ade63255e1c449daa35029685e4,48000,2,240000,5.000000000,-26.33,-17.57,-10.76,3.33,,READY
1967.mp3,847486a4cb678629f11eaa0fd5c44c37215c3c06b98b83f35947dee1cceca352,48000,2,240000,5.000000000,-30.80,-18.94,-13.86,7.80,,READY
1968.mp3,f1d7a7fab1228853e1e13341c2060603ce4b8ad5085692a69e4423f25b7f1146,48000,2,240000,5.000000000,-39.80,-28.82,-12.98,16.80,GAIN_ABOVE_+10_DB,READY
1969.mp3,de57add5f2288c45dac1185a1c354fc8c90f05ba1040d8bd7f2cdbaa70f5af35,48000,2,240000,5.000000000,-36.73,-21.81,-16.92,13.73,GAIN_ABOVE_+10_DB,READY
1970.mp3,74dc087b03d622852d3518430595189d400a927da9cce0b91067685418e3cc17,48000,2,240000,5.000000000,-25.50,-11.69,-15.81,2.50,,READY
1971.mp3,9ef0b3030d0ecf7c826d1658be2459c5066e900d8a28d094b72e8f71ed1e7ffe,44100,2,220500,5.000000000,-34.27,-19.31,-16.96,11.27,GAIN_ABOVE_+10_DB,READY
1972.mp3,d4021eca9f3ee1121eb3ebb2151feea7f96299f9042a00da1b0b92a985676178,48000,2,240000,5.000000000,-17.04,-1.29,-17.75,-5.96,,READY
1973.mp3,df9f7c85a1ab9c9a8b12d212b1ff202c7eef34052ac4c43c914ddab198b01164,48000,2,240000,5.000000000,-17.17,-2.30,-16.87,-5.83,,READY
1974.mp3,c7dab6cc1849a6e0d282cbc8896a1519a8b5ef130f42d3e86e7dccc9ce87d389,48000,2,240000,5.000000000,-30.16,-15.49,-16.67,7.16,,READY
1975.mp3,a719ef73d0c28cae93ce9e4ee17671ea972b7af24dd0e0361ef8b7d6d038e8e9,44100,2,220500,5.000000000,-46.00,-35.51,-12.49,23.00,GAIN_ABOVE_+10_DB,READY
1976.mp3,df4aa5e9fb37509271987366130355adf383eafc5bc2f7ee4fbb000deb5eac26,48000,2,240000,5.000000000,-28.77,-10.05,-20.72,5.77,,READY
1977.mp3,cb302ce82aed92bfc4f72ba4a889c149d64afc24307527694affa37bc6c18f9e,48000,2,240000,5.000000000,-24.64,-8.02,-18.62,1.64,,READY
1978.mp3,6c3a58e14b5682db48d07578bdb195e6a21a7eb3b7c26439dec3227ffeac85df,48000,2,240000,5.000000000,-45.71,-30.39,-17.32,22.71,GAIN_ABOVE_+10_DB,READY
1979.mp3,f6a39c703f346a4741f0959162e9aef3acd82e18e6483b34c2b926e8accda0a3,48000,2,240000,5.000000000,-46.29,-23.28,-25.01,23.29,GAIN_ABOVE_+10_DB,READY
1980.mp3,2daefb4216c919ddb08303fbce9990e375c9a0b48f1a317c2def8b131df450d1,48000,2,240000,5.000000000,-20.15,-7.92,-14.23,-2.85,,READY
1981.mp3,d76de7a93164f74c1b0fbde0f05fe718c08bd4fb0c9d0629b004cd839386ac5d,48000,2,240000,5.000000000,-16.12,-1.69,-16.43,-6.88,,READY
1982.mp3,f39b225f49d4731fef84f5b983d3c932c710e11061f125810386db710edb0e8d,48000,2,240000,5.000000000,-47.21,-40.08,-9.13,24.21,GAIN_ABOVE_+10_DB,READY
1983.mp3,6513375b16af367eb01a11ee2afb227b39d119bdd6409c694f34eab3bf57928f,48000,2,240000,5.000000000,-46.29,-33.50,-14.79,23.29,GAIN_ABOVE_+10_DB,READY
1984.mp3,1833ab2eef0763acf9ecd922905b1c19ce18d464a77216a1bb9a8581aeaecd1c,44100,2,220500,5.000000000,-58.15,-48.94,-11.21,35.15,GAIN_ABOVE_+10_DB,READY
1985.mp3,d6d3026abb1ff7042f740f0fb26d1a4ca2e230d6d1ac5cba27d34454abc3cc7f,48000,2,240000,5.000000000,-25.38,-12.39,-14.99,2.38,,READY
1986.mp3,0798ed184fe3f4fcbd6381de7828f693301fd3483faa99680ee81cdb7659a28d,48000,2,240000,5.000000000,-35.54,-17.91,-19.63,12.54,GAIN_ABOVE_+10_DB,READY
1987.mp3,7fc2039bb1314a0f5f7e9f7a3f2fd516f8d2babb89924e999192ec57c83d98d0,48000,2,240000,5.000000000,-25.96,-13.93,-14.03,2.96,,READY
1988.mp3,fff8e00d73f9892c77165df98ca710affcacc1a25e1c61b25ededc587a59841f,48000,2,240000,5.000000000,-50.92,-35.39,-17.53,27.92,GAIN_ABOVE_+10_DB,READY
1989.mp3,99cf174ea93a1cff2abf72a7becb4ee3deb6df145a4903eab9adf978978fd6d5,48000,2,240000,5.000000000,-28.94,-16.40,-14.54,5.94,,READY
1990.mp3,ff07bdf0a28197dd2d0bc83d0a9938cc96f3c371531f23e8e7dd713511cbf311,48000,2,240000,5.000000000,-15.07,-2.29,-14.78,-7.93,,READY
1991.mp3,0435d2ac32405de87b873ba5a2e74db7b4efbfaf5712732143ba57ab4279b31d,48000,2,240000,5.000000000,-10.34,-0.58,-11.76,-12.66,ATTENUATION_BELOW_-10_DB,READY
1992.mp3,278f729595f0f771301acf542615c7938462839f2fe1c275c2324c8bbea3a3ac,48000,2,240000,5.000000000,-36.81,-22.46,-16.35,13.81,GAIN_ABOVE_+10_DB,READY
1993.mp3,5fee2b204ac85cac4e8827c393d613cc8c15c9cf13a157b422d251932291a547,48000,2,240000,5.000000000,-31.36,-20.66,-12.70,8.36,,READY
1994.mp3,8e3766bd4558bfb830b0deb7893ffc4b97692a06f0e2438d64a84dfce868b5df,48000,2,240000,5.000000000,-12.79,-0.08,-14.71,-10.21,ATTENUATION_BELOW_-10_DB,READY
1995.mp3,c1e9ecc09d5e457d99c2e1929edf8a66acbf3dd999188987d35adfe2c091aeb7,48000,2,240000,5.000000000,-35.32,-21.40,-15.92,12.32,GAIN_ABOVE_+10_DB,READY
1996.mp3,f21aa9f0090e7433074b2bc0569bcd38b033d03c30e32cfea8a2e91f7ee1abb6,44100,2,220500,5.000000000,-13.28,-3.26,-12.02,-9.72,,READY
1997.mp3,03543841f0e0a547462ed9ac6acb365af4cfe64d88f399800055bd6b00980bf3,48000,2,240000,5.000000000,-21.20,-11.19,-12.01,-1.80,,READY
1998.mp3,8b2ea2e49b82d39fc9493a6550af863358efdc99e565bcb5a1e9bb46cdffd77b,48000,2,240000,5.000000000,-66.97,-49.34,-19.63,43.97,GAIN_ABOVE_+10_DB,READY
1999.mp3,242483932dd626902111e9ba262e3a105e72b1c0cfad4c5411f181dcb0a81324,48000,2,240000,5.000000000,-17.95,0.06,-20.01,-5.05,,READY
2000.mp3,648e47e961b0099eb8761871341acfc768ca4e8347ba3dfed63db10cf63bc45b,48000,2,240000,5.000000000,-36.75,-19.41,-19.34,13.75,GAIN_ABOVE_+10_DB,READY
2001.mp3,623a836377d703e8b02cc903627faff124c9a13e0548c2ce7d2f7b5de17d5961,44100,2,220500,5.000000000,-13.04,-0.20,-14.84,-9.96,,READY
2002.mp3,250aedce9176c4bc35137f8857771228fee045c438ca19bf32eb7cbd2b6f0a29,48000,2,240000,5.000000000,-22.41,-12.34,-12.07,-0.59,,READY
2003.mp3,97594a4c24bb77afb6b12997f76189cc05c8fc1484714c2a43c9f88ee47aa68f,48000,2,240000,5.000000000,-29.32,-17.55,-13.77,6.32,,READY
2004.mp3,5be0ad6dc0fa03908bce8882992ecef6efbc4e2c69b6b90ab75efd0bcf99776e,44100,2,220500,5.000000000,-19.97,-6.09,-15.88,-3.03,,READY
2005.mp3,021afb7204034bf33ecb522b7891b887841f8bfe576f45fad92e1dafe822aa01,48000,2,240000,5.000000000,-18.79,-4.65,-16.14,-4.21,,READY
2006.mp3,f4212b4f1445576572e68f22a492d818b62051597bb78028ac169e59aa663439,48000,2,240000,5.000000000,-23.13,-9.60,-15.53,0.13,,READY
2007.mp3,73df6fa2f3e493c0c9020501c9210c388fb1dcbb521462cc7732d6ffa2a34f03,44100,2,220500,5.000000000,-24.08,-12.75,-13.33,1.08,,READY
2008.mp3,8fa11abb35c7781aa056489966bdb8677e16fc12b58b7de14699544fde0bf2f1,48000,2,240000,5.000000000,-21.97,-11.12,-12.85,-1.03,,READY
2009.mp3,e110054a2eed2c51f4a4f9c5d12a0c72a9602e77a9106e8b7fd72beb71ed0be9,48000,2,240000,5.000000000,-24.10,-12.87,-13.23,1.10,,READY
2010.mp3,cbeb739552a2f6db4f89accaad54c59ab3947ea649877b0687454ef31d50f2a0,48000,2,240000,5.000000000,-26.41,-12.73,-15.68,3.41,,READY
2011.mp3,7a913fdf07091da32ace47e687cbd548c09b254b61bf339a7b0ff3bc7f1cc9d3,48000,2,240000,5.000000000,-40.84,-30.47,-12.37,17.84,GAIN_ABOVE_+10_DB,READY
2012.mp3,3a04478cf1ab7ab968c3e40a4a2967e206759f2a6afe304c31d54f9b97cf3b62,48000,2,240000,5.000000000,-11.72,-0.44,-13.28,-11.28,ATTENUATION_BELOW_-10_DB,READY
2013.mp3,8dc07d41c80502d40085fbb6a15e0c35354f09bb10e1bd0e9cb0316a13a74e35,48000,2,240000,5.000000000,-41.56,-26.85,-16.71,18.56,GAIN_ABOVE_+10_DB,READY
2014.mp3,5db325a44d5b77b1f06d4e957725b29febf343197d2166ef995232ed9ae7d29a,48000,2,240000,5.000000000,-26.18,-19.19,-8.99,3.18,,READY
2015.mp3,0ac14cadc4f2048f589a1e1d41a9e85a3da37696795018cbbb8b2e80d9e365a5,48000,2,240000,5.000000000,-17.75,-6.89,-12.86,-5.25,,READY
2016.mp3,82bc1ae5e99f06dcb2658bd31644163bb87e7f3808e519f997c85a23e555a2b4,48000,2,240000,5.000000000,-36.07,-22.83,-15.24,13.07,GAIN_ABOVE_+10_DB,READY
2017.mp3,b1d01bb26ed78bf0607fdb0a1575d04c4084bee8a019753d15458ad9314e0a1e,48000,2,240000,5.000000000,-37.14,-26.17,-12.97,14.14,GAIN_ABOVE_+10_DB,READY
2018.mp3,588e5b7062f801b3ad7d7a8cd0142342feac140e01f4e557ca4390c57fa8bad9,48000,2,240000,5.000000000,-25.36,-16.32,-11.04,2.36,,READY
2019.mp3,de11c94dba888999c0bdfa992d1b89b4dc4790b373b09e5921d4a31d3bc9f610,48000,2,240000,5.000000000,-33.61,-21.12,-14.49,10.61,GAIN_ABOVE_+10_DB,READY
2020.mp3,f7e3d7288c4b834cae18cf0b127909a13aaafbd2caef80da15e7136b3e2f2f1d,48000,2,240000,5.000000000,-17.98,-8.48,-11.50,-5.02,,READY
2021.mp3,f5b332a65e24832d8f665dd376c7a2a4edf658ef4cb9120c85b75f97a40c227e,48000,2,240000,5.000000000,-17.03,-0.92,-18.11,-5.97,,READY
2022.mp3,55f9bfdc353a94b00d91dea71b32d1a9b949ed6433037141a5e0050971495b30,48000,2,240000,5.000000000,-46.11,-28.12,-19.99,23.11,GAIN_ABOVE_+10_DB,READY
2023.mp3,63e60264fbe8a7f909bee4d9a9de0c7c3aca530cdc560dec7fc06208e6459ade,48000,2,240000,5.000000000,-45.20,-30.33,-16.87,22.20,GAIN_ABOVE_+10_DB,READY
2024.mp3,acc5f73edd036690692eb465bda67cec558b7b84b46da715366c4e5614960646,48000,2,240000,5.000000000,-29.59,-16.40,-15.19,6.59,,READY
2025.mp3,cbe78f64f72b065a0dfc3d9a0453429e3ef9c14218526675aea09662b4ea3849,48000,2,240000,5.000000000,-15.08,-4.25,-12.83,-7.92,,READY
2026.mp3,529641b47bb182ad744b06e315e9067939cfbbe9c1cb414a4063dd0492937daa,48000,2,240000,5.000000000,-21.06,-8.36,-14.70,-1.94,,READY
2027.mp3,6adeda840ef3227fd6f37b7b0e85fe33d021c150c53ed2e42cb0118ff3edad2e,48000,2,240000,5.000000000,-33.76,-2.40,-33.36,10.76,GAIN_ABOVE_+10_DB,READY
2028.mp3,fbdb41ee72e768a3bb0c64dd82e9733d8e00cc773c8f1081d60f66735cdc6d06,48000,2,240000,5.000000000,-17.81,-6.98,-12.83,-5.19,,READY
2029.mp3,564d768ea65f49a884cc32652c89021f93172d54d6c404f60cee44efb7428230,48000,2,240000,5.000000000,-50.08,-29.42,-22.66,27.08,GAIN_ABOVE_+10_DB,READY
2030.mp3,1bc8b7f3d5d3b11857e5a194f7e85edc9b19460cebcb6ff3de7b2e90b6fbc2d0,48000,2,240000,5.000000000,-33.91,-20.08,-15.83,10.91,GAIN_ABOVE_+10_DB,READY
2031.mp3,5285bce47e3ad7407cb2c36244f335980e8ea9d31833f7c525627bf4e19e1513,48000,2,240000,5.000000000,-15.87,-0.94,-16.93,-7.13,,READY
2032.mp3,6384e07cc518761c095bc1446e9dd98f3db16db6024574988572ad3a784ad20c,48000,2,240000,5.000000000,-19.61,-7.23,-14.38,-3.39,,READY
2033.mp3,9fb7ddb06a055be8f1b7481336968f3faa37441ceb09b03e402cd4d434283aae,48000,2,240000,5.000000000,-21.24,-9.38,-13.86,-1.76,,READY
2034.mp3,6e1bc629708caf03d9a9466a31f4380d0b499bdb252f966485c40683c61a5fbe,48000,2,240000,5.000000000,-43.22,-27.97,-17.25,20.22,GAIN_ABOVE_+10_DB,READY
2035.mp3,c6684c93c54f4fdb3e146061269d19b7828bc99d093d89af4f3443f2feb31cf0,48000,2,240000,5.000000000,-22.16,-8.29,-15.87,-0.84,,READY
2036.mp3,614feb17f45f09aa4be47f88cd9b0bcd9dbc982d9dad9cc9e2259db0880d6f83,48000,2,240000,5.000000000,-35.87,-17.68,-20.19,12.87,GAIN_ABOVE_+10_DB,READY
2037.mp3,7ee4e9751b1fc6dc405ce047d3134a18a984d603b6e9e874949f7aadc7da8a80,48000,2,240000,5.000000000,-27.14,-5.25,-23.89,4.14,,READY
2038.mp3,c1133054bee5baea142ab7dde3a98339ce12759517529a3f13e9752c2b39c4bb,48000,2,240000,5.000000000,-45.48,-18.82,-28.66,22.48,GAIN_ABOVE_+10_DB,READY
2039.mp3,ca0dc1ba1b27998d28b11dbca5bd2b942f16eaef8bf255ae6705c5c1d23b5e75,48000,2,240000,5.000000000,-51.19,-29.74,-23.45,28.19,GAIN_ABOVE_+10_DB,READY
2040.mp3,f1f4bc6823376c811c9fd9acf60db0394df463371581e6dced1e9cd813fefd85,48000,2,240000,5.000000000,-41.43,-30.46,-12.97,18.43,GAIN_ABOVE_+10_DB,READY
2041.mp3,5f4cd52cd83691ab6f602fa86d9f18816bb4c84c90ad3f8eff3dc7dc29acfb9b,48000,2,240000,5.000000000,-32.73,-19.06,-15.67,9.73,,READY
2042.mp3,4fc382fd3f50ace9abcbf6bb95deea62ae7f8407c270cae2e4d1c7819e467ee0,48000,2,240000,5.000000000,-32.81,-17.70,-17.11,9.81,,READY
2043.mp3,a01f4c96a09e558c9c444ef8e670d38631c86b60ec07ae21abadc951e0ed152e,48000,2,240000,5.000000000,-23.30,-6.58,-18.72,0.30,,READY
2044.mp3,32797a6c542ce2574e73f196484eac762c44b02fad9e04e319b7090da0849194,48000,2,240000,5.000000000,-35.97,-20.65,-17.32,12.97,GAIN_ABOVE_+10_DB,READY
2045.mp3,848ef45952fb9795c3eaaaec5d90f53241b90a291b459dbf0d1b2d6b5d651aaf,48000,2,240000,5.000000000,-23.17,-7.73,-17.44,0.17,,READY
2046.mp3,fec9486e85af53bdb88886a88b2234f509e48e9da6ff6de1477bb74b4778bf5b,48000,2,240000,5.000000000,-23.08,-11.04,-14.04,0.08,,READY
2047.mp3,ad8faabd72ddc375a3b5b4c37ea1a11520752a984d937e66679a7e079f8e2cdd,48000,2,240000,5.000000000,-22.95,-10.40,-14.55,-0.05,,READY
2048.mp3,bfc4330b1b4f2e92ab5af5de4c9f68df0e42b2b4c70ebb55faff4095c8e9d03c,48000,2,240000,5.000000000,-21.74,-9.20,-14.54,-1.26,,READY
2049.mp3,8aca3fc907b2cb6aa9d0c0834405913ca909a3d9e4d7d8e87e9dd91541628985,48000,2,240000,5.000000000,-28.32,-13.68,-16.64,5.32,,READY
2050.mp3,be6e083da60e2a25d5f344a8037f586c3af4f9930ec6a1c3ce81e2340aaeac68,48000,2,240000,5.000000000,-22.96,-6.25,-18.71,-0.04,,READY
2051.mp3,bb143f25d040be24a486d50dac0339c07867785ba751330e9bd25989c68c59c5,48000,2,240000,5.000000000,-61.42,-39.00,-24.42,38.42,GAIN_ABOVE_+10_DB,READY
2052.mp3,986fae7aed458e10a3d3c34e39553b73669b1fe62a5ad8ae4f0bc09280c2d234,48000,2,240000,5.000000000,-34.29,-20.47,-15.82,11.29,GAIN_ABOVE_+10_DB,READY
2053.mp3,716bb0e9cd8aa741d8c96e9af027040c1d27d2bcc8207438e4734404add74b24,48000,2,240000,5.000000000,-42.34,-28.75,-15.59,19.34,GAIN_ABOVE_+10_DB,READY
2054.mp3,69d3270f1191320e9222c56f0799dc00927f4f7a0b7da32510df53df5a354422,48000,2,240000,5.000000000,-15.07,-3.78,-13.29,-7.93,,READY
2055.mp3,3e9c16868f7c8edd5bd28231493e16adc0f3c91f8dca2e49205d469eab879880,48000,2,240000,5.000000000,-19.45,-7.30,-14.15,-3.55,,READY
2056.mp3,93253a8c898e5792e13642c1f0eac55b1c2da57a9f1d8d82786091033b84e0c4,48000,2,240000,5.000000000,-40.50,-26.79,-15.71,17.50,GAIN_ABOVE_+10_DB,READY
2057.mp3,5a75938ab2980ceb7e45f8607ae8aea2f583c650ceb560ce071328509f85e292,48000,2,240000,5.000000000,-33.64,-22.37,-13.27,10.64,GAIN_ABOVE_+10_DB,READY
2058.mp3,985f6d31a2f10da041173721a09b42c7bcddc90a60e0dbf36634dc1386705eb2,48000,2,240000,5.000000000,-15.78,-5.99,-11.79,-7.22,,READY
2059.mp3,68697e35dc97c83b04c778602405eb0e05309ad0e7bb53f5c0e652573109fea2,48000,2,240000,5.000000000,-28.32,-10.18,-20.14,5.32,,READY
2060.mp3,3827f1f2d7f7a21504419509562157147ec3f573aa20ab4d500a881044325371,48000,2,240000,5.000000000,-26.26,-16.15,-12.11,3.26,,READY
2061.mp3,eb2f741c6a40014e816e6fb309b9a83280afdcbfd064fc0c450ef5586b517921,48000,2,240000,5.000000000,-24.08,-15.69,-10.39,1.08,,READY
2062.mp3,37d6fd6d3802973a91743eebdbc56ad35aa7c505c85270615f49318fdcb08c19,48000,2,240000,5.000000000,-16.36,-1.55,-16.81,-6.64,,READY
2063.mp3,f590e1f90bd8a22ddad936331791da328785d80688f911d3be8cff312bca761f,44100,2,220500,5.000000000,-23.83,-3.82,-22.01,0.83,,READY
2064.mp3,45622ac8ac669825a0b6011fe7afd481b194a59be9d96eb6a7a0916618901eea,48000,2,240000,5.000000000,-18.15,-4.34,-15.81,-4.85,,READY
2065.mp3,bfb789b5df63b8f643b2fd7bd78043caf72dd2c5331ad7b5bdbaaae826a33a3e,48000,2,240000,5.000000000,-25.06,-13.16,-13.90,2.06,,READY
2066.mp3,8b27d03476a2fdf01734d2160488c934d152571c9bf3516988c2e6fa904b2df2,48000,2,240000,5.000000000,-21.04,-5.53,-17.51,-1.96,,READY
2067.mp3,426ff1175e09e5c0abf8089730cebafd62c33c60e3b17b58b30cf7d7ae59ba18,48000,2,240000,5.000000000,-28.40,-18.35,-12.05,5.40,,READY
2068.mp3,54bc17c1d3596d147cea913f6af204f9546b0c0ef4ca757ead0126a0589c72d4,48000,2,240000,5.000000000,-13.95,-3.54,-12.41,-9.05,,READY
2069.mp3,898fd7d115c7fe277594777c8b996215202f47cd85c4521263bcb1f20ddb3885,48000,2,240000,5.000000000,-24.04,-8.89,-17.15,1.04,,READY
2070.mp3,59defcc6ed810122821e9d44b38c20093d302a4add13522640b2beb14d5e635d,48000,2,240000,5.000000000,-35.83,-25.13,-12.70,12.83,GAIN_ABOVE_+10_DB,READY
2071.mp3,56be920eb45078e210f3a93fa61eda859a83cf863d2eb0f241470daf1469b0af,48000,2,240000,5.000000000,-11.77,-2.13,-11.64,-11.23,ATTENUATION_BELOW_-10_DB,READY
2072.mp3,2111f8ba19c317d1c2f4964b06f10a23d815d8e72ea35a3631a3d3f60a714559,48000,2,240000,5.000000000,-19.23,-5.95,-15.28,-3.77,,READY
2073.mp3,cc5780f0d0d09b384727273fb6b836499a0e793bc52ecc224c2371be4d26bf46,48000,2,240000,5.000000000,-30.35,-18.28,-14.07,7.35,,READY
2074.mp3,17957e04a8c9bda52d3db33a4a233922f81e4cda3c3fed15f883cd2ede87891a,48000,2,240000,5.000000000,-19.02,-9.58,-11.44,-3.98,,READY
2075.mp3,476ef036b3751bd13723ed0ee582194f435df465059b0c4eb947c5a0f262b7b0,48000,2,240000,5.000000000,-19.96,-10.97,-10.99,-3.04,,READY
2076.mp3,2204d72ff5cfd44d1f586696e4dd7bf8497dec120dd23d1e401af9037fa87b98,48000,2,240000,5.000000000,-13.98,-3.54,-12.44,-9.02,,READY
2077.mp3,7aed3c88b5264f588b86d99516efbdeb14ac1648ca08f02ba4463e0afc004bbf,48000,2,240000,5.000000000,-21.76,-11.06,-12.70,-1.24,,READY
2078.mp3,5951089a0e9bb6bc0015fb03bb6d2730585f131edbba2bcb369e88bbfcefdbe9,48000,2,240000,5.000000000,-20.85,-9.92,-12.93,-2.15,,READY
2079.mp3,27526b73da5ae32534d5048aa8bdcfa74f2bec0deacbfc8550770dfc4f8fe4fb,48000,2,240000,5.000000000,-33.00,-17.81,-17.19,10.00,,READY
2080.mp3,d9b229baee9ba18d03c6061c0762b707dc14784d3207eb9e8e4367fa53a4984d,48000,2,240000,5.000000000,-18.50,-8.37,-12.13,-4.50,,READY
2081.mp3,4a3c64a510a73abad7af89e1b3fc6ad29d02d72cb299a735f8db40ab03e0cd1c,48000,2,240000,5.000000000,-20.03,-10.08,-11.95,-2.97,,READY
2082.mp3,ac61387a22b9c50c10447b4d0485fcdf4e2da217e4d25f92ed205198a2746eca,48000,2,240000,5.000000000,-23.97,-10.93,-15.04,0.97,,READY
2083.mp3,4a528e9ff8c768c73fc5fcf8a3d8b9b7fc0f7e88c7a52b3846ecce0072f4f753,48000,2,240000,5.000000000,-11.10,-1.32,-11.78,-11.90,ATTENUATION_BELOW_-10_DB,READY
2084.mp3,b4a0f1f863d75e5dce29ddb08a67414c7d35953f3b6363854c81b58bbb76f48a,48000,2,240000,5.000000000,-32.14,-16.12,-18.02,9.14,,READY
2085.mp3,fa987fe614682c1def6936dcfb04373d9e221bad974599f798175b1706ae8b67,48000,2,240000,5.000000000,-16.87,-1.00,-17.87,-6.13,,READY
2086.mp3,0e1c18894a03a0f67f58d0dc91c24d4de75a78d89bf776dca065a0d1304a586a,48000,2,240000,5.000000000,-25.10,-11.28,-15.82,2.10,,READY
2087.mp3,1b7c42218d7e8a6ecf652e22a9e7305d551459428253a8fb8e7cd2a73c984ad3,48000,2,240000,5.000000000,-24.48,-13.92,-12.56,1.48,,READY
2088.mp3,c458157e146990536df8adc077bebd3626d66dc6803637ebbe69b4d6e993ec07,48000,2,240000,5.000000000,-27.53,-14.10,-15.43,4.53,,READY
2089.mp3,777015ab3ac13c43921358358494715825cf1ba1c0a82a21de727599ac67c2fb,48000,2,240000,5.000000000,-49.34,-37.94,-13.40,26.34,GAIN_ABOVE_+10_DB,READY
2090.mp3,ac4d215113d33535b005b8316a9c3af9bc5bdbac9e1079fa063d6cc5e7a3d081,48000,2,240000,5.000000000,-49.92,-34.93,-16.99,26.92,GAIN_ABOVE_+10_DB,READY
2091.mp3,4ea85a532d2c7c917ac2626eb8cc69f34b1d1a5fbd9f3584756332cc52d4b2f2,48000,2,240000,5.000000000,-13.05,-0.02,-15.03,-9.95,,READY
2092.mp3,6c3bdc60b99d3ab771c6ddd3130fd23e9228564d3fdaea94fa16ea81158569be,48000,2,240000,5.000000000,-13.67,-1.69,-13.98,-9.33,,READY
2093.mp3,2a4dd0233cbc79d9217be558a89baaaa8eba610077ace0c28ae9cc85b7eebbac,48000,2,240000,5.000000000,-18.21,-6.34,-13.87,-4.79,,READY
2094.mp3,b5c74d6a4213af4403fc82dffb18647cc7c513aadeabc0df93a02b6210ea699d,48000,2,240000,5.000000000,-28.48,-3.65,-26.83,5.48,,READY
2095.mp3,f1649e0eda6e63c33531f586563ef0c9a6c86c82ba730f3872ca99f8c961e55e,48000,2,240000,5.000000000,-60.40,-46.85,-15.55,37.40,GAIN_ABOVE_+10_DB,READY
2096.mp3,c231f8ed755568c8c8190f019136ed48fac7738d0f7cbe1526efd0f793a7a440,48000,2,240000,5.000000000,-28.19,-15.36,-14.83,5.19,,READY
2097.mp3,39b0efe7bbf428bd7b2ec86df188378817482323882ab48f412c53a85e997a75,48000,2,240000,5.000000000,-64.45,-42.83,-23.62,41.45,GAIN_ABOVE_+10_DB,READY
2098.mp3,d3eaf5af326a0abe0c58f43cfdf1398f4e69fa7b664b2d106bddb1f2a70ae560,48000,2,240000,5.000000000,-28.61,-12.25,-18.36,5.61,,READY
2099.mp3,32622d56d440baf980eed34029ede22d5e25879601f720d696d38fcb59ffcd5c,48000,2,240000,5.000000000,-24.54,-11.91,-14.63,1.54,,READY
2100.mp3,f81df0fada68a4f985284608b158b9f4380ced194463827dc570241bfeb4910c,48000,2,240000,5.000000000,-21.17,-4.10,-19.07,-1.83,,READY
2101.mp3,79684fd9e0d65a0ef8dca7141fa012eda8aba59b27c5db4e517899eb7aad90a9,48000,2,240000,5.000000000,-13.03,-3.38,-11.65,-9.97,,READY
2102.mp3,9a646db5aa8e5fc2e8f7871fccf9d8dde48830f62964f2831ee6fca6316e216f,48000,2,240000,5.000000000,-31.30,-13.50,-19.80,8.30,,READY
2103.mp3,556db85e9c5c1d4bfb100199b2fa65c9ecd8918b688e08d9ea0847cb82902252,48000,2,240000,5.000000000,-12.68,-2.66,-12.02,-10.32,ATTENUATION_BELOW_-10_DB,READY
2104.mp3,fc98911a855a0d7b54748f92edeb6362ee05c6ec36ecee164b0692b21a8be8f5,44100,2,220500,5.000000000,-25.11,-16.47,-10.64,2.11,,READY
2105.mp3,19be6b99f7b3fd615b602f411d1c715a3a8bdd636076389646acf2d24e23cf9b,48000,2,240000,5.000000000,-26.05,-8.34,-19.71,3.05,,READY
2106.mp3,527b66019bd42ec79f7280548099e5efe63c899be42b36ed1b6018e536ce7387,48000,2,240000,5.000000000,-30.32,-18.96,-13.36,7.32,,READY
2107.mp3,65b68df20ea65437068664c08fcd7accc543903392f03f220f6e0662e8a4fda8,48000,2,240000,5.000000000,-34.80,-22.95,-13.85,11.80,GAIN_ABOVE_+10_DB,READY
2108.mp3,8ff0ffad6efbe8f08e8c8ad84a318db19340d97568dd3709eb7cb6d56649ace1,48000,2,240000,5.000000000,-26.56,-14.52,-14.04,3.56,,READY
2109.mp3,9b58c3413632be0974fc7c2e2ed8d1d341f6e2a95e5a2292e51e1e1120348544,48000,2,240000,5.000000000,-29.09,-15.79,-15.30,6.09,,READY
2110.mp3,4daee660b614c6f254010046e9e9dcd8eb3747bf7ad9e378910bf840f0555970,48000,2,240000,5.000000000,-22.94,-9.56,-15.38,-0.06,,READY
2111.mp3,a4775e431d3347805e1f31770957b30bc8a5cdf1980e36dc5db787f860b93bf6,48000,2,240000,5.000000000,-35.48,-21.99,-15.49,12.48,GAIN_ABOVE_+10_DB,READY
2112.mp3,0efc320c70c0f87d10ba09f1bb68137ba2795d1c4608a30694162d357d19439b,48000,2,240000,5.000000000,-30.62,-16.88,-15.74,7.62,,READY
2113.mp3,abe3442a29fc5330916a822952df5f5db85764e384e09250f4cc06831f15a885,48000,2,240000,5.000000000,-18.69,-7.30,-13.39,-4.31,,READY
2114.mp3,9e9c1e3c32b549b4da55245a76443a11ee54b6a69b6071873d617a1c1246f2dd,48000,2,240000,5.000000000,-33.97,-21.57,-14.40,10.97,GAIN_ABOVE_+10_DB,READY
2115.mp3,aeeccc0bc2f346b86bb43941bee30e2751f84da484de11fd4aeda7dc5729b6e9,48000,2,240000,5.000000000,-24.24,-12.92,-13.32,1.24,,READY
2116.mp3,9148620666428b5c7b5fdb27c6c35bc364bf57e8867f53bb4d70afe59a1af4a5,48000,2,240000,5.000000000,-19.71,-7.77,-13.94,-3.29,,READY
2117.mp3,42fb3eb9d2234ce868e8337a0496e112375af37cc0e1e1f01eb63a8b08b3e404,48000,2,240000,5.000000000,-37.83,-27.24,-12.59,14.83,GAIN_ABOVE_+10_DB,READY
2118.mp3,dfcfe4197cda083a0f1b0c64da5ba1be1e2203b807d5d9ec80aa28f274f5df91,48000,2,240000,5.000000000,-18.15,-2.80,-17.35,-4.85,,READY
2119.mp3,8dc9529f281d9d524c0ee64d173193a0e943f501b3080bb27e3bae79dc208e87,48000,2,240000,5.000000000,-20.81,-8.05,-14.76,-2.19,,READY
2120.mp3,6c2f111fc103f0bab4508340ec132f44a0c291bd6c5cd52992491d46151d73ce,48000,2,240000,5.000000000,-28.87,-12.25,-18.62,5.87,,READY
2121.mp3,a957d1c356b14fd1b075fca9b1a23afcadede2afa31c81b3abedae99c45a40df,48000,2,240000,5.000000000,-26.07,-9.98,-18.09,3.07,,READY
2122.mp3,d2e9f7ccd86f17ce4c739dc2bf6fdabae52e1828bc7ed5a8ba7b0cf411812d96,48000,2,240000,5.000000000,-21.85,-10.54,-13.31,-1.15,,READY
2123.mp3,04ec4a22fa69a80546b30d78774200c0636652de4d3f9522a33454484bc7b963,48000,2,240000,5.000000000,-33.03,-22.78,-12.25,10.03,GAIN_ABOVE_+10_DB,READY
2124.mp3,6dadfc18b50aff738a62b082253bc8150d66cff7d6227ca06d84830264444a3a,48000,2,240000,5.000000000,-24.73,-14.84,-11.89,1.73,,READY
2125.mp3,f4ca760d70e776276aaf740b027190735b450ec97e7c042bcf04483f73c4d3f9,48000,2,240000,5.000000000,-14.86,-2.84,-14.02,-8.14,,READY
2126.mp3,95d437721f8646413bd7a17bf592075323322785406a86a639d3203e89849aaf,48000,2,240000,5.000000000,-30.85,-19.04,-13.81,7.85,,READY
2127.mp3,4b4a51a52aa2dbd1c4474a5f5fb46bb165405536a43f21f81638865f07f07b4f,48000,2,240000,5.000000000,-10.48,-0.44,-12.04,-12.52,ATTENUATION_BELOW_-10_DB,READY
2128.mp3,17714abfa538e0ecf6c18328bd823b3d59008752a57473ac06900f003c5052e9,48000,2,240000,5.000000000,-11.01,-0.48,-12.53,-11.99,ATTENUATION_BELOW_-10_DB,READY
2129.mp3,8885e017aa97c5a2bb560315f943a43511674996618da8b2032e88a26cff6841,48000,2,240000,5.000000000,-18.39,-4.13,-16.26,-4.61,,READY
2130.mp3,4bbffd98419789c70562553f66f1224b006f3a1e858269532bedefb1645cd32a,48000,2,240000,5.000000000,-17.92,-9.19,-10.73,-5.08,,READY
2131.mp3,9ed78daf895ecca25496d093e81c621d4c6a5ec5afd18eef8abe4d491da57155,48000,2,240000,5.000000000,-16.81,-4.55,-14.26,-6.19,,READY
2132.mp3,d663246f31e6e03cf8a1f4e18cba4f8ffbade0c6210a4873cd0f032125c58865,48000,2,240000,5.000000000,-41.64,-25.29,-18.35,18.64,GAIN_ABOVE_+10_DB,READY
2133.mp3,3ad9e54b93c031f49c9bf3c86b460c2b400b4d694ba0debfbfc6c52607bac1d5,44100,2,220500,5.000000000,-18.01,-3.30,-16.71,-4.99,,READY
2134.mp3,b059f900cd868f8ed7773c9ef828a850797828cf541ade2fbf4d92bc26bdae63,48000,2,240000,5.000000000,-20.87,-10.30,-12.57,-2.13,,READY
2135.mp3,4308ac9e064bb5a93d92677a9b16d0c39f01f2cbafc90e7e81b3f30e2899cdeb,48000,2,240000,5.000000000,-27.33,-14.18,-15.15,4.33,,READY
2136.mp3,bd04e732287e69fe0eb1532d18d9d4eaeeba0ee7c32adcee7d083b39ba59a1bc,48000,2,240000,5.000000000,-21.90,-11.33,-12.57,-1.10,,READY
2137.mp3,77be85ec4f4c1a8b41fcb290dbacd673deccb5842bd354e0b380a86b954ebca4,48000,2,240000,5.000000000,-27.94,-7.71,-22.23,4.94,,READY
2138.mp3,1dc0b38e552ccbfdbab19cabde2f831aa34371c1b6404b28781d507ea4875860,48000,2,240000,5.000000000,-22.32,-8.83,-15.49,-0.68,,READY
2139.mp3,048e7205af1c0cc6bb8378d65864b254e70cb91f258687f8c7332c8b33a92d97,48000,2,240000,5.000000000,-16.40,-3.08,-15.32,-6.60,,READY
2140.mp3,80735b26ea6952ca6c85217e4a73fef497646ae7c9b5303576987beacb8728f8,48000,2,240000,5.000000000,-22.39,-9.24,-15.15,-0.61,,READY
2141.mp3,70910e66dd4b07b9d1db7ee2df1fb66b2d167dc5efb33fd22f77cf201688defa,48000,2,240000,5.000000000,-27.01,-14.44,-14.57,4.01,,READY
2142.mp3,c9b578890429ab1b3008bf8f4a5cddc2d4bceaf1bc52984fe7160552ba247f42,48000,2,240000,5.000000000,-34.67,-21.85,-14.82,11.67,GAIN_ABOVE_+10_DB,READY
2143.mp3,20fdfba2713e40dddf62240157902846b6c3169523e135fdad4372e593042f35,48000,2,240000,5.000000000,-29.13,-9.63,-21.50,6.13,,READY
2144.mp3,8e5696b4c0bbd5b4afd5ef57a73399006f6026361166bf69203a014630180641,48000,2,240000,5.000000000,-24.69,-14.67,-12.02,1.69,,READY
2145.mp3,8dfaa5fc67c24735d99acc46e46c3bdbf7e46e5bc717f8a630f97e4e88f38e44,48000,2,240000,5.000000000,-14.46,-2.99,-13.47,-8.54,,READY
2146.mp3,bd064127ee0802d3cdff6140ed144352b6b5ee002be6fe2acf9fd010ddd09e44,48000,2,240000,5.000000000,-27.30,-12.30,-17.00,4.30,,READY
2147.mp3,23c88fc2a022f9b91f7093641cc5f82b4fa95d9f5624a5fed82668967735f1d6,48000,2,240000,5.000000000,-21.79,-7.60,-16.19,-1.21,,READY
2148.mp3,ca058cb41275978865dc68937444d5e93712cd878b3e672e9d8c3fe42e271e66,48000,2,240000,5.000000000,-23.19,-10.39,-14.80,0.19,,READY
2149.mp3,39378ba91e2b69beececdc20b11fc350af6535fa88aed7dcce0d0f2ca32a78f4,48000,2,240000,5.000000000,-18.31,-1.43,-18.88,-4.69,,READY
2150.mp3,816bc5ee88abd377032694ce28000fccc42646fa150feddd7b6c710b0c91fb77,48000,2,240000,5.000000000,-46.92,-22.71,-26.21,23.92,GAIN_ABOVE_+10_DB,READY
2151.mp3,c19086caac5512a05212a6b6b46877bf786effb7fc685bb32d1bdee6f8c3578f,48000,2,240000,5.000000000,-23.24,-8.18,-17.06,0.24,,READY
2152.mp3,9b1fe4e6cace098a9efc701392ce9449ab20c154f11060a4a93a7867ac2cf68f,48000,2,240000,5.000000000,-19.77,-11.40,-10.37,-3.23,,READY
2153.mp3,aa6bac9ce41819a15a3e53b7243b5ba793d8656d5fcc2f2d60001070500c812f,48000,2,240000,5.000000000,-24.56,-9.18,-17.38,1.56,,READY
2154.mp3,334121d7c7d3fd6209d494a2b5042f4c3fdcd8ac3285de9879a949bc2fd43619,48000,2,240000,5.000000000,-18.69,-0.21,-20.48,-4.31,,READY
2155.mp3,e8c956c54355cc7e20fd10ea154fe68ef034892a78a78710902d1af38e8db45e,48000,2,240000,5.000000000,-37.69,-24.96,-14.73,14.69,GAIN_ABOVE_+10_DB,READY
2156.mp3,ae8318588809b4c3b1f7a3301b1c4839ddd9dd0f9b195fdadf2312d4031ddc9a,48000,2,240000,5.000000000,-19.90,-7.23,-14.67,-3.10,,READY
2157.mp3,7b7848f06e1983bf1b54e4ba737ed5b7f6a655df6627f180e96aa194fe3675d9,48000,2,240000,5.000000000,-17.50,-5.98,-13.52,-5.50,,READY
2158.mp3,29faa0505083df055d7e0dcad58c3ec58efd96d69cab478ea74ca2bace37d8a5,48000,2,240000,5.000000000,-26.45,-4.89,-23.56,3.45,,READY
2159.mp3,8ddd0d3b3b7e17e717cf8627e77a108761f021168b23c500596d16c340ff388a,48000,2,240000,5.000000000,-55.41,-37.92,-19.49,32.41,GAIN_ABOVE_+10_DB,READY
2160.mp3,c357d64121f85ae8c4f280bfc50bbf43fa758c20e8f23c719a32257a1b0b651b,48000,2,240000,5.000000000,-21.86,-7.42,-16.44,-1.14,,READY
2161.mp3,9daa2dd8b0c0f4cef7266050d79455411a7e4ecbaba228063b2ceda5f48ad047,48000,2,240000,5.000000000,-14.06,-3.19,-12.87,-8.94,,READY
2162.mp3,fdd9911068ce231e5363bf78c5dfdac5a3d6602bbfa1a45ca71672d5b29d753b,48000,2,240000,5.000000000,-16.37,-2.48,-15.89,-6.63,,READY
2163.mp3,c11c9439700a7685d0dae3e5f8aeaee119ae83920b36e87d4e64b6a67b679f89,48000,2,240000,5.000000000,-26.92,-16.78,-12.14,3.92,,READY
2164.mp3,85f357c80935329e55e5a088880f50944271af60a577f0850daea486645e08c7,48000,2,240000,5.000000000,-30.71,-14.15,-18.56,7.71,,READY
2165.mp3,12889680f382f389ccf25ff65880865c75802d5cb416b0534c65fbca856fd670,48000,2,240000,5.000000000,-39.87,-17.70,-24.17,16.87,GAIN_ABOVE_+10_DB,READY
2166.mp3,1dd576471ab4bfc1caf2ab5af54067b2030511408f63680f93346e888c656cf5,48000,2,240000,5.000000000,-24.68,-14.29,-12.39,1.68,,READY
2167.mp3,1061cb3163b9bb28bb732d7750d7afd39a9c666d01be755b0fd9c74402c408a9,48000,2,240000,5.000000000,-23.09,-10.70,-14.39,0.09,,READY
2168.mp3,1f5002cf56612f99a7fb63aa8911d211bd6d0ebe2f12081da5ed7a60ff51bc65,48000,2,240000,5.000000000,-29.08,-7.88,-23.20,6.08,,READY
2169.mp3,b914989dbe766a34df66c752ed6a88be52443524ad5848c3423c0dab80240f0d,48000,2,240000,5.000000000,-21.99,-11.44,-12.55,-1.01,,READY
2170.mp3,fe18a38b1b82ab222f7dc8572ecd9d8cbbb0e9acfa92a7a1a9aa581c98112f68,48000,2,240000,5.000000000,-23.28,-12.06,-13.22,0.28,,READY
2171.mp3,8044182df6d82c8c4e6cd914fd7665c38ef6f564921394259ce0dbe6fe5cb3f4,48000,2,240000,5.000000000,-24.86,-8.98,-17.88,1.86,,READY
2172.mp3,863528e84e71d0ebba746efb28db6b71cb6e208635f909ec17a5ec9b1de33c8a,48000,2,240000,5.000000000,-47.59,-34.09,-15.50,24.59,GAIN_ABOVE_+10_DB,READY
2173.mp3,3dd0f00106145d034e3358bb233625980374269a47c4691cd9172b4d7648a0a0,48000,2,240000,5.000000000,-18.14,-7.04,-13.10,-4.86,,READY
2174.mp3,94354de17c7bbcd8eb71dc44247637707fcb2b4879305521e0d07cff32c902ce,48000,2,240000,5.000000000,-27.79,-15.56,-14.23,4.79,,READY
2175.mp3,9d1db614ef65689864bc76a93f5ebf63571f4669c3fef9d9ef297d0e45bd7342,48000,2,240000,5.000000000,-27.93,-14.39,-15.54,4.93,,READY
2176.mp3,4b2520704f3b513d0821a4cd7e72c72cbdd5472b7bf7d47d4f4e1d34d569032a,44100,2,220500,5.000000000,-24.20,-9.99,-16.21,1.20,,READY
2177.mp3,91886c69dd0ad1ce5e1ce7ef3cec73738cbb31c73209b4ce35aaa35590bb3e09,48000,2,240000,5.000000000,-23.31,-13.50,-11.81,0.31,,READY
2178.mp3,1a915498014253738e7687d7c96b3d5cc44e9f3ae2220cacffdc47103a3aa9a6,48000,2,240000,5.000000000,-15.56,-5.59,-11.97,-7.44,,READY
2179.mp3,8198afc65f75eb6af5a6ecfc21ec1ab22308fc72b2d393d08a60bbb0d7cdc0ff,48000,2,240000,5.000000000,-17.42,-0.41,-19.01,-5.58,,READY
2180.mp3,05d3041aab8f2ca3181869a00a11eb618f90d556594180466096b7ea9ed6a22d,44100,2,220500,5.000000000,-25.43,-9.79,-17.64,2.43,,READY
2181.mp3,c66ca421c2c39d117b6756c596349504dcd3b4612a74144b3a8399656e407e30,48000,2,240000,5.000000000,-43.54,-25.30,-20.24,20.54,GAIN_ABOVE_+10_DB,READY
2182.mp3,b74152d21134e3d704d41097222c3572fac0598a12ae974ec2365b031f9316a9,48000,2,240000,5.000000000,-29.53,-10.82,-20.71,6.53,,READY
2183.mp3,cc6953527e3fc94a0a913829109671179fe178474121a33c711442eba41b9c16,48000,2,240000,5.000000000,-16.00,-4.85,-13.15,-7.00,,READY
2184.mp3,4fbd919a9e97fe839c7992be14df164a474332fcc8153651a65fecae0723b547,48000,2,240000,5.000000000,-19.82,-7.51,-14.31,-3.18,,READY
2185.mp3,c568f3fbe8a7046210607e4a9c1940ca0ddcd934d1abae271ded324cecd33137,48000,2,240000,5.000000000,-14.35,-1.68,-14.67,-8.65,,READY
2186.mp3,b1007e87b80749548053ba890f9d2bc30aa9cb8a3b89929a6bd29f5c25f532e4,48000,2,240000,5.000000000,-27.32,-15.14,-14.18,4.32,,READY
2187.mp3,a1d95ccab7000cff0da14ca62a927741da870e7af7ab1988dbe9878257d7b343,48000,2,240000,5.000000000,-27.26,-12.11,-17.15,4.26,,READY
2188.mp3,348f3c23d9f42250586236ddf72a6d5c7862da9ec494959f3959b1656c5498b3,48000,2,240000,5.000000000,-32.61,-22.93,-11.68,9.61,,READY
2189.mp3,353ef4fd16a41fe45192d9c560c644d4035d7b93339fefd13050eb16ed44dd0c,48000,2,240000,5.000000000,-13.24,0.06,-15.30,-9.76,,READY
2190.mp3,2354f1c1c4b0b656a69ef12c2ed8eb0c0ecef65ea6c5eef6647270ecca750818,48000,2,240000,5.000000000,-24.69,-10.31,-16.38,1.69,,READY
2191.mp3,77a484b7510c293c4d70168e82daab5d19af1c6759d82817fee773971657ba64,48000,2,240000,5.000000000,-19.33,-6.90,-14.43,-3.67,,READY
2192.mp3,bf2075215f457e66af593c2bdde745f31ba402187e72d8e7ec74286621910013,48000,2,240000,5.000000000,-15.12,-0.73,-16.39,-7.88,,READY
2193.mp3,ff296aade3a4244f9dcb8c705bc13b518ce38d1563b97bf9d93eda641310f9d8,48000,2,240000,5.000000000,-22.84,-8.21,-16.63,-0.16,,READY
2194.mp3,26771c70dd8f94d59b76ff2aa2721a2327717a4fa2d84ef9e82e7ba4f00c5fde,48000,2,240000,5.000000000,-31.36,-18.93,-14.43,8.36,,READY
2195.mp3,3a1141d6e8ecb4c26fbe8f697b1d816091f1be0ec23955f81bc4c63b25224eab,48000,2,240000,5.000000000,-25.42,-12.74,-14.68,2.42,,READY
2196.mp3,7017b14173483f4df063e6934c2d7af0b5120e9a114d783fa5fbef24c4812db3,48000,2,240000,5.000000000,-19.70,-3.56,-18.14,-3.30,,READY
2197.mp3,55915acbbcfa8abb19a05ab9e97182abb2551e58684f2c95eafdcdcfa266490e,48000,2,240000,5.000000000,-22.29,-1.94,-22.35,-0.71,,READY
2198.mp3,a56fbb1f648b9968fe34659cd69ded0c7ddf3cbdca77647d9b7ececbea105b66,48000,2,240000,5.000000000,-18.73,-2.81,-17.92,-4.27,,READY
2199.mp3,d6634c4a5753c753152deaeb887d72687774bb843629853fa631f2caa127343b,48000,2,240000,5.000000000,-29.88,-18.20,-13.68,6.88,,READY
2200.mp3,a945e62eaa209addc9dd064d7a820cbb4fadbda775cf5deb6ae531ac3f92f206,48000,2,240000,5.000000000,-18.02,-8.08,-11.94,-4.98,,READY
2201.mp3,75d5a702434c61f1e064e1ca8a00dd534feec89df70669b30b1a08942c473013,48000,2,240000,5.000000000,-22.21,-5.90,-18.31,-0.79,,READY
2202.mp3,ffa85dbff2972c0963533dfa0d018e4e467d280c27ea6a112c4554c5ca0bf838,48000,2,240000,5.000000000,-27.42,-12.58,-16.84,4.42,,READY
2203.mp3,dd0a70e28a6cd49d05cb5651be58fc595db5f753b151aa5a38b4cf2143fb2a9b,48000,2,240000,5.000000000,-27.25,-14.64,-14.61,4.25,,READY
2204.mp3,7cd4f0249b7618b9615089eaec58a2269f53742b3d489598c73a7cc3916f0a4a,48000,2,240000,5.000000000,-28.21,-14.62,-15.59,5.21,,READY
2205.mp3,e22ba362a66440a0965c98259bdd046714d8e331030fdf06922d6ba0d46d74d0,48000,2,240000,5.000000000,-43.61,-30.17,-15.44,20.61,GAIN_ABOVE_+10_DB,READY
2206.mp3,e060ae8fd6cb414aa44cd07eee889b036264c03e6905fc0e1b6cabf52d146b0c,48000,2,240000,5.000000000,-25.05,-4.75,-22.30,2.05,,READY
2207.mp3,194a9a0ba121e7b9a7de18dfd5513bdea9ccaa1e064135a780d291cc68d3aa2b,48000,2,240000,5.000000000,-8.31,-0.41,-9.90,-14.69,ATTENUATION_BELOW_-10_DB,READY
2208.mp3,5fafe5ae2fc3bab8165d85b960015e3eb31844b731d3864c22bf594ac59db0c5,48000,2,240000,5.000000000,-25.22,-9.45,-17.77,2.22,,READY
2209.mp3,c492310b8bd24679bdc41f9ee3e18d76cd38b7d3e3b52c61223e6874950d8263,48000,2,240000,5.000000000,-45.77,-34.70,-13.07,22.77,GAIN_ABOVE_+10_DB,READY
2210.mp3,1b3181662fbb8d5b432f21ba7ab118ba89b64149da7d768bc30ec8a1a1a5f31a,48000,2,240000,5.000000000,-25.16,-13.17,-13.99,2.16,,READY
2211.mp3,2bf766a46c87a87a2c541e8dc8b9a29211505f4f22a5d269b64655f43fdfbd51,48000,2,240000,5.000000000,-25.45,-7.49,-19.96,2.45,,READY
2212.mp3,32fcf583f0480e0b3072ea5ae99cb07ba24d3ed64d718f55ed7f09ce3fd57ffe,48000,2,240000,5.000000000,-27.30,-7.16,-22.14,4.30,,READY
2213.mp3,ec616aab6dd2677a2b0929fe43e9218d54ae898c3e4e8ce811f8feab24c8ce6f,48000,2,240000,5.000000000,-27.46,-13.91,-15.55,4.46,,READY
2214.mp3,afb7f6db40a36b2f7d2985bf846bd9fe71bac681a0772fb2f7758ca7ea189368,48000,2,240000,5.000000000,-43.11,-28.12,-16.99,20.11,GAIN_ABOVE_+10_DB,READY
2215.mp3,a4ecab94c7b2ead950f79fd20185bebff75e8e512766e36d874c2bde4d0b81a0,48000,2,240000,5.000000000,-38.92,-16.99,-23.93,15.92,GAIN_ABOVE_+10_DB,READY
2216.mp3,c911696b63ebc641a2575e60043d61ff40876c07d5eda288a95329552e27d89d,48000,2,240000,5.000000000,-22.27,-9.81,-14.46,-0.73,,READY
2217.mp3,b2ff50b33a4353a2c98d188f6fd76833c922cd5386714c2ab069d8a11fc62a90,48000,2,240000,5.000000000,-24.66,-13.41,-13.25,1.66,,READY
2218.mp3,60a76cff166bbf2836963e759c0eacc6dcaf2d88ef4efb6180aea02784dbc19f,48000,2,240000,5.000000000,-16.94,-2.48,-16.46,-6.06,,READY
2219.mp3,8ab51a27b82c4d7bd67c208017b0a0a91c6694326aa659b2d120c7ff8cb311d6,48000,2,240000,5.000000000,-33.93,-20.17,-15.76,10.93,GAIN_ABOVE_+10_DB,READY
2220.mp3,10fb0a9cd50ec0fcfe7531513a9d4efbda77d0813e2793c6fa10c18a28edb259,48000,2,240000,5.000000000,-19.00,-6.88,-14.12,-4.00,,READY
2221.mp3,9df49fc466b767a6f44687de15a0f94f2966cb7cf99172aa0204f9b8dc89d27f,44100,2,220500,5.000000000,-17.22,-3.56,-15.66,-5.78,,READY
2222.mp3,6dca1f907b2aec050466e481c7a5814723776c82f8bf6668a5f630a728a310a2,48000,2,240000,5.000000000,-33.05,-11.40,-23.65,10.05,GAIN_ABOVE_+10_DB,READY
2223.mp3,26e2ed2250eb04b0674f3add014848c520ab0bfe4f6929013a725f99fb852d46,48000,2,240000,5.000000000,-27.14,-12.89,-16.25,4.14,,READY
2224.mp3,f31ee62481088a1b115f9738977ca64477dc611c6270e2138eb7c24ed94bccb8,48000,2,240000,5.000000000,-24.77,-14.85,-11.92,1.77,,READY
2225.mp3,c14e72daadf14179d931d6702536783b453dab190c48e8e8e743a83a2f7a4e0c,48000,2,240000,5.000000000,-66.40,-40.33,-28.07,43.40,GAIN_ABOVE_+10_DB,READY
2226.mp3,cc80ccb24e632ea2dd083cf52ec152fd1ace6ad1455ab84a51e2dd37dd57329f,48000,2,240000,5.000000000,-19.47,-7.13,-14.34,-3.53,,READY
2227.mp3,f6d885b121e3241fb01f7539c24cc90fbf8ddf407e9ef691e5e6f1c7c18f3927,48000,2,240000,5.000000000,-41.69,-29.41,-14.28,18.69,GAIN_ABOVE_+10_DB,READY
2228.mp3,d94418396317cb5b4c0b63b5a4a376921bc709109d569ac62713dc014061dfdc,48000,2,240000,5.000000000,-33.59,-25.82,-9.77,10.59,GAIN_ABOVE_+10_DB,READY
2229.mp3,7b5ce4c752a30acf036003d62496e29958d8d622640c681f57b52619896788d9,44100,2,220500,5.000000000,-45.81,-26.16,-21.65,22.81,GAIN_ABOVE_+10_DB,READY
2230.mp3,103081b9b7bcb1d97fc93e0a64cac9e86ed89ec1e538e192742cc2af561a1578,48000,2,240000,5.000000000,-47.46,-30.17,-19.29,24.46,GAIN_ABOVE_+10_DB,READY
2231.mp3,ccc35ce2699a95e8235bb6b70053fb2190f9fc2382b41a6633587e543f4defe8,48000,2,240000,5.000000000,-34.55,-21.88,-14.67,11.55,GAIN_ABOVE_+10_DB,READY
2232.mp3,15915a204ff986a65c9f9c53043d3681004efac8c940a99f7d0b1c3fd50914f9,48000,2,240000,5.000000000,-44.53,-30.08,-16.45,21.53,GAIN_ABOVE_+10_DB,READY
2233.mp3,99f4d36c3b8e093e70668dcd8cc78dab3fef85e33b8f82aa1718126e1a0ef28f,48000,2,240000,5.000000000,-13.17,-0.91,-14.26,-9.83,,READY
2234.mp3,6488cec496c3229e778c55bdb164975260b5f2e0d852ee959a51cba44ee9f5a4,48000,2,240000,5.000000000,-33.84,-19.29,-16.55,10.84,GAIN_ABOVE_+10_DB,READY
2235.mp3,559686dd7d20cbdad29a1036c9955091c376b8c42cf74bb9cc4f2dc9f1548b0d,48000,2,240000,5.000000000,-31.79,-18.90,-14.89,8.79,,READY
2236.mp3,583a0fe35e753132bb51717ca4756141d36890d95f578a4277a5671b53c67fc5,48000,2,240000,5.000000000,-44.92,-29.36,-17.56,21.92,GAIN_ABOVE_+10_DB,READY
2237.mp3,9b2afe49d5a5a4e5301bde6a07b11b034c66c169ed084519844c9c2aea950bee,48000,2,240000,5.000000000,-37.56,-20.11,-19.45,14.56,GAIN_ABOVE_+10_DB,READY
2238.mp3,f6109924327a32c7c70d2aaa51b1e59cec4b951a3f893b403533a3c77dddab8e,48000,2,240000,5.000000000,-34.79,-17.91,-18.88,11.79,GAIN_ABOVE_+10_DB,READY
2239.mp3,0bbb9b54314016fda9679a7f91f110e7c8feacb1c066e964afb7c329aa3afafd,48000,2,240000,5.000000000,-22.36,-9.54,-14.82,-0.64,,READY
2240.mp3,acfd2bb8feae6feb103b35ea3124f4e4858799c95db38da7d5ff707e24b148c7,48000,2,240000,5.000000000,-27.60,-15.66,-13.94,4.60,,READY
2241.mp3,e3377ebda436b71f9fef6be0c392a7ef23d8e4f02b3a07514ed4f417adf4b7f7,48000,2,240000,5.000000000,-29.46,-20.72,-10.74,6.46,,READY
2242.mp3,9ea40dd43693a9044ce89931b69f148a14af9ec5e20f0051e384c6bf65118791,48000,2,240000,5.000000000,-41.46,-25.33,-18.13,18.46,GAIN_ABOVE_+10_DB,READY
2243.mp3,326d19cb3a20fe6689f5204de5ee66b7a14064f7a5eec106afc162729e253396,48000,2,240000,5.000000000,-20.08,-6.80,-15.28,-2.92,,READY
2244.mp3,7b3edf7698a97190429b0d89d9a8afcad03e4e432f9661d72869b22715ed3d9c,48000,2,240000,5.000000000,-44.57,-29.30,-17.27,21.57,GAIN_ABOVE_+10_DB,READY
2245.mp3,e34958c69228b0a3d3a826baa16fc6c9463af98155f19e94465f6e80faebc297,48000,2,240000,5.000000000,-50.31,-35.05,-17.26,27.31,GAIN_ABOVE_+10_DB,READY
2246.mp3,fbbf413e014e2eeac2d8cbfd4a92f9d92d17b8da73a09962c9513cd7dec16de5,48000,2,240000,5.000000000,-15.70,-0.16,-17.54,-7.30,,READY
2247.mp3,f725a83f83025643f9f2b6e2735151a52a819c573c977a2575d2fbef454c53e3,48000,2,240000,5.000000000,-28.85,-17.29,-13.56,5.85,,READY
2248.mp3,2b5ba8b4f08857e940447e73e8698fce8c68e1cce9a3d0e46f509960f9a4843a,44100,2,220500,5.000000000,-20.88,-10.63,-12.25,-2.12,,READY
2249.mp3,9c630d550bf5d81cb854f6153b1a120042f0754fc4d9651abf54c1cf541e9aec,48000,2,240000,5.000000000,-67.91,-54.54,-15.37,44.91,GAIN_ABOVE_+10_DB,READY
2250.mp3,16ba6697ec8af34ea099770b2627a5a37326ec8cdd7df9ad0c12b7fbd77ec041,48000,2,240000,5.000000000,-26.37,-16.20,-12.17,3.37,,READY
2251.mp3,bf0e1984a6e760c06fdcb3e8edfbd34856a7dfd8a735417f9eab87cb098c8cb4,48000,2,240000,5.000000000,-19.44,-8.01,-13.43,-3.56,,READY
2252.mp3,6607b92a7c3a425735b109bb1c2a2969cad1af706d6fdfb6a9dfb0239662cc2e,48000,2,240000,5.000000000,-27.59,-15.80,-13.79,4.59,,READY
2253.mp3,15f048009efc070c1cdeb024acebdc265f25dc8920d49c1c007b7149e381392f,48000,2,240000,5.000000000,-10.60,-0.83,-11.77,-12.40,ATTENUATION_BELOW_-10_DB,READY
2254.mp3,cc09b0a266a02f1f76fd67ec8ad369c570d1bf26d82dd0389da173c756f2ddba,48000,2,240000,5.000000000,-16.35,-2.79,-15.56,-6.65,,READY
2255.mp3,605028dd9b3049648698e42abff17b08446c1671dfc393a2d579db4ee1b2c703,48000,2,240000,5.000000000,-21.58,-10.21,-13.37,-1.42,,READY
2256.mp3,0a3e269f2cecbbbf56879625369dc3e840f625f66ad30b0fb5264973ccfb44a4,48000,2,240000,5.000000000,-39.60,-27.40,-14.20,16.60,GAIN_ABOVE_+10_DB,READY
2257.mp3,395f608b6dc64384635cb0b751c8faadb36c3b9098cbf02c9678696a4fea91e7,48000,2,240000,5.000000000,-41.33,-28.54,-14.79,18.33,GAIN_ABOVE_+10_DB,READY
2258.mp3,8a2d71cbba5a8d18847982b6699569ce58bafc27bdf520b7fbcc383a813b6720,48000,2,240000,5.000000000,-26.10,-17.28,-10.82,3.10,,READY
2259.mp3,b4c69f85bee39f6953c334a7c7b35a9be2050361b9be09e60608e33abe098949,48000,2,240000,5.000000000,-21.98,-6.95,-17.03,-1.02,,READY
2260.mp3,9a626c60e4e1efb318df63ec8ea4fc53d51747744b8c360c54975eab2974d8bd,48000,2,240000,5.000000000,-30.38,-20.56,-11.82,7.38,,READY
2261.mp3,6000c56ef61395f3f01a0afd6ab72b65967c07e6ccde0e2fd4032cf898a361bd,48000,2,240000,5.000000000,-24.39,-12.88,-13.51,1.39,,READY
2262.mp3,f042d37b36d2dc4b879d6d6e2757aeb0588a15cd0069ea06b408033015ae33d6,48000,2,240000,5.000000000,-40.75,-28.54,-14.21,17.75,GAIN_ABOVE_+10_DB,READY
2263.mp3,a1956354121435218fb941ffa9d3669ee27b9a04517c7346efc3d8a51eb69caf,48000,2,240000,5.000000000,-17.76,-5.18,-14.58,-5.24,,READY
2264.mp3,2aa22718dd77e39961bafa00e39374baf4ebc082df41be7852bf037f3a6b6923,48000,2,240000,5.000000000,-18.08,-8.39,-11.69,-4.92,,READY
2265.mp3,65c5a0b7c7524ef48d6dec571dd7bba469b0859565296e249836162ee9c3d2bb,48000,2,240000,5.000000000,-30.67,-18.74,-13.93,7.67,,READY
2266.mp3,25b7cdbfdfbeb1df2230249c9d0685691831d9f101829a82da8642653569f39e,48000,2,240000,5.000000000,-28.00,-11.77,-18.23,5.00,,READY
2267.mp3,1286e9e7c750e43a1466981b5c230bcd8f6405b7177df577dfcaef54d5f718bb,48000,2,240000,5.000000000,-21.25,-8.38,-14.87,-1.75,,READY
2268.mp3,0432b177c91880345ab3fc8f14b2f65de40b1e3f4cec1bca52ede09672550928,48000,2,240000,5.000000000,-18.91,-11.24,-9.67,-4.09,,READY
2269.mp3,41839419775c408ca7d490e5e16f1e90d11e659cd53f76d4fbf8eada6551f1b4,48000,2,240000,5.000000000,-32.73,-20.53,-14.20,9.73,,READY
2270.mp3,cbef794488fdac7bb4d2a73b85b74771cb5325e2cac6fd414ebbdaeed4590763,48000,2,240000,5.000000000,-15.03,-0.22,-16.81,-7.97,,READY
2271.mp3,220b524c73418f90e02e6eaa7eb8d945a54d8dcb002738078d3a8f8e54002ad8,48000,2,240000,5.000000000,-18.29,-7.22,-13.07,-4.71,,READY
2272.mp3,8b0bdd6caacf2434fd1432add8e0f1a699ce726c4b7429e708263376f66d614f,48000,2,240000,5.000000000,-35.32,-20.71,-16.61,12.32,GAIN_ABOVE_+10_DB,READY
2273.mp3,5720e16c69fdfab7dd0d4017ca0b5c014ff512498402f2182ac4c38f02df12af,48000,2,240000,5.000000000,-26.74,-14.01,-14.73,3.74,,READY
2274.mp3,c22fbfcc7f3a37178eea48ec6345714e83382079657861ba93408377b2f699c5,48000,2,240000,5.000000000,-39.05,-28.40,-12.65,16.05,GAIN_ABOVE_+10_DB,READY
2275.mp3,ce60e40ab9730056393855f3de62e9d86b9f71f2302a6493fe1da27181e06dd9,48000,2,240000,5.000000000,-28.77,-12.89,-17.88,5.77,,READY
2276.mp3,65608444a57f3fb4b66e77e763fd8f28e06906d2dc9ae326f4b26ac3dfbd3e45,48000,2,240000,5.000000000,-9.01,0.37,-11.38,-13.99,ATTENUATION_BELOW_-10_DB,READY
2277.mp3,b7ccd512c922034f5d5c2cb7219df437c82ece5d862c0ec6d4070f73eafb6a0b,48000,2,240000,5.000000000,-32.86,-20.13,-14.73,9.86,,READY
2278.mp3,49cccc23867b46332dfad77949fdd535e7ec44b1745dcdebe895e5e9cf6648bd,48000,2,240000,5.000000000,-30.58,-21.87,-10.71,7.58,,READY
2279.mp3,ccc438b94820482dae0fe4cbcfbbfa5ede728bc718c5dab6f3ce45893a2325c5,44100,2,220500,5.000000000,-19.61,-9.47,-12.14,-3.39,,READY
2280.mp3,610a3b36ae39bfb86f6c863742388888d025807d0b032ab4d8ca8cb664ebc1d8,48000,2,240000,5.000000000,-18.84,-5.21,-15.63,-4.16,,READY
2281.mp3,9ef9cb357ce6a9b438bb74fd679cff5a0eff01bfcf15cd7f426e55eb1e680198,48000,2,240000,5.000000000,-23.66,-9.56,-16.10,0.66,,READY
2282.mp3,05d1e8dca6c386d7de0b97b7efa3f5dab2be28fa08896981d94ff0eec7bc55db,44100,2,220500,5.000000000,-19.04,-6.33,-14.71,-3.96,,READY
2283.mp3,b42e32049f87f8b657af99bd265326ba430b7e48edd6d9b88f81ab836a1ecea8,48000,2,240000,5.000000000,-19.05,-8.09,-12.96,-3.95,,READY
2284.mp3,a7fc1a170d44b2a9212c2bddded3e5d802737ba6ddc121e00f8dd8a29352ab6b,48000,2,240000,5.000000000,-11.47,-0.26,-13.21,-11.53,ATTENUATION_BELOW_-10_DB,READY
2285.mp3,4839da038fb493b6ecee8aa5b65cc95b8f1e3d93e8f4cde53266016395009af5,48000,2,240000,5.000000000,-25.69,-11.93,-15.76,2.69,,READY
2286.mp3,532dbc9958b18a6a41a73f7e33e0a47888ef2b88133b2ea9e00f724feceb40db,48000,2,240000,5.000000000,-42.81,-26.19,-18.62,19.81,GAIN_ABOVE_+10_DB,READY
2287.mp3,9c29b65adc5af6be0c8b240e8b849fec1be50e50fe70cd6cafc3653395cfbe74,48000,2,240000,5.000000000,-21.62,-4.56,-19.06,-1.38,,READY
2288.mp3,7ae417e0ead82d07287ae1447fba65717351fb25a04812c48d7dafb7afabf873,48000,2,240000,5.000000000,-27.60,-15.39,-14.21,4.60,,READY
2289.mp3,1211ee3e17b41abab6cb9b9b9b4f13b9c402c1893eb813605aa17f9f67cfe9c4,48000,2,240000,5.000000000,-43.80,-29.05,-16.75,20.80,GAIN_ABOVE_+10_DB,READY
2290.mp3,b3121d64b2f5881fa05b7816fdab458f50a6c4c989dc1e89c17fa72cf6acac97,48000,2,240000,5.000000000,-22.69,-9.51,-15.18,-0.31,,READY
2291.mp3,1246eb755fff2864992c0d280ff74cdf02d433266b0173cef8e72b1670a8c10c,48000,2,240000,5.000000000,-56.00,-45.13,-12.87,33.00,GAIN_ABOVE_+10_DB,READY
2292.mp3,33cddcfadcfe83475d6764131810d52b62f01cb108c1055f4456443bac3842a9,48000,2,240000,5.000000000,-28.89,-14.32,-16.57,5.89,,READY
2293.mp3,7dfeef447962afb775f037aa2d68103bea4d559f42c83711b0de1ea6c508289d,48000,2,240000,5.000000000,-30.93,-16.65,-16.28,7.93,,READY
2294.mp3,6441550ff9cba98b0b7c66394f38db9b722aa128271ae0e56599b30bc7d3c43f,48000,2,240000,5.000000000,-30.17,-19.64,-12.53,7.17,,READY
2295.mp3,1f21acb582a750152f214ef57a6428250c480bf5bd4e742b875ea59dbdaa2b31,48000,2,240000,5.000000000,-21.27,-7.51,-15.76,-1.73,,READY
2296.mp3,c4f66df1cb4cba0496453e6522302a7a699f732f490a68ea190f4c4756103d7e,48000,2,240000,5.000000000,-25.86,-7.46,-20.40,2.86,,READY
2297.mp3,1ea75a05fec427d4e1a32cc317ec64a9368dacf9ec052bbca7291de69c8c5f4e,48000,2,240000,5.000000000,-35.72,-20.29,-17.43,12.72,GAIN_ABOVE_+10_DB,READY
2298.mp3,91533b16e7aec76a32f7093dea1386f0cd945fefc28daef3ae4d53e589f80e20,48000,2,240000,5.000000000,-53.89,-29.68,-26.21,30.89,GAIN_ABOVE_+10_DB,READY
2299.mp3,ebb9dbaf12f3bc59834632493ea2cfbdca1552e53303e7967750db4c692040c3,48000,2,240000,5.000000000,-18.73,-3.90,-16.83,-4.27,,READY
2300.mp3,9c55fd495ba27cc926ad14614b05ea90544ec7961c501ba3ed0a12c26900f24b,48000,2,240000,5.000000000,-17.28,-6.89,-12.39,-5.72,,READY
2301.mp3,2f025c7d82640832fbc1394a528aabc07befc520f6445c5e8142c270138ffee5,48000,2,240000,5.000000000,-8.98,-1.14,-9.84,-14.02,ATTENUATION_BELOW_-10_DB,READY
2302.mp3,35866ed777434acf8857406aaa57612c1f012611eee2997e4da9a113e9c8ef1d,48000,2,240000,5.000000000,-15.44,1.07,-18.51,-7.56,,READY
2303.mp3,4b324a46aa29d31fded7be8ed969ea3782143c2ff282f30de0b983e0e2a4c4c6,48000,2,240000,5.000000000,-19.06,-5.54,-15.52,-3.94,,READY
2304.mp3,180531b90ede2b12bbe2fa28a33843a618bd9ff5904d5a1dd57ea5a005e460c6,48000,2,240000,5.000000000,-50.88,-40.33,-12.55,27.88,GAIN_ABOVE_+10_DB,READY
2305.mp3,31f3a6a67f94c38e4d78fe1bb08c3bfdf8fc4a648318c03e59b506f9c81dc0f6,48000,2,240000,5.000000000,-32.12,-16.66,-17.46,9.12,,READY
2306.mp3,02a03d6b708793900f8d8e0ee5bc3124d8d655289849d8aa9d568acaaf0cf211,44100,2,220500,5.000000000,-37.10,-23.82,-15.28,14.10,GAIN_ABOVE_+10_DB,READY
2307.mp3,ecd9add875c116df229aac895d4a1c4cfafb37b26904f9c0679853510f943cd0,48000,2,240000,5.000000000,-22.89,-10.95,-13.94,-0.11,,READY
2308.mp3,5a6c92c17153a9fccf3a9c160774c00767654a8ea02cdc7cd2df0766e92ef444,48000,2,240000,5.000000000,-16.08,-0.09,-17.99,-6.92,,READY
2309.mp3,d167f0b3c895896183e5f68ce32c73d3d2ba7f2a955df6422fa89315797471bb,48000,2,240000,5.000000000,-26.92,-14.96,-13.96,3.92,,READY
2310.mp3,551b5a532b8ab27fe6abab146146a0588e8110e5d1fb2d6bb6bb04a0cba9876c,48000,2,240000,5.000000000,-20.58,-7.73,-14.85,-2.42,,READY
2311.mp3,eae5c0b620d7e8cad5bd0ab8867e3a9c35e20f28867a466d95d87c91f5397882,48000,2,240000,5.000000000,-22.23,-10.45,-13.78,-0.77,,READY
2312.mp3,30ab99b272a86df71d8510f78991ffd9758c3979d9487d04dc73f18c0e31ba55,48000,2,240000,5.000000000,-29.09,-14.75,-16.34,6.09,,READY
2313.mp3,766598e2cd9eda28b0b54a50d2cce26e5828cbb1909ff337279d6c1582cd9aa6,48000,2,240000,5.000000000,-24.18,-10.44,-15.74,1.18,,READY
2314.mp3,a89ab559d46cd7129ad40695403cb5b9fb99c522bb00c1c9da250a5e4b1fe0e1,48000,2,240000,5.000000000,-20.65,-6.65,-16.00,-2.35,,READY
2315.mp3,d92fda1e6e7f12fcc42228a391bc9e56c00e408da67f0fe0b3ed87e0b7b7e6ca,48000,2,240000,5.000000000,-13.37,-0.07,-15.30,-9.63,,READY
2316.mp3,3e2bf48ce9721d439d1bb80d2c2163c5c63f60bdc3c1517dfdea2eef4cb28781,48000,2,240000,5.000000000,-14.44,-3.38,-13.06,-8.56,,READY
2317.mp3,00dbf360ae3029bb8912757d1a80f9a226db58d936bcf538046b69fdfc8b324a,48000,2,240000,5.000000000,-31.17,-17.28,-15.89,8.17,,READY
2318.mp3,cf357f12e85be0439b36d3b24786288faf18fe040dc84521349c1570b866caeb,48000,2,240000,5.000000000,-24.71,-4.86,-21.85,1.71,,READY
2319.mp3,1341fe6a213b4fdba14ca9d1617c7ddb70d6592c441a4f115671a700b43f9198,48000,2,240000,5.000000000,-20.90,-5.05,-17.85,-2.10,,READY
2320.mp3,30753ae78e6e9aabdb6c4a7ea72a32b1544ca81e2ff85426379a30aed27a76af,48000,2,240000,5.000000000,-30.18,-17.61,-14.57,7.18,,READY
2321.mp3,baf74023e8ac763eed21d29521f32d8b5ac9c25153a83748e186d6335a296186,48000,2,240000,5.000000000,-18.06,-5.16,-14.90,-4.94,,READY
2322.mp3,0155bb54e5903cb4440295de45a94d13dc8d35331dbf0f3013d9008385b61321,48000,2,240000,5.000000000,-36.81,-20.73,-18.08,13.81,GAIN_ABOVE_+10_DB,READY
2323.mp3,a68a95792f646f2a05b0a946db1be4e5c77b549fb7ec8a82ee2fae0a7ee7d2fa,48000,2,240000,5.000000000,-28.37,-14.24,-16.13,5.37,,READY
2324.mp3,6b34fb34e89f5df899087b40442337326b8ba842837b60591365e34864e45a96,48000,2,240000,5.000000000,-29.79,-17.73,-14.06,6.79,,READY
2325.mp3,01727b36d88521ed9e3fff5ec709f326796e92a830460478bb76a293185f8241,48000,2,240000,5.000000000,-30.07,-15.44,-16.63,7.07,,READY
2326.mp3,d59248884958738f40910f3d006796a8b6a0c21d4bcaeb6657b47be356e15f57,48000,2,240000,5.000000000,-49.75,-28.68,-23.07,26.75,GAIN_ABOVE_+10_DB,READY
2327.mp3,e9879c3812744905b8ff5d1927f0d27e09ede13608eaa483d0c02d51ae1cbb20,48000,2,240000,5.000000000,-22.50,-10.05,-14.45,-0.50,,READY
2328.mp3,61697eaf77ba4f7a49344bf59fa2913a3799051cdea9b883c693205972c5d924,48000,2,240000,5.000000000,-38.98,-24.43,-16.55,15.98,GAIN_ABOVE_+10_DB,READY
2329.mp3,9ed18629098754adf4c8a7000c97102aff79253052aa55d61e691b97eaded053,48000,2,240000,5.000000000,-29.36,-12.27,-19.09,6.36,,READY
2330.mp3,a54d9a0fcee76709d74a230213c87a9cf5eaafe64f4b7463c36f278235e5196a,48000,2,240000,5.000000000,-12.60,-3.81,-10.79,-10.40,ATTENUATION_BELOW_-10_DB,READY
2331.mp3,fbedd757dc861e3fb93026397da0433cb6aa411ff4dec2491c7fc68a2c017c25,48000,2,240000,5.000000000,-36.13,-24.59,-13.54,13.13,GAIN_ABOVE_+10_DB,READY
2332.mp3,b04df3b64f0914d3e804ac9a21112f9cb4538ab74dbfc64ba4f86f168b7ff898,48000,2,240000,5.000000000,-34.73,-25.75,-10.98,11.73,GAIN_ABOVE_+10_DB,READY
2333.mp3,d23cef9700389040a4464167de62e5e303d76b08ebf61e2b85efb5d76e99b568,48000,2,240000,5.000000000,-28.46,-13.14,-17.32,5.46,,READY
2334.mp3,d60a05b6967fcb6e9ccf136f6073ba0889f2bf56bce71623bc61b3db3bb03ca5,48000,2,240000,5.000000000,-57.63,-37.58,-22.05,34.63,GAIN_ABOVE_+10_DB,READY
2335.mp3,31b6e0b4ec09e9a67376c8bf94ca85aa6a8972f3f4439a40c2423b23753bee32,48000,2,240000,5.000000000,-33.50,-14.87,-20.63,10.50,GAIN_ABOVE_+10_DB,READY
2336.mp3,9b1f32f52b53b0bf5e1495ff9a447badd373f249bda0f264909a23c29ec9d7d9,48000,2,240000,5.000000000,-33.09,-17.60,-17.49,10.09,GAIN_ABOVE_+10_DB,READY
2337.mp3,6c8fc652d1270c31ca69c3d66e300bafd8456ee64c419b972f77e1fdcd1e5b9d,48000,2,240000,5.000000000,-32.40,-14.61,-19.79,9.40,,READY
2338.mp3,418d7545cd0b89ec6b29a6652693181a3077fd98c9022e18e71fc6714a0f38a3,48000,2,240000,5.000000000,-18.01,-5.06,-14.95,-4.99,,READY
2339.mp3,338b8055a244624bfd5d78447ee69b5b4c55b5e8283b5e4095ab6ddc0310e92e,48000,2,240000,5.000000000,-34.02,-17.09,-18.93,11.02,GAIN_ABOVE_+10_DB,READY
2340.mp3,7397a4633fd93f84fff00948e292fa0e82b6109905c302d8d8dbc9d127b96da3,48000,2,240000,5.000000000,-28.51,-15.46,-15.05,5.51,,READY
2341.mp3,718e5432e470a86d30ebb560f5f6e6b71d8165a58489a07bb1244c7c63c699f3,48000,2,240000,5.000000000,-20.61,-8.91,-13.70,-2.39,,READY
2342.mp3,eda40b8ae00479e21bc660689cde530333c6368b7eb72880b0b64f8fe8b4e469,48000,2,240000,5.000000000,-27.48,-16.10,-13.38,4.48,,READY
2343.mp3,4ded1b9074a3cab1be414ba9a8ffe221b9c1d5480cc84b8a3b897b28234cb920,48000,2,240000,5.000000000,-21.47,-8.78,-14.69,-1.53,,READY
2344.mp3,412be597f7710ce5469958c43781e34f5cab57847362a2761652e534ca287e4e,48000,2,240000,5.000000000,-23.49,-11.36,-14.13,0.49,,READY
2345.mp3,0d1a50fbf8b6df5b5e476810c2dfdd1df0073a8b139f735c3da7477d7899f31b,48000,2,240000,5.000000000,-27.99,-14.15,-15.84,4.99,,READY
2346.mp3,e1b18adcefea2f4771796cc18a0bf29d66e24028d7c7c5c9de3c0921502076dc,48000,2,240000,5.000000000,-40.04,-22.59,-19.45,17.04,GAIN_ABOVE_+10_DB,READY
2347.mp3,ca2279557c69d9882d639c1f65b03e4d08c43415727bb75e483ea4ea5dcd3c64,48000,2,240000,5.000000000,-29.72,-15.40,-16.32,6.72,,READY
2348.mp3,e80ea3ed2d4cf73798c7f1a7d548a61442a939bbb47143d613e29ad12033999f,48000,2,240000,5.000000000,-11.56,-2.85,-10.71,-11.44,ATTENUATION_BELOW_-10_DB,READY
2349.mp3,af5c529182f8878665517455100deb18394f8fcb552a17f5b88047c946bb38b6,48000,2,240000,5.000000000,-27.97,-11.88,-18.09,4.97,,READY
2350.mp3,87936093a85e6b85d8304bb9c536bbab6e1810d8fcd5e02a7780607767b1fb61,48000,2,240000,5.000000000,-17.88,-5.71,-14.17,-5.12,,READY
2351.mp3,0114cfb4da4f52e5583ccded52c507fef5b5fd8cdc8257ac1a845ee13bb42923,48000,2,240000,5.000000000,-18.75,-7.37,-13.38,-4.25,,READY
2352.mp3,716f010355737969becbea8d67692091103c0174ba493bd869cd6f723e23bda4,48000,2,240000,5.000000000,-31.15,-17.11,-16.04,8.15,,READY
2353.mp3,e0b6865d3a0b4e780b14a4482717c5d3da2df8a8b8f6dc950e8b2e1eab4d0460,48000,2,240000,5.000000000,-21.74,-6.39,-17.35,-1.26,,READY
2354.mp3,0cfb0d0d145f83ad1c3896c239b8a66d05bf0e23b68d8c8dd3b1f33f6a67f8a2,48000,2,240000,5.000000000,-28.76,-17.37,-13.39,5.76,,READY
2355.mp3,b579f9f780a6a820103706d6212e79a4b659cb158c1419be0e325ed3786362e1,48000,2,240000,5.000000000,-29.94,-16.34,-15.60,6.94,,READY
2356.mp3,559f6b0886417a39e224701f8ab8590298c8b2ec7205f764a3d8ac2d0e34eaef,48000,2,240000,5.000000000,-29.57,-16.52,-15.05,6.57,,READY
2357.mp3,31889a1475bcdad5ef52c92bb49165ff5097a24094862b15ceb66f930f805e31,48000,2,240000,5.000000000,-24.01,-8.67,-17.34,1.01,,READY
2358.mp3,2717e7ce55f41c310cd8bb965b12f113b29dcc5886924dc7135ee40a67888c16,48000,2,240000,5.000000000,-26.64,-4.95,-23.69,3.64,,READY
2359.mp3,9fc6cc9c6210bb53cf6521327266c98bcad70f3d847909b1586935d6324549c1,48000,2,240000,5.000000000,-22.42,-10.35,-14.07,-0.58,,READY
2360.mp3,279c205fe2b1a6ded49dedee60c60bf4271c61c4f554e39519ae082794b6b255,48000,2,240000,5.000000000,-29.51,-15.19,-16.32,6.51,,READY
2361.mp3,5c50623995d4e8039ec08c3873a95a3314215a0a6a718bad4d9b04419b281602,48000,2,240000,5.000000000,-9.68,0.12,-11.80,-13.32,ATTENUATION_BELOW_-10_DB,READY
2362.mp3,ae15d104d54b1d662bdcccae252182dc537a2279aacba8081e6ed7cc559c45c9,48000,2,240000,5.000000000,-21.15,-7.45,-15.70,-1.85,,READY
2363.mp3,c770e75613d8f15d725389d78034cba870b229b13fbcba74bf3fa20c01c3a1bb,48000,2,240000,5.000000000,-20.24,-7.96,-14.28,-2.76,,READY
2364.mp3,ff074322bfed1cb873a9709554dfb3ba00802a32cff3182cfc73906797d715a2,48000,2,240000,5.000000000,-21.97,-9.60,-14.37,-1.03,,READY
2365.mp3,4ef5c9647a4d8b29177395a39488592775dbaf502d8e802442f8558b9e7a3b93,48000,2,240000,5.000000000,-24.76,-14.68,-12.08,1.76,,READY
2366.mp3,e7d7b81fa4fefaea88f7f90be19eaa937b0fbc203c10f46e2c4618e09d7468d1,48000,2,240000,5.000000000,-13.77,-4.37,-11.40,-9.23,,READY
2367.mp3,0ec490455fdc0fdfe924d2e52320c6991ea628b9553ce88bb50863fc399443e1,48000,2,240000,5.000000000,-12.22,-0.44,-13.78,-10.78,ATTENUATION_BELOW_-10_DB,READY
2368.mp3,ade5a47423c754924325685a4462df41470b091359d7b085ca5c00a33b483f3a,48000,2,240000,5.000000000,-30.34,-19.81,-12.53,7.34,,READY
2369.mp3,910e7e9bff69b91fd7abb1ed1acccdfa907e6d1021e715847fa89b09839513fa,48000,2,240000,5.000000000,-25.73,-11.28,-16.45,2.73,,READY
2370.mp3,880d8855a21ade3f980a11fbf4ea63d6170f780bbb55a7849bc57b5c56a1b9ca,48000,2,240000,5.000000000,-30.30,-13.96,-18.34,7.30,,READY
2371.mp3,88c97b1dd8a5e3ea2b21920d756f72d80efceedc41d2d8a59238dc7dfb04dcc9,48000,2,240000,5.000000000,-29.52,-18.72,-12.80,6.52,,READY
2372.mp3,cb901e2ec62a379302b89c30d770771a2364411eef9dedc9e4ac997d48165d57,48000,2,240000,5.000000000,-22.68,-12.44,-12.24,-0.32,,READY
2373.mp3,17a0056723ed06ac843b277373afe41dff02a2756f7ce558c4becba916bfe628,48000,2,240000,5.000000000,-20.80,-8.31,-14.49,-2.20,,READY
2374.mp3,2c05bbac6917042ecca9c113bf8474d663e9195eb2e2e3f31cf67f93850c122b,48000,2,240000,5.000000000,-13.88,-3.94,-11.94,-9.12,,READY
2375.mp3,0650f61875d215cc15a229f63c10d04830a843c412ae55dbf3487500e190c0c1,48000,2,240000,5.000000000,-28.80,-18.28,-12.52,5.80,,READY
2376.mp3,215844ab7cb4c8cbe1aca382aaf6eb1538e98abedf89aae8c19413cbd38d025d,48000,2,240000,5.000000000,-37.12,-26.88,-12.24,14.12,GAIN_ABOVE_+10_DB,READY
2377.mp3,0b0949f45c9eaef726ebe94d7967186d77fce6c079786d6ebb0564184c9015e5,48000,2,240000,5.000000000,-16.21,-5.24,-12.97,-6.79,,READY
2378.mp3,20780261d9d9483c0a4ff2cc95256e391ba4ad16c7f2d163f8ae494351381b74,48000,2,240000,5.000000000,-28.39,-15.22,-15.17,5.39,,READY
2379.mp3,31f313315a310eed2b19f3be06f42f857353026d072e0f711f332656bd740758,48000,2,240000,5.000000000,-22.12,-9.54,-14.58,-0.88,,READY
2380.mp3,33c1cf5ca18cd7b4b124a67bebd4000941a7a2731385d3d68452ccddbc2cc7ab,48000,2,240000,5.000000000,-20.54,-6.76,-15.78,-2.46,,READY
2381.mp3,a82c6857b1b7c4b2b8ba615b4d973a5a5cb05c2783222d5488733bfca7fb5a08,48000,2,240000,5.000000000,-35.32,-23.13,-14.19,12.32,GAIN_ABOVE_+10_DB,READY
2382.mp3,5e3f9be29414ece174247925188dd4b8ee454a9c9bdd3d99d79dd78bc1768a7c,48000,2,240000,5.000000000,-24.20,-12.90,-13.30,1.20,,READY
2383.mp3,9a96455391f9ef36a8dd2e103b31473e392a9df7f1e1a38f1ed085aa25f42ecd,48000,2,240000,5.000000000,-25.44,-11.81,-15.63,2.44,,READY
2384.mp3,e22d7bb854ae38ecb2dac58ab8468706c61c1dcf032412196da14096d545352b,48000,2,240000,5.000000000,-21.54,-10.35,-13.19,-1.46,,READY
2385.mp3,6b6e032758047ec7a1c14ec63a9211e7ee8a6d0013c901ac080500ea40f6d831,44100,2,220500,5.000000000,-47.78,-35.73,-14.05,24.78,GAIN_ABOVE_+10_DB,READY
2386.mp3,7d2999832dbe51cdab332f7f2809a021f6005150b3f686079a07dce842ba9fd6,48000,2,240000,5.000000000,-25.62,-13.89,-13.73,2.62,,READY
2387.mp3,b05f06fe0540cdcd61c09d732630f6478d333b3d7f4bf3ccd01876d0f7cfab29,48000,2,240000,5.000000000,-22.41,0.17,-24.58,-0.59,,READY
2388.mp3,bb94ed54f883827b409597868554f17d2154e37bf47f3980be6d77f48a752a33,48000,2,240000,5.000000000,-18.93,-3.34,-17.59,-4.07,,READY
2389.mp3,8027719f4edf81b84a96a6e33e75b92a56ff2e5fc31f12a95bd7d939b4c2def2,48000,2,240000,5.000000000,-34.19,-16.87,-19.32,11.19,GAIN_ABOVE_+10_DB,READY
2390.mp3,33b2f8f7ca807493e2081c8caffc7060babbf4f61b533cb41a11b74c8d4f6d31,48000,2,240000,5.000000000,-45.83,-31.92,-15.91,22.83,GAIN_ABOVE_+10_DB,READY
2391.mp3,97502f5226e293104ddc4e51d87109ede528da0bb532eec05c3fff3fdafe40f8,48000,2,240000,5.000000000,-19.27,-7.66,-13.61,-3.73,,READY
2392.mp3,ca65d0f22b8f4b68eec8995a6334d6e94b57cc2bf8572413a6f299e3f9a7029f,44100,2,220500,5.000000000,-21.70,-6.20,-17.50,-1.30,,READY
2393.mp3,6b5ae47a87c29dcd0f2d548e74c50121177464b7d29bd1056a0360f6e1284045,48000,2,240000,5.000000000,-50.90,-29.22,-23.68,27.90,GAIN_ABOVE_+10_DB,READY
2394.mp3,f326c67bc964e3f5ed88dc25f0660e1f475d0337e9d8bbfcbdea08577053eb59,48000,2,240000,5.000000000,-20.61,-5.95,-16.66,-2.39,,READY
2395.mp3,53c3efaad80e93b73e94bbcb851d8bc65d70db3bfa426626caf7df951abc8067,44100,2,220500,5.000000000,-37.30,-23.75,-15.55,14.30,GAIN_ABOVE_+10_DB,READY
2396.mp3,88427003ec2fb7777836feb19d38f1205cfa076576b5cbe7d40e19b667e46216,48000,2,240000,5.000000000,-45.63,-29.69,-17.94,22.63,GAIN_ABOVE_+10_DB,READY
2397.mp3,575ecac74ab4615a70c25731589881d311bb9aadbbac26d0f0d65adca4ad484b,44100,2,220500,5.000000000,-24.91,-8.87,-18.04,1.91,,READY
2398.mp3,bce561262afd25efc099c8faa8da844b23d3bd248e814c548044c8aa42fe0919,48000,2,240000,5.000000000,-30.30,-11.39,-20.91,7.30,,READY
2399.mp3,8fb7ca32dcd6eb775aff39a9d67d5af381d162c3a59a40d8fd75fc4e1d4562ab,44100,2,220500,5.000000000,-21.10,-8.77,-14.33,-1.90,,READY
2400.mp3,1965070de06ba4f0b2eca968f01b6ce7e7675fdd2eabbbf621f0e76eedc274eb,44100,2,220500,5.000000000,-49.08,-34.55,-16.53,26.08,GAIN_ABOVE_+10_DB,READY
2401.mp3,e82f3b40c2d931b33a896402337569f09af67dfe144e4a828a139e18bbacbbad,48000,2,240000,5.000000000,-20.86,-7.76,-15.10,-2.14,,READY
2402.mp3,78c789da51c20bb3d2a4f2e2fa95bef20fb4a6af54fc4f7fc6f29a760445909f,48000,2,240000,5.000000000,-21.20,-10.23,-12.97,-1.80,,READY
2403.mp3,535443f872f5c0a7081ba19f1ba4b70332c05d61b027842a1ea96834b163f665,44100,2,220500,5.000000000,-34.86,-20.31,-16.55,11.86,GAIN_ABOVE_+10_DB,READY
2404.mp3,28212549264294185930ac82ac9fa54df37ce31543effb27b519497fd9d9f262,48000,2,240000,5.000000000,-3.86,3.63,-9.49,-19.14,ATTENUATION_BELOW_-10_DB,READY
2405.mp3,9d4bcfb49c5a9db6e02892e7acb702a7c901c0007424b9a405748823ebadcd36,48000,2,240000,5.000000000,-14.35,-3.72,-12.63,-8.65,,READY
2406.mp3,792956a402dfbe28895b4b40cb5e5e0edcff900aa343b1f6eb6c108b8eed874a,48000,2,240000,5.000000000,-12.48,-0.06,-14.42,-10.52,ATTENUATION_BELOW_-10_DB,READY
2407.mp3,62d9f88af2df5808a42f00c502229a02fe3a8a1aee6046043401a1385871adcc,48000,2,240000,5.000000000,-27.38,-10.16,-19.22,4.38,,READY
2408.mp3,efa83063ec67c808e723465847e6f5da89c3b2c05b33b8db746022c79fd9c228,48000,2,240000,5.000000000,-28.96,-14.86,-16.10,5.96,,READY
2409.mp3,4479c2ae4d3686550b01e497b1b808c469b13ebf71b55b42a1a4d813a40433d0,48000,2,240000,5.000000000,-16.57,-4.88,-13.69,-6.43,,READY
2410.mp3,5430eb5f3f6136b0f8fd5698e19e3836a496976716c8fba09e68ff6d91680be5,48000,2,240000,5.000000000,-48.80,-28.53,-22.27,25.80,GAIN_ABOVE_+10_DB,READY
2411.mp3,92deba5d97f4c2861bc2b00c5841e07920a15c1bebc17bb5f1c214110b455b95,48000,2,240000,5.000000000,-18.47,-4.97,-15.50,-4.53,,READY
2412.mp3,484472574df3ed801b6316ee6e36e6a85dc51ff305108467ff5be1d137589d82,44100,2,220500,5.000000000,-23.38,-11.12,-14.26,0.38,,READY
2413.mp3,626114698e10bd899911fbb7f2f6dccc3b40a0dfee23da0bfef443fbc4a10cc9,48000,2,240000,5.000000000,-24.67,-10.38,-16.29,1.67,,READY
2414.mp3,55ab903eb1f80732fdd3c23521cc97833ddcb2eb95a344ea72ef5918ff8fec3c,48000,2,240000,5.000000000,-36.69,-24.05,-14.64,13.69,GAIN_ABOVE_+10_DB,READY
2415.mp3,ad3205b47ab31dbdb3bd667166c12ca46a25f84f47d5ca707b1083742f0f849f,48000,2,240000,5.000000000,-41.36,-25.39,-17.97,18.36,GAIN_ABOVE_+10_DB,READY
2416.mp3,2c82b1db718d35e84460877f4474f940bbcea5e6e963d45421267ab50c231b3e,48000,2,240000,5.000000000,-34.09,-20.24,-15.85,11.09,GAIN_ABOVE_+10_DB,READY
2417.mp3,01b303243f3870c6ddddfe020dd105168e0c8927ef69dda898aa8d1e5dc4c659,48000,2,240000,5.000000000,-26.22,-14.89,-13.33,3.22,,READY
2418.mp3,e7d097fed93a5dd6a54eecf921bed8676941ac4d67b67d288a152c20fd1a12d8,48000,2,240000,5.000000000,-22.62,-9.25,-15.37,-0.38,,READY
2419.mp3,41e19bbd41c013107137b0bda07b766ef23bc6a48903e4c33535231479235781,48000,2,240000,5.000000000,-31.95,-20.15,-13.80,8.95,,READY
2420.mp3,ca760722446189022a88fda38260f6fb60477f1d236cfbb79780ef1f74d2ccdf,48000,2,240000,5.000000000,-22.29,-9.23,-15.06,-0.71,,READY
2421.mp3,4b5a9859a9a4c25584d075e0bf819476e987a47fc0fddc4caf50dd55cecf08b4,48000,2,240000,5.000000000,-23.26,-10.05,-15.21,0.26,,READY
2422.mp3,a7161891ca0fd5069af7ce7bf8788f945cf91d7e49af3e4f0cb04c5512530d1b,48000,2,240000,5.000000000,-16.90,-6.44,-12.46,-6.10,,READY
2423.mp3,45f070c74d2ab15a85306598df6add0f7d31f5157a5d37ce4bf373ddce981a66,48000,2,240000,5.000000000,-32.97,-19.90,-15.07,9.97,,READY
2424.mp3,35d1157ab070d30af7947352091f940099cc8687a24779c2e5bbd883cf81ce64,48000,2,240000,5.000000000,-46.73,-19.11,-29.62,23.73,GAIN_ABOVE_+10_DB,READY
2425.mp3,6ea43b0506aa8784e78667081a3d568f3dc72f372ba525fd2eb6c2e85491c66f,48000,2,240000,5.000000000,-29.79,-9.99,-21.80,6.79,,READY
2426.mp3,3c8ce13714bc353f65c913dfcd58c67213d306c952ae853167ff9f68064a0b94,48000,2,240000,5.000000000,-24.38,-4.98,-21.40,1.38,,READY
2427.mp3,df47ab9816486d6566c69e71c39fc5a683340e247a125cb87c5d869f3432bde8,48000,2,240000,5.000000000,-31.89,-20.09,-13.80,8.89,,READY
2428.mp3,459d1a26448896bb1d732bf521ed7e9de33ac757749ed0f3324bcfbae988b483,48000,2,240000,5.000000000,-31.74,-19.58,-14.16,8.74,,READY
2429.mp3,4db9d27d89c77692ac53a74524d91944a85b0d758edb2d628f60a3048a9d6da8,48000,2,240000,5.000000000,-20.87,-13.58,-9.29,-2.13,,READY
2430.mp3,5420997afe73959eca68fac2838826103be855df3263788ae52c3b881d6e7131,48000,2,240000,5.000000000,-25.95,-14.83,-13.12,2.95,,READY
2431.mp3,64cf0892745920818da3b1ef97fa597492e98d803d78c4f5202ffebfb459684b,48000,2,240000,5.000000000,-39.42,-29.56,-11.86,16.42,GAIN_ABOVE_+10_DB,READY
2432.mp3,a1966fe4617d08336b80524a74753278a7d61283fc21c019ab9b6a6e1f078079,48000,2,240000,5.000000000,-27.42,-16.09,-13.33,4.42,,READY
2433.mp3,4c7215d30299b1b15e54dde8ef2f861dcde48488a16a82babc8669809c769656,44100,2,220500,5.000000000,-30.40,-17.88,-14.52,7.40,,READY
2434.mp3,b8ed465d725ad0425cc6defa6aa3b85bb06c0255f0a66f33518cfe6baf6efa91,48000,2,240000,5.000000000,-27.36,-14.03,-15.33,4.36,,READY
2435.mp3,0663c87aafefb134df2e43369db05cf0834d20f037a0b08af2ebae92f460ef64,48000,2,240000,5.000000000,-15.78,-4.52,-13.26,-7.22,,READY
2436.mp3,108d2d4df0e95513b763a3d705ef2e0f284c07f73f20ee9401d11c22449f739e,48000,2,240000,5.000000000,-15.60,-7.03,-10.57,-7.40,,READY
2437.mp3,d6a98703678e306a2544a7df8a7598d2115665c6401bddc7286e86bc00dd1453,44100,2,220500,5.000000000,-36.15,-23.82,-14.33,13.15,GAIN_ABOVE_+10_DB,READY
2438.mp3,5a37b2196d5407ad291d0921b421d0033f9a1cca997ad68942ce56481ba39805,48000,2,240000,5.000000000,-27.06,-9.39,-19.67,4.06,,READY
2439.mp3,697dc20d132440e575f4d567b8dcfcce7937e359245d5d744c77078b900848cc,48000,2,240000,5.000000000,-24.12,-9.32,-16.80,1.12,,READY
2440.mp3,d0af2fee69f82110a637d37b8059e0e840066f39ff8a5a41382de98eafa0c58c,48000,2,240000,5.000000000,-16.27,-3.97,-14.30,-6.73,,READY
2441.mp3,4ad9c12df994e9bfcc813ff485900bc958048405ebb96d0ed9223a1d7ed5963b,48000,2,240000,5.000000000,-29.85,-14.42,-17.43,6.85,,READY
2442.mp3,5d06681df2a29b2e6cd823528d41ba98a1fe6ee4e73f37ba9f73fdc195092506,44100,2,220500,5.000000000,-18.52,-0.51,-20.01,-4.48,,READY
2443.mp3,2dfbf9fffc6ba292c5857ca69b7a6ee6cb5c8debb1cf63fad37886d46f5fe192,48000,2,240000,5.000000000,-23.10,-11.42,-13.68,0.10,,READY
2444.mp3,a7d507ff2fda6f3f545ef4d323272beec4920c45e76a36a946d8a3450368c75d,48000,2,240000,5.000000000,-37.50,-13.05,-26.45,14.50,GAIN_ABOVE_+10_DB,READY
2445.mp3,4cafdfefd1c92f4462762ec3f7db9f778909f519ccac6800ddb02df2e2b562f4,48000,2,240000,5.000000000,-49.10,-33.55,-17.55,26.10,GAIN_ABOVE_+10_DB,READY
2446.mp3,205ef562641a789d0e977bd001b35e16b05f42831349bc4267c4c4b7bf7c559d,48000,2,240000,5.000000000,-29.97,-7.81,-24.16,6.97,,READY
2447.mp3,52ef3a88ff37a995213fcab4d830a3fa2ca99a4a4bb9cab15d7760f9c22c8bea,48000,2,240000,5.000000000,-38.91,-28.10,-12.81,15.91,GAIN_ABOVE_+10_DB,READY
2448.mp3,e471dfc57256e8716ad5be5207efb629bd19c86514bcf31f1ddfff7f57f156db,48000,2,240000,5.000000000,-31.22,-22.17,-11.05,8.22,,READY
2449.mp3,7beaf9dfce8a41781e3a637ac5f739e556c59334c2cc51c69bf3bb6684c1a92c,48000,2,240000,5.000000000,-23.51,-13.98,-11.53,0.51,,READY
2450.mp3,a8a700f5c544813dc24e4f022f023f7dbc4a5f808f54a1633d6fe6976474635c,48000,2,240000,5.000000000,-33.50,-17.58,-17.92,10.50,GAIN_ABOVE_+10_DB,READY
2451.mp3,0015773128c4e8ab86bb701e8b81baca7f79c1c8db3cdc055f707120bf60b24b,44100,2,220500,5.000000000,-26.50,-11.56,-16.94,3.50,,READY
2452.mp3,a0438b5d96cfd55c24b4c1232fbf7727c59c977256c4fd5f86dc93eb480ce880,48000,2,240000,5.000000000,-26.07,-14.42,-13.65,3.07,,READY
2453.mp3,b0fa93573ffbf7d1acf4ca9aa17b8953860ba736013053b7c6f2cb9bb2363f5a,48000,2,240000,5.000000000,-18.70,-6.08,-14.62,-4.30,,READY
2454.mp3,b022ca6d81f2a24f5e90cbbcdd7ac68d5e4b2f8fd1540104f3f81eefae7cba69,48000,2,240000,5.000000000,-36.37,-20.34,-18.03,13.37,GAIN_ABOVE_+10_DB,READY
2455.mp3,37f9b7f5ef5fc01740fc5b967d3e68eba9bf5b03af60cfecc94faf49b5f91efb,48000,2,240000,5.000000000,-11.99,-0.20,-13.79,-11.01,ATTENUATION_BELOW_-10_DB,READY
2456.mp3,2c071fd42ef15c081d9c50a554167e2ad0af165c626b424e29a91616e98157bc,48000,2,240000,5.000000000,-24.08,-14.47,-11.61,1.08,,READY
2457.mp3,caefb89ca1b7b97a0b77fea8b353d3ac74dcc87d1ed3cb80229210d6d9fb9775,48000,2,240000,5.000000000,-25.19,-11.40,-15.79,2.19,,READY
2458.mp3,90d4abfbcd701b90579b084f25d14f9718a60f9889d3d64160f1220675b6d6c6,48000,2,240000,5.000000000,-29.90,-12.92,-18.98,6.90,,READY
2459.mp3,37135b8146091c1ee9c0c615f63788cffd6c65fceb46a073b6e415ec7c8ab665,48000,2,240000,5.000000000,-31.57,-20.18,-13.39,8.57,,READY
2460.mp3,622047d1db995ba7fb2497b8bf686efda8b426f3147c121085e49c2c5eb32580,48000,2,240000,5.000000000,-20.63,-1.12,-21.51,-2.37,,READY
2461.mp3,05e48b9e987984c926b899778e1b3a1d5ef8dd822f37b432137942a005b091ca,48000,2,240000,5.000000000,-13.55,0.64,-16.19,-9.45,,READY
2462.mp3,b7bb5744bb9bb2dff5be9d3122795514388f1cead7b9a6dd0446dd01035419f6,48000,2,240000,5.000000000,-28.04,-14.83,-15.21,5.04,,READY
2463.mp3,a9c309ca85e1deb488782479821a3d3060f19e83235379a055eecab2f5faa3a2,48000,2,240000,5.000000000,-19.93,-5.84,-16.09,-3.07,,READY
2464.mp3,ac39d329195750431b6b4725e484da89459e584d65c4bf7071b7724e5c9a91d0,48000,2,240000,5.000000000,-35.64,-20.97,-16.67,12.64,GAIN_ABOVE_+10_DB,READY
2465.mp3,0f47681a80753430c64be253850b5093217575e0233bd6a882514ac0a324a72b,48000,2,240000,5.000000000,-16.32,-5.31,-13.01,-6.68,,READY
2466.mp3,f6b44dc3e5d3bea676c1214e6fdf669009eab9443ab6dc681e1d9bd4f9d2f55c,48000,2,240000,5.000000000,-38.26,-14.24,-26.02,15.26,GAIN_ABOVE_+10_DB,READY
2467.mp3,984aae32e4c35863f0d4670dd45827c7328a947777539ce2e087a5a6775c9c48,48000,2,240000,5.000000000,-49.22,-42.86,-8.36,26.22,GAIN_ABOVE_+10_DB,READY
2468.mp3,b7e5e534e9e22f8e025844fabaf83107216f9adc229dd33cffc05413dc56ed93,48000,2,240000,5.000000000,-45.46,-34.34,-13.12,22.46,GAIN_ABOVE_+10_DB,READY
2469.mp3,0738816ac83dc5cdae3cef6374e1903305cbe25f762cfff66cac36a99aefda3d,48000,2,240000,5.000000000,-34.23,-8.95,-27.28,11.23,GAIN_ABOVE_+10_DB,READY
2470.mp3,8dc508f597912608321a1835724f46dc8472f6005f661a7e31ac67592410c8e3,44100,2,220500,5.000000000,-19.44,-7.30,-14.14,-3.56,,READY
2471.mp3,53dcb6d1811afbcb285de2484b5bf28f2e314c04d5e130b1035251e6af8b578e,48000,2,240000,5.000000000,-27.05,-13.15,-15.90,4.05,,READY
2472.mp3,86356c284be915c1832fe7c29b2ddbf70a6eb5001d3cc95df58190f7b2f6f043,48000,2,240000,5.000000000,-21.37,-10.09,-13.28,-1.63,,READY
2473.mp3,5e5d73bbaca676a57db792ffe41012dd35479670fbcd27232c0786db0fdc63ee,48000,2,240000,5.000000000,-28.95,-18.01,-12.94,5.95,,READY
2474.mp3,16d2ee70afc41cb9fa3ec8cf971447c5ef1f575ece757d88648dcab27d18d742,48000,2,240000,5.000000000,-31.84,-17.62,-16.22,8.84,,READY
2475.mp3,6b9200f08ef8b64b28f69200747429a77121fa5074caea29c80aeb860d6b8328,48000,2,240000,5.000000000,-22.75,-10.30,-14.45,-0.25,,READY
2476.mp3,1085464760a899c123183fdca0d26be171e05db33afd38d358e7c5fe99538794,48000,2,240000,5.000000000,-18.90,-7.34,-13.56,-4.10,,READY
2477.mp3,47dd9024ab837ffac9c9f11136492f58b1b4d4bb18adcca6a6d860c142e678b9,48000,2,240000,5.000000000,-35.63,-25.45,-12.18,12.63,GAIN_ABOVE_+10_DB,READY
2478.mp3,079053cdc64aec498b8fab39165d38023b5cbb87de903f0bdd123b5b031af559,48000,2,240000,5.000000000,-22.88,-8.39,-16.49,-0.12,,READY
2479.mp3,655fdc8ac80d358ea1b0de4a41413919762269112c764b8877ad9fb13fabfb87,48000,2,240000,5.000000000,-54.68,-40.77,-15.91,31.68,GAIN_ABOVE_+10_DB,READY
2480.mp3,5ab601fc2fa8dda1d1f8ad397fbd81db9c68646d57de69d6ddbde1801d33828e,48000,2,240000,5.000000000,-30.61,-18.16,-14.45,7.61,,READY
2481.mp3,326d8d6e5ed7146454f84b45805b7963bd0d0f0ecfc53c54afbc93d8818d1e6f,48000,2,240000,5.000000000,-18.74,-6.42,-14.32,-4.26,,READY
2482.mp3,a32bbb1ec8326d8784d09000357695e4bc62a7e58b42f2c3835ba4efcf873c0c,48000,2,240000,5.000000000,-18.58,-3.99,-16.59,-4.42,,READY
2483.mp3,67515b789359b2dc203836c3789a7a1c900db2d3f5f3dd6eb1e260c30902ae4d,48000,2,240000,5.000000000,-28.87,-14.40,-16.47,5.87,,READY
2484.mp3,d65dc98d960d3f3c3c80620d5d56baa0b1f0ed015af5cbdda443f1fa02259506,48000,2,240000,5.000000000,-30.45,-17.56,-14.89,7.45,,READY
2485.mp3,831529be4f2fa0a1b9ca5950379136a741c1a0ba8635356a6e6f80c2ea01feda,48000,2,240000,5.000000000,-30.99,-16.86,-16.13,7.99,,READY
2486.mp3,9e0dd63533057f3e0576c1d46f9d335e465ca8db1b82f147d362194e317f85c0,48000,2,240000,5.000000000,-39.56,-27.44,-14.12,16.56,GAIN_ABOVE_+10_DB,READY
2487.mp3,0abd7417556c53c606fe94416a52e758da99def8a22826c2f2f2bf4e599ebcd8,48000,2,240000,5.000000000,-32.04,-16.31,-17.73,9.04,,READY
2488.mp3,bb70bd0080a1c03f98d3860195c0748247d63c5dd2353e5eae31c093ae66a73e,44100,2,220500,5.000000000,-28.12,-13.59,-16.53,5.12,,READY
2489.mp3,72dc52ef738908ca7a7f9438c56a5a4b9055259b22c1946f43a2b002cb2c79e1,48000,2,240000,5.000000000,-28.26,-19.33,-10.93,5.26,,READY
2490.mp3,32cda4c99b375e8190d09bf11bab3166ad2a08ceff041901ab7899730a135157,48000,2,240000,5.000000000,-14.71,-0.73,-15.98,-8.29,,READY
2491.mp3,c167446be9fd9bc9b06e167d252098616b58c3c4b7f0fd3ce0be3253593f5d2e,48000,2,240000,5.000000000,-27.80,-16.57,-13.23,4.80,,READY
2492.mp3,db5b90cb30f727b190b6c2b01653e3a0df2b0d66b2a0ea2467e154c933a835b9,48000,2,240000,5.000000000,-42.00,-21.60,-22.40,19.00,GAIN_ABOVE_+10_DB,READY
2493.mp3,649b779cd6a5cb0bcdc7c34f8f99c9802d10781f580328b76a7ed435f202b1ca,48000,2,240000,5.000000000,-35.59,-21.69,-15.90,12.59,GAIN_ABOVE_+10_DB,READY
2494.mp3,22b5d1ec1153fb3b81f7e68064cf529725af15ac8f409fb423fa982a16813846,48000,2,240000,5.000000000,-23.68,-6.43,-19.25,0.68,,READY
2495.mp3,f02f6971deb59cbc254884946c9bddb079ecd7f4601771dbb0aa7dab8815bf1f,48000,2,240000,5.000000000,-19.62,-8.48,-13.14,-3.38,,READY
2496.mp3,b7aa5b0dbfc1a947f68d8a8d2f13088a02a00c015d22610e9a74fe965ec58986,48000,2,240000,5.000000000,-26.36,-13.75,-14.61,3.36,,READY
2497.mp3,4c3e4e6a59bb646931677d74f722eb443a2df5093a7d07a4f38d6d0fa5f919b1,48000,2,240000,5.000000000,-21.91,-7.83,-16.08,-1.09,,READY
2498.mp3,1a6b3ed8d44e9df83382bc17fefe77fda8ea841ebfec81f32777bc1228ead3b3,48000,2,240000,5.000000000,-34.64,-26.63,-10.01,11.64,GAIN_ABOVE_+10_DB,READY
2499.mp3,60887684c82942d5fbb4b9d6d62bfb978ee409468910afd69eea765f10f22d7e,48000,2,240000,5.000000000,-34.27,-24.08,-12.19,11.27,GAIN_ABOVE_+10_DB,READY
2500.mp3,593d3ab6c9f19c0120c08a354dc12d584b386486ed291f46f0ec0183618a73c8,44100,2,220500,5.000000000,-24.77,-18.13,-8.64,1.77,,READY
2501.mp3,a3584ce0f947d183a2bcae7cfcd90193bb783b7cdcd4a70c011c10de9772e33c,44100,2,220500,5.000000000,-52.34,-31.74,-22.60,29.34,GAIN_ABOVE_+10_DB,READY
2502.mp3,9ad3ee471dc5690664819ca54df28d85e9ae41d427b64c06c6f9ac4670b5c5e3,48000,2,240000,5.000000000,-66.78,-55.26,-13.52,43.78,GAIN_ABOVE_+10_DB,READY
2503.mp3,62e53102a3cb6f5ba24de6ea8a468b94210f572f9f5e9c360b15c6805523ba11,48000,2,240000,5.000000000,-48.18,-29.22,-20.96,25.18,GAIN_ABOVE_+10_DB,READY
2504.mp3,0a2386b19085c35fb5d548f416d6681de933a0c0c8e9637e15363c9f030de12d,48000,2,240000,5.000000000,-27.99,-12.27,-17.72,4.99,,READY
2505.mp3,8a7936aeb89b482384bf061af19041a99a54d5c14c4d950bc1eae0e2669efae6,48000,2,240000,5.000000000,-28.17,-12.27,-17.90,5.17,,READY
2506.mp3,d0d654f1aa1510faa4f972e613f22a61c3176ba486cb0d2721df5994f16c287a,48000,2,240000,5.000000000,-19.48,-9.04,-12.44,-3.52,,READY
2507.mp3,d176508997eec0293db0c4624abce4e1c791eaec1a6ca1d13c5f615a978b7ccd,48000,2,240000,5.000000000,-20.52,-5.82,-16.70,-2.48,,READY
2508.mp3,0f0feaabc757afe0f395daf070fa70d9fbd21c0656a28873f932e411158f4fe8,48000,2,240000,5.000000000,-20.65,-9.25,-13.40,-2.35,,READY
2509.mp3,ed8a3e059911082dc69db51b399ed9fab9b82e77f8992734d08bed3c2839e54b,48000,2,240000,5.000000000,-13.43,-0.14,-15.29,-9.57,,READY
2510.mp3,52f70b5b1231285564ed37089cc6e94b3a68c4339fa77cd633cc3e7992998d40,48000,2,240000,5.000000000,-11.10,0.11,-13.21,-11.90,ATTENUATION_BELOW_-10_DB,READY
2511.mp3,c59c9ab4923a91c8fb626d8ce2d9b36b36e234a6366f86a0f03ed4e035dc8d34,48000,2,240000,5.000000000,-20.00,-9.14,-12.86,-3.00,,READY
2512.mp3,9ce357504f7eb25cb0ac13a67f775bcc1f59cc5039bf38f979e264cbde61337a,48000,2,240000,5.000000000,-21.71,-6.83,-16.88,-1.29,,READY
2513.mp3,bbc2e8f9cffde09174310d6c6b75167d482a2b1e9e554c98053c3222c41c9171,48000,2,240000,5.000000000,-23.48,-8.74,-16.74,0.48,,READY
2514.mp3,d3dee24956909167681c169698e13bac397d2f7656207d8f5830a5ee4af6c578,48000,2,240000,5.000000000,-12.01,-0.18,-13.83,-10.99,ATTENUATION_BELOW_-10_DB,READY
2515.mp3,4f8fb884a18e76b976dd09311018cae90a2a4301957561d7add2123bdfafaff6,48000,2,240000,5.000000000,-28.69,-9.98,-20.71,5.69,,READY
2516.mp3,2e6127d054225b440674ad858bdb8caf5e3e263a211b07c2e6bd9042ee80ec56,48000,2,240000,5.000000000,-11.74,-0.12,-13.62,-11.26,ATTENUATION_BELOW_-10_DB,READY
2517.mp3,7da766025fe0c5c9b0b00b5507e811bf342f4f5c45f169557f7f78d2d56266b6,48000,2,240000,5.000000000,-41.56,-24.77,-18.79,18.56,GAIN_ABOVE_+10_DB,READY
2518.mp3,895fa13a51275edbb9704b2f2c9b4f2f097d4929d3d4274f3f1657f130be0825,48000,2,240000,5.000000000,-33.50,-16.20,-19.30,10.50,GAIN_ABOVE_+10_DB,READY
2519.mp3,42fa31d6657dd280a2b0690ea79ec3af7d0dd28f2afcb8f1b5557648429fa89b,48000,2,240000,5.000000000,-36.61,-27.85,-10.76,13.61,GAIN_ABOVE_+10_DB,READY
2520.mp3,33e01fb63276854a96feb074cc9e0a95b7341301efe11aff212bf5201b059ffe,48000,2,240000,5.000000000,-19.37,-7.92,-13.45,-3.63,,READY
2521.mp3,ee9c1d9986970ba2ed8558220b4a8e838751d0bb0ecd5a370eb206066ca499ac,48000,2,240000,5.000000000,-17.92,-4.06,-15.86,-5.08,,READY
2522.mp3,d992cff5e1bb4dc1682c8f4238ff11a8ccf3e8fb1529aced0960580991a9b409,48000,2,240000,5.000000000,-69.77,-57.77,-14.00,46.77,GAIN_ABOVE_+10_DB,READY
2523.mp3,e0055d604ce95515715b06c5ec4fd28891db6d902d5b292dc202560b63b5c291,48000,2,240000,5.000000000,-26.93,-15.25,-13.68,3.93,,READY
2524.mp3,c55f2769bf967329ca295bc2bef6649346575eb96da288f9a17d58c95fdbcb58,48000,2,240000,5.000000000,-12.46,0.56,-15.02,-10.54,ATTENUATION_BELOW_-10_DB,READY
2525.mp3,c375a549132c9c3318852a8c53c583d4ca9c0fcd8076c2fdf65b541591e29476,48000,2,240000,5.000000000,-26.39,-10.83,-17.56,3.39,,READY
2526.mp3,c031d8190fa094fc078b03dbeacacecf56396489b6043192d7e339b994db4ddc,48000,2,240000,5.000000000,-38.85,-29.80,-11.05,15.85,GAIN_ABOVE_+10_DB,READY
2527.mp3,4171830c0728d3496ccc43276e7e40097c211b34f6fc6ff7006a13b289c36df2,44100,2,220500,5.000000000,-36.70,-25.61,-13.09,13.70,GAIN_ABOVE_+10_DB,READY
2528.mp3,02b49cfd1dc7132afdbc70f0ee0a124384faaaacd97a8c7766878805ef7aba5c,48000,2,240000,5.000000000,-28.26,-14.28,-15.98,5.26,,READY
2529.mp3,c2f3b40c16698ec1b5214799b77c38a42886bcbed6002548941a02de36433940,48000,2,240000,5.000000000,-19.56,-6.56,-15.00,-3.44,,READY
2530.mp3,99a48dae2afead6bf899d29a1c860839a625a5e4273a4ae9c159e1d5cafffbda,48000,2,240000,5.000000000,-18.55,-6.56,-13.99,-4.45,,READY
2531.mp3,127c68c7d20cf3c829dd5c59247ad28c287369fc43837c6be9adb300b4c9dafb,48000,2,240000,5.000000000,-31.82,-20.83,-12.99,8.82,,READY
2532.mp3,9377412e7010dac847678439a042a2ed1b718e63c3ee78365cc249f06461b1d6,48000,2,240000,5.000000000,-51.10,-33.36,-19.74,28.10,GAIN_ABOVE_+10_DB,READY
2533.mp3,63e5ea7162fcaf90fb3fe2a893771d5401cebf3456af0b8062b7e396877a978d,48000,2,240000,5.000000000,-33.99,-20.57,-15.42,10.99,GAIN_ABOVE_+10_DB,READY
2534.mp3,ddec2a4bd21e448478ebea7f1057d7a6769ed26a82133300c440f6430dc970e0,48000,2,240000,5.000000000,-38.43,-26.72,-13.71,15.43,GAIN_ABOVE_+10_DB,READY
2535.mp3,846b5d9f4ca4ccdd6a8c44dbcb2b025f50a352b828c68f883a17d4b8657d9b23,44100,2,220500,5.000000000,-29.17,-13.31,-17.86,6.17,,READY
2536.mp3,6fe7993b8f70149e13feecd89894b03ce752a5f04a086591d6de6a12a078613b,48000,2,240000,5.000000000,-21.23,-6.08,-17.15,-1.77,,READY
2537.mp3,e36f6e0abe7d455c351dab75b9083e0ba18bef78a816f65c6f9f28af13d5c393,44100,2,220500,5.000000000,-18.37,-9.14,-11.23,-4.63,,READY
2538.mp3,664916a684418e3dd0388009b03b1ad913e1fc86f3fb85a660bafc0ecbb435b0,48000,2,240000,5.000000000,-29.22,-10.26,-20.96,6.22,,READY
2539.mp3,111449cf79b6cd5691321c20e526652b3869920680d3c7662cbf37c4e448bb25,48000,2,240000,5.000000000,-27.06,-11.98,-17.08,4.06,,READY
2540.mp3,7fb8bae519b5119b0bd98f48fb6b322693ba9a289c8965f273b60373f29cbccd,48000,2,240000,5.000000000,-23.64,-13.89,-11.75,0.64,,READY
2541.mp3,d59cf6f6f532f6194feb5d75eca3ac1fda069a87da036824d7920d49b98b8b23,48000,2,240000,5.000000000,-22.11,-9.65,-14.46,-0.89,,READY
2542.mp3,0731c4bee36103bf4812557711c9545ff87363114de44760f4ad284621ecb2c7,48000,2,240000,5.000000000,-31.85,-12.73,-21.12,8.85,,READY
2543.mp3,5b0dfc684ff1b5ad872c3e381ea6aaae7cd714e64d056a3ff98540dec9c8cd79,48000,2,240000,5.000000000,-35.12,-22.78,-14.34,12.12,GAIN_ABOVE_+10_DB,READY
2544.mp3,1c3beb804ca7e966d98ca53e2492bf686b0644b305ab2154db007f575bf49e1a,48000,2,240000,5.000000000,-56.52,-44.58,-13.94,33.52,GAIN_ABOVE_+10_DB,READY
2545.mp3,904bf6a71b18cc5f919617c088cfd28175c81b38b9838e1490d84824930e9b62,48000,2,240000,5.000000000,-44.03,-26.20,-19.83,21.03,GAIN_ABOVE_+10_DB,READY
2546.mp3,0ea297b2d89494ffe8fe626a88f1781fe92390012e8d483f2c308d4930ff2c94,48000,2,240000,5.000000000,-62.96,-51.08,-13.88,39.96,GAIN_ABOVE_+10_DB,READY
2547.mp3,9e752dd38923bbd10f141c21482c7287bd2a5d21a7e6784ead48cd028b393d7b,48000,2,240000,5.000000000,-31.76,-21.40,-12.36,8.76,,READY
2548.mp3,528e208d1c4474413f2fc42468d7a240b0771ea17650c6a4b827d702fd50a177,48000,2,240000,5.000000000,-67.18,-50.44,-18.74,44.18,GAIN_ABOVE_+10_DB,READY
2549.mp3,93b4a82c06da79311f12a10379e095beeeb4c7fa22076f0865f126b5b2ebb722,48000,2,240000,5.000000000,-18.77,-7.18,-13.59,-4.23,,READY
2550.mp3,136122e2ee4290aae8616d73913478d3bc3d1324742bcbe7cd01aca55a2c12e0,48000,2,240000,5.000000000,-23.66,-6.96,-18.70,0.66,,READY
2551.mp3,7ee8d678475b168359b5dbf18006669778dabb72fa3cda4cbe536ee15faceef9,48000,2,240000,5.000000000,-18.82,-7.44,-13.38,-4.18,,READY
2552.mp3,d84fd1e561b87c8c8c1a5f33b093ef61b9996b1200385eb4c5478a9b149cc292,48000,2,240000,5.000000000,-25.68,-14.56,-13.12,2.68,,READY
2553.mp3,000cf0bf0531b0d37a66cfef1548c53abfcaeb32ee7240536f27a868504822e4,48000,2,240000,5.000000000,-16.65,-5.47,-13.18,-6.35,,READY
2554.mp3,caa8e5d30ca2b618a1335bab418b9936df522814a3961bdae6bddd0d08960fde,48000,2,240000,5.000000000,-32.10,-18.21,-15.89,9.10,,READY
2555.mp3,6a7dc5a2264b251aaa4f8af57f3b13d48c2ff61f54fea19b00124ec54b4a0747,48000,2,240000,5.000000000,-18.71,-7.86,-12.85,-4.29,,READY
2556.mp3,d0a7ea35941e9ec8b5de5a78db0cc92f43d1f88d2e5615c49a297f3f585be9ac,48000,2,240000,5.000000000,-68.28,-58.26,-12.02,45.28,GAIN_ABOVE_+10_DB,READY
2557.mp3,6aef4b71489fc776b896c91f610861e190895226e40d93db555ddd3f6e6a058f,48000,2,240000,5.000000000,-42.48,-23.50,-20.98,19.48,GAIN_ABOVE_+10_DB,READY
2558.mp3,b90def21ec9db90b812d8c10303f618fb55f25180885a8c6e3e6817ad09a0800,44100,2,220500,5.000000000,-23.49,-10.13,-15.36,0.49,,READY
2559.mp3,e2bb67d0ca9f7a736ba990bec859e0277b46da8d6524c857eefe0f5528da938d,48000,2,240000,5.000000000,-28.37,-16.87,-13.50,5.37,,READY
2560.mp3,646f9a35dadc10a9d055805dca7cde236f031a355bdd857b338faa9b1b197ab3,48000,2,240000,5.000000000,-21.37,-7.26,-16.11,-1.63,,READY
2561.mp3,e51920ef6b38f5baa2155751810d4c0eeb8702eb50b4d3730fe995fd69f56ddb,48000,2,240000,5.000000000,-22.66,-12.46,-12.20,-0.34,,READY
2562.mp3,67cb3413b47fdeab8b590821942fced160c2ffe2a596fcb03430f69618ae5fa2,48000,2,240000,5.000000000,-18.54,-7.56,-12.98,-4.46,,READY
2563.mp3,b585f6f768e769c14e9195d030391c1265b5d822aaac961d1185f39d5ee4c89f,48000,2,240000,5.000000000,-40.18,-24.27,-17.91,17.18,GAIN_ABOVE_+10_DB,READY
2564.mp3,e256a015e79171f0c81ee264bf6c8eb0fd4073c2931112df462fb446d5098b8d,48000,2,240000,5.000000000,-39.46,-18.30,-23.16,16.46,GAIN_ABOVE_+10_DB,READY
2565.mp3,5e26e8e65427707c80e5b1ec4a26ac260b0be75a7fff62854dc5fde5296edd11,48000,2,240000,5.000000000,-12.97,-2.10,-12.87,-10.03,ATTENUATION_BELOW_-10_DB,READY
2566.mp3,2a46239bd14045d891654e526bebd6a2d935b1af057da2729d0e5427f8a3f257,48000,2,240000,5.000000000,-6.75,-0.02,-8.73,-16.25,ATTENUATION_BELOW_-10_DB,READY
2567.mp3,797005858bbd966e108a1767d802160e28413eae9d102dd4c2e42f167569a0ef,48000,2,240000,5.000000000,-17.42,-1.82,-17.60,-5.58,,READY
2568.mp3,de4e96ace2b54553b6d91899575165ead3d083682c0e61ff6620186d4e7fa175,48000,2,240000,5.000000000,-26.24,-10.89,-17.35,3.24,,READY
2569.mp3,7dde4e6f7dff523e3010b8cb3dbea92e2b6130f3a08ff1e7f378ef0d3d9fa181,48000,2,240000,5.000000000,-18.34,-7.06,-13.28,-4.66,,READY
2570.mp3,350e8b678fd84a7d5af43a8e5c0ee7429f116017aa3d04973571bc0350000c61,48000,2,240000,5.000000000,-34.60,-20.76,-15.84,11.60,GAIN_ABOVE_+10_DB,READY
2571.mp3,cfb01257b06ff2e39cc3dde95ae06a8e107f5c231f9aafdd2177bddc1c5cd0e5,48000,2,240000,5.000000000,-36.78,-23.74,-15.04,13.78,GAIN_ABOVE_+10_DB,READY
2572.mp3,d32242ea08077af421142970a7b0d32f1377d226a7065750d56fee69329b341d,48000,2,240000,5.000000000,-31.30,-16.48,-16.82,8.30,,READY
2573.mp3,3d062f3aa68fb3e61d5bc1b21913fd3f91f3f587c167575e0b75ef1c9696fce2,48000,2,240000,5.000000000,-13.40,-1.64,-13.76,-9.60,,READY
2574.mp3,73c99f8b341d7b77a99349f9a2794d065ec2df6e8d184c9852cf8356171b06e2,48000,2,240000,5.000000000,-18.32,-8.95,-11.37,-4.68,,READY
2575.mp3,c59c5526b4bb7b3d6c036a7ef0063e9046a63ed4b7490fb7acc09be31421a70a,48000,2,240000,5.000000000,-27.05,-15.48,-13.57,4.05,,READY
2576.mp3,79e8093afc2ef7b3a3cb429d65fb888ea316f0c11422eaa193376acd2c1022d0,44100,2,220500,5.000000000,-21.46,-7.30,-16.16,-1.54,,READY
2577.mp3,5715b9623f841f296b25e423a9648222664cf56e0aab8d306a0d18e0d766243a,48000,2,240000,5.000000000,-9.07,0.32,-11.39,-13.93,ATTENUATION_BELOW_-10_DB,READY
2578.mp3,6a9f69c617d745213762236edbe628b9ff5fcc13a9859394ec36ef10e3dc2050,48000,2,240000,5.000000000,-18.92,-6.75,-14.17,-4.08,,READY
2579.mp3,8b4d99778af35b241d0a1442bb0cd9088d231ea9d7cf7c1310dc265754ce5449,48000,2,240000,5.000000000,-35.84,-22.40,-15.44,12.84,GAIN_ABOVE_+10_DB,READY
2580.mp3,73c495945bfea5d2b6b54e94f28caa79315724dd30ab3f11f7b6ab4c099a7eba,48000,2,240000,5.000000000,-57.49,-42.68,-16.81,34.49,GAIN_ABOVE_+10_DB,READY
2581.mp3,ba65e2f9792d586b01cb85c3b494ca52865ace7016317d161b2e5e13a50bbe93,48000,2,240000,5.000000000,-13.91,-3.04,-12.87,-9.09,,READY
2582.mp3,1343a9caa51f3dde9cbcc67a0240d3d3149acf710bf070ab74c971e780ffaaf9,48000,2,240000,5.000000000,-33.95,-18.38,-17.57,10.95,GAIN_ABOVE_+10_DB,READY
2583.mp3,b39f105fee2bad53bddd057c6d970c4336d2c1d2be35f7985b2b1df656bf318a,48000,2,240000,5.000000000,-22.67,-10.52,-14.15,-0.33,,READY
2584.mp3,1fe1e814c40e63e2b7464392d637a504e18286003a96bcb2193ed9db86c1f8b3,48000,2,240000,5.000000000,-22.64,-9.53,-15.11,-0.36,,READY
2585.mp3,fe1da461195693bd01a6b0f812f40bc4b065ec547745949814a552a050993f12,48000,2,240000,5.000000000,-45.98,-28.06,-19.92,22.98,GAIN_ABOVE_+10_DB,READY
2586.mp3,7b2c3af9fefdffdfc624fd2bb24ad358b31955117d5eef305a9640b3a5e1b550,48000,2,240000,5.000000000,-11.19,-0.42,-12.77,-11.81,ATTENUATION_BELOW_-10_DB,READY
2587.mp3,8d11e29f379aef099425325ca89e3093ad9441397df947459e26db191b733e86,48000,2,240000,5.000000000,-28.71,-17.95,-12.76,5.71,,READY
2588.mp3,6323c72f0f08023ee740f9f9c35e3db71d100c4fe83334ea0b6a5859aa6130df,48000,2,240000,5.000000000,-18.95,-6.87,-14.08,-4.05,,READY
2589.mp3,b85974a9bc1f04ff0a2b4b925f45dfa9b0259f0528fdc7e08c1ff76959e6585d,48000,2,240000,5.000000000,-15.96,-5.60,-12.36,-7.04,,READY
2590.mp3,0c12df79009d09db3653ef2e091db369fd95f417f676e371af2f6e2ee0f96346,48000,2,240000,5.000000000,-18.78,-5.90,-14.88,-4.22,,READY
2591.mp3,ee07be3e114569c97a7a326d1606a2cdf3cfae8e1d727866ac27ed7f114c7db6,48000,2,240000,5.000000000,-27.92,-15.02,-14.90,4.92,,READY
2592.mp3,d2958bf6cfa176015f80f3f509b1501c1989ce4e500c5e7bdab6feb806ac4de3,48000,2,240000,5.000000000,-16.16,-4.66,-13.50,-6.84,,READY
2593.mp3,e0f4101b66433eb415d0af14d7400ef286d30b01c653866faf4f22529b4dd427,48000,2,240000,5.000000000,-19.98,-4.66,-17.32,-3.02,,READY
2594.mp3,9019e25a6d171cdb910ab9c573d666d3eeaabdc1fe38e104a5515382a40ce7cb,48000,2,240000,5.000000000,-27.18,-9.21,-19.97,4.18,,READY
2595.mp3,d8c4ca3b81269b1c40f2901053a09c8d81c245955c62df240ba5693ac96d0fa1,48000,2,240000,5.000000000,-21.08,-10.21,-12.87,-1.92,,READY
2596.mp3,b94d72ee608ca4e5e4a956a8575e3aed4041a7dd0f4606f510fecfe0038bfa47,48000,2,240000,5.000000000,-32.40,-23.01,-11.39,9.40,,READY
2597.mp3,519b41049728cab74bcdfd74dd08937ad2561b759baf0a3bbcb25db4bf7069a5,48000,2,240000,5.000000000,-38.03,-19.20,-20.83,15.03,GAIN_ABOVE_+10_DB,READY
2598.mp3,8e85f39ccdd704491ee5a87a7b99cb248bec3e4c44acb644218ce9a5ff392db3,48000,2,240000,5.000000000,-48.72,-32.40,-18.32,25.72,GAIN_ABOVE_+10_DB,READY
2599.mp3,e8ba1e3d6fd3f88b5941b6351c585bcf544a945c5e4a122ee6af419fb2f799d8,48000,2,240000,5.000000000,-24.07,-13.41,-12.66,1.07,,READY
2600.mp3,b08df3a99eaffe6d730df192e8ea672813cc8aa164ed6516713713ddfa5cf7a8,48000,2,240000,5.000000000,-57.19,-44.45,-14.74,34.19,GAIN_ABOVE_+10_DB,READY
2601.mp3,eb7819b50733b7303b89c53543f01401386ef3a1bf645d459a6f8f23fbb8245a,48000,2,240000,5.000000000,-21.24,-7.71,-15.53,-1.76,,READY
2602.mp3,fde1b5209b55725f228506e8f7fe5a0d8998457f30dfd6b2838998bfe063c322,48000,2,240000,5.000000000,-33.45,-13.25,-22.20,10.45,GAIN_ABOVE_+10_DB,READY
2603.mp3,79fcec55aa975d5bcd0f14d925a606371aef7a978dc1cc3a91bc3cd5b0b15433,48000,2,240000,5.000000000,-29.70,-11.68,-20.02,6.70,,READY
2604.mp3,f63cbeaee0d4ee1fb834ded000596f7422b0b645b5c1d455ab8a65a55d2c4caa,48000,2,240000,5.000000000,-18.11,-4.54,-15.57,-4.89,,READY
2605.mp3,7d97cf9b086344157751bbddfe126acd63f82e06ee663d69632764e032c85bce,48000,2,240000,5.000000000,-44.30,-31.41,-14.89,21.30,GAIN_ABOVE_+10_DB,READY
2606.mp3,5753e9204848fc1e82f8ffb4ee79ed04b9b724c047bfa650ba44b6ecbb1f6110,48000,2,240000,5.000000000,-14.55,-0.99,-15.56,-8.45,,READY
2607.mp3,0d5aefadfd1c8224fa354cb8b89ccae20728beb91c0352d3ecb720ecc4fe2641,48000,2,240000,5.000000000,-36.37,-25.10,-13.27,13.37,GAIN_ABOVE_+10_DB,READY
2608.mp3,04ae71fec7ff7eab42d8c602de7c3703ea5a09c67505b5984aaaf67b1d3f6c83,48000,2,240000,5.000000000,-29.89,-15.43,-16.46,6.89,,READY
2609.mp3,7c38d109efb71e4c5569162625ad43f5268ac6c93b70116508758628115a991e,48000,2,240000,5.000000000,-34.58,-21.13,-15.45,11.58,GAIN_ABOVE_+10_DB,READY
2610.mp3,3209a1104db52d1d9521655ef487009f2389f13e655cf1170ab3c7d8d209b572,48000,2,240000,5.000000000,-28.72,-10.53,-20.19,5.72,,READY
2611.mp3,d040e20bf7c9758ea03b2c200f47616a82ff9e12be5e881070a92c239d6a18dd,48000,2,240000,5.000000000,-26.00,-10.81,-17.19,3.00,,READY
2612.mp3,af5975f5c49c4ce3a3478c0ecea9611be32de4f915399dbcb2653f26583305f4,48000,2,240000,5.000000000,-44.38,-33.69,-12.69,21.38,GAIN_ABOVE_+10_DB,READY
2613.mp3,84a624d3c68fa42ea52b955bc3e123c00b3b1e8245c7e34d657d849a2d17a551,48000,2,240000,5.000000000,-29.81,-12.49,-19.32,6.81,,READY
2614.mp3,26a8c86c4b794c6937aa44a4cb536583035bf1c7d05551d5c5054e146e7731fc,48000,2,240000,5.000000000,-22.62,-7.84,-16.78,-0.38,,READY
2615.mp3,69b7d88aa9f4b64cc71d9229603d78314769d0e86e03bff6a3a5a64be4e65036,48000,2,240000,5.000000000,-22.09,-10.62,-13.47,-0.91,,READY
2616.mp3,e355c71dcdcf8c87fd039822973e648298f59fd592436dfaad91c36c1fe733c5,48000,2,240000,5.000000000,-41.43,-27.51,-15.92,18.43,GAIN_ABOVE_+10_DB,READY
2617.mp3,cf0a135cf2e0f001c23172efbc71b76c76b388c4255951c213ba03cbf1cb651a,48000,2,240000,5.000000000,-23.09,-7.78,-17.31,0.09,,READY
2618.mp3,244a70454bf399d51f259480500957b8e6acc3e3ed04a7374609aec13c36cb46,48000,2,240000,5.000000000,-31.05,-16.93,-16.12,8.05,,READY
2619.mp3,050d314d3f1b96e26bfdd6a29f9db1e0efcba6c4e2f5a5b573ecac97eadb596c,48000,2,240000,5.000000000,-14.55,-5.00,-11.55,-8.45,,READY
2620.mp3,d6721252bb94ef5d193a4f0ee98c433058643a9fa81c0310ac09b6549831f80d,48000,2,240000,5.000000000,-21.93,-7.94,-15.99,-1.07,,READY
2621.mp3,7d973eba2f9c9307640636c0529341c64383565dcb10e01b5afa51faef3d912d,48000,2,240000,5.000000000,-21.62,-9.22,-14.40,-1.38,,READY
2622.mp3,b2497039f6583933448090a33918c6bc9dfb8f7b65b8f651e049263ce206a4e3,48000,2,240000,5.000000000,-38.53,-21.74,-18.79,15.53,GAIN_ABOVE_+10_DB,READY
2623.mp3,c6261771511fe3ee3fa3b7e1cbf0ef88f19fa2da3a797f94b625edf466a5b79d,44100,2,220500,5.000000000,-27.23,-13.03,-16.20,4.23,,READY
2624.mp3,8d95a0e994463a9c129acf343856e644bfb294b988dd292fc1a98f34e8cd0a5f,48000,2,240000,5.000000000,-22.35,-7.43,-16.92,-0.65,,READY
2625.mp3,9dfc93b2570498470ce6b1fcba2d2c9a59d892dcb4d24c0465d4cd34da22720e,48000,2,240000,5.000000000,-31.63,-18.93,-14.70,8.63,,READY
2626.mp3,226cdc4e26f1521ab0fddb0846ecefa3e535948364ff303d1ce058005f998ea0,48000,2,240000,5.000000000,-22.52,-14.59,-9.93,-0.48,,READY
2627.mp3,195443b56539bd0bb12ec209ddd29e1d262e9a94a7b2d40832576e2e632d2f26,48000,2,240000,5.000000000,-45.82,-32.98,-14.84,22.82,GAIN_ABOVE_+10_DB,READY
2628.mp3,834786030eb55a4c29b9cc37f67d4f735550b6e1efab4b4445246ada6fd405e2,48000,2,240000,5.000000000,-27.34,-18.32,-11.02,4.34,,READY
2629.mp3,4ff5b8bb1b947f6600934216944b728f20ea35bd2aa0a9c20d626249399d5e4e,48000,2,240000,5.000000000,-37.74,-19.34,-20.40,14.74,GAIN_ABOVE_+10_DB,READY
2630.mp3,d28c9d7b578d3f6d7d649b0889abde887defdd3da2182d92ea9f32724db808eb,48000,2,240000,5.000000000,-20.39,-3.94,-18.45,-2.61,,READY
2631.mp3,ac9b930c7783128f7a06e6d0a07be4dda905979cb208109e4649630f2b425bc9,48000,2,240000,5.000000000,-42.88,-30.49,-14.39,19.88,GAIN_ABOVE_+10_DB,READY
2632.mp3,aa0560065a2c16438f9ad256dd322c0c945bd040500b946d7e782c45dfb7692a,48000,2,240000,5.000000000,-13.48,-0.77,-14.71,-9.52,,READY
2633.mp3,c517f636e595284208b5d02c370036723317161011908bbc5cdf493bdc8a2140,44100,2,220500,5.000000000,-15.20,-0.13,-17.07,-7.80,,READY
2634.mp3,315ea09f9641e61ede17a4619ff7a1dcf4b2ac3fcd44bcd806336400d7b6be35,48000,2,240000,5.000000000,-28.79,-1.42,-29.37,5.79,,READY
2635.mp3,af56590ae489ac2a3bd28e744bfc691ebee4e8c0aa8c19c728e06376d9490bc2,48000,2,240000,5.000000000,-50.01,-28.45,-23.56,27.01,GAIN_ABOVE_+10_DB,READY
2636.mp3,516c3bfb654e34835d83650bf1054c07782f36863005d301ec7c4446776e2856,48000,2,240000,5.000000000,-24.47,-6.38,-20.09,1.47,,READY
2637.mp3,d04a42edbe8b7d7621290d96f11f22b2fc0b7182f3f0a8a0b33d8e33b6ff856a,48000,2,240000,5.000000000,-31.23,-17.60,-15.63,8.23,,READY
2638.mp3,ac821d29d62c2dfb026ffb33f13877ac1fc3d01712b3503a778171ac50fafddc,48000,2,240000,5.000000000,-47.52,-35.19,-14.33,24.52,GAIN_ABOVE_+10_DB,READY
2639.mp3,761e184ddfdc3e3a9d8f3a2121333d29eca4c63c3503d6ee18d491fb4643bb6a,48000,2,240000,5.000000000,-26.37,-5.98,-22.39,3.37,,READY
2640.mp3,e194edd7bd3f1ee1194415fb7a78edba19bf2c9df39f0482f89908947a125c00,48000,2,240000,5.000000000,-29.10,-12.20,-18.90,6.10,,READY
2641.mp3,328d404d56e9d0ed2762de357b851924a454543eaa54751140dca473174d6762,48000,2,240000,5.000000000,-19.13,-3.89,-17.24,-3.87,,READY
2642.mp3,20006c2fce3cbeb6f2ff89ce9c7be2869f570be737b0d2a99b359b9dfea7fa05,48000,2,240000,5.000000000,-27.65,-13.10,-16.55,4.65,,READY
2643.mp3,c839cb9e6e7c1442b367c7fb83b011d1364d2c6acbae6fa91b3ea9e9e4ae58e0,48000,2,240000,5.000000000,-38.25,-18.27,-21.98,15.25,GAIN_ABOVE_+10_DB,READY
2644.mp3,9acfbce652ecd3dc1584262115a8b4bf8bd7fa69f07c1e3d7652090cc2294474,48000,2,240000,5.000000000,-9.47,0.48,-11.95,-13.53,ATTENUATION_BELOW_-10_DB,READY
2645.mp3,4c2a39f5db0d48389f7be0683f01aa0c0545412207aa10c4c6db1acd4759b4ef,48000,2,240000,5.000000000,-16.87,-0.80,-18.07,-6.13,,READY
2646.mp3,9daa119c007add0d2435b0590fdcdb80041ffed2dcfabfea32098463d98217db,48000,2,240000,5.000000000,-29.20,-16.34,-14.86,6.20,,READY
2647.mp3,b52426895fea7ac009b2273bea96d8053c811052a94aecf95e8e732f87fc6e15,48000,2,240000,5.000000000,-18.98,-4.76,-16.22,-4.02,,READY
2648.mp3,65cab9b2db199eed9f9ea2c1ccf1e4c53b9ac01ff477347418ffc727a9953ebc,48000,2,240000,5.000000000,-31.04,-13.46,-19.58,8.04,,READY
2649.mp3,399fc9e407f8a77bbcc664d055f558de8e31470caac5d6fb52b585473cbdc9a6,48000,2,240000,5.000000000,-27.10,-10.36,-18.74,4.10,,READY
2650.mp3,6538de2d57b0bcfbe84415abb8f385b09cdaac3f51f6d4168b6b82934d96ea16,48000,2,240000,5.000000000,-34.63,-20.43,-16.20,11.63,GAIN_ABOVE_+10_DB,READY
2651.mp3,ef679ec75cb4a75c0b4f69cac45365f63554318afae66bd950370f9469e35ec5,48000,2,240000,5.000000000,-27.76,-4.03,-25.73,4.76,,READY
2652.mp3,12787f4161e02590b4166488b7a983ae9828a98098e6f9e8959496b25d9c6041,48000,2,240000,5.000000000,-26.17,-7.48,-20.69,3.17,,READY
2653.mp3,3f622e7a0a8672ee490d18e5833eba6453c20cd6ad870ca23780d8c8ea6ae262,44100,2,220500,5.000000000,-41.72,-26.70,-17.02,18.72,GAIN_ABOVE_+10_DB,READY
2654.mp3,8c167e1e95cfd4293c026f3ab3bf31ed4d94a7f6e88bf282a6674f1b763fefcd,48000,2,240000,5.000000000,-18.26,-4.35,-15.91,-4.74,,READY
2655.mp3,50f7e7af493ae33b2fd7953c1c87af18bcb331110b94ecdb8176cd326ed2e00b,48000,2,240000,5.000000000,-34.12,-20.19,-15.93,11.12,GAIN_ABOVE_+10_DB,READY
2656.mp3,49f01653b49c0272105c6d221b90eccbddb4265516c0ee2f6f1b9d77c06a602f,48000,2,240000,5.000000000,-23.23,-12.14,-13.09,0.23,,READY
2657.mp3,ab82e338ffaa69993221a6a7126c44583aa8f68005a2f314169cd39f08593e13,48000,2,240000,5.000000000,-12.30,-0.89,-13.41,-10.70,ATTENUATION_BELOW_-10_DB,READY
2658.mp3,dfdba4bd8c9f5b0eb7fab2502d7e40ff601d639676824b2babefb5df59c2e79c,48000,2,240000,5.000000000,-15.72,-3.39,-14.33,-7.28,,READY
2659.mp3,18a031c7d3b217fb85b1f89075f88adae28fbdeafb49e5dfa79c751b4f1d34fb,48000,2,240000,5.000000000,-14.86,-4.40,-12.46,-8.14,,READY
2660.mp3,1a1236173f860d7f777cdc8b68d71cbe909ee1b9f51fe44a9ea0a2e15aae575d,48000,2,240000,5.000000000,-38.75,-22.17,-18.58,15.75,GAIN_ABOVE_+10_DB,READY
2661.mp3,b0487e89db417de123684927ee7fb488a08bfc095c513d494e2fe965628097ed,48000,2,240000,5.000000000,-36.05,-20.98,-17.07,13.05,GAIN_ABOVE_+10_DB,READY
2662.mp3,53a3c4c6e72a68cb4b0f8254411de8b8de195ff45b42c9e638983f9a9f2b83eb,48000,2,240000,5.000000000,-24.48,-10.34,-16.14,1.48,,READY
2663.mp3,8357f71454c56712a486827a2532e06300d586bc4249dbc7e08066ee5ea6770d,48000,2,240000,5.000000000,-29.56,-17.05,-14.51,6.56,,READY
2664.mp3,422895b943bf6b976fc51eb8a6c8ccf784dbe759d3b4d7e2cb3b3cf733f6e95d,48000,2,240000,5.000000000,-33.40,-21.85,-13.55,10.40,GAIN_ABOVE_+10_DB,READY
2665.mp3,d13f27693245729c7f270a2a9705a8fad2469591b46d5c255e271a38a04b15f0,48000,2,240000,5.000000000,-6.93,0.54,-9.47,-16.07,ATTENUATION_BELOW_-10_DB,READY
2666.mp3,f4d5b897d25c1e76ee8c7760dc0b67a4bd07c8981d35f22f1c28af433f4ad025,48000,2,240000,5.000000000,-13.02,-2.13,-12.89,-9.98,,READY
2667.mp3,ef095d928fe15a1de97c5b581849d8deb2fd62f1251e087af802d0f64b42554d,44100,2,220500,5.000000000,-43.38,-23.45,-21.93,20.38,GAIN_ABOVE_+10_DB,READY
2668.mp3,1a6f1bc1342350e12861c071b336a4c19c785ef10c9f98bfe94701d39d095a39,48000,2,240000,5.000000000,-22.90,-8.30,-16.60,-0.10,,READY
2669.mp3,ce6a36766e0a6bc7c454eb3ad740f989a404dc24e143b7eec3334703bcf37b61,48000,2,240000,5.000000000,-29.75,-14.22,-17.53,6.75,,READY
2670.mp3,4aae29456c54263d7a6b84a8e2bafea4bf17fd41e1b8947f7c823ed38342670a,48000,2,240000,5.000000000,-50.44,-40.06,-12.38,27.44,GAIN_ABOVE_+10_DB,READY
2671.mp3,5b3472b190a496a6a6475fb7159e9f109a4189546173cdc71bb7f7e5363e638f,48000,2,240000,5.000000000,-13.09,-2.11,-12.98,-9.91,,READY
2672.mp3,de2bb70d15d6496ea9cd337f2e1855527334032edb4d632a0771e63fc3479832,48000,2,240000,5.000000000,-20.15,-8.71,-13.44,-2.85,,READY
2673.mp3,50c7bac3514febc27bc16f5423665f75afe0cee590016bc7002573bada499d1b,48000,2,240000,5.000000000,-19.08,-7.16,-13.92,-3.92,,READY
2674.mp3,91d7bc1b1e021a8e992930c810208f017c7810c7c30dce35ff26a68a1abed690,48000,2,240000,5.000000000,-20.34,-6.82,-15.52,-2.66,,READY
2675.mp3,9eb3f9cf97abe17d7b6107f73b3a6f36ea6ca18257c79af10c0f6f5d7303508e,48000,2,240000,5.000000000,-17.60,-6.63,-12.97,-5.40,,READY
2676.mp3,06819a5e50041fa68c7ab03aae9b360458b6fcf7087d9a4f696276592b67eb96,48000,2,240000,5.000000000,-13.76,-4.68,-11.08,-9.24,,READY
2677.mp3,a105fd7b0084ee0ae39296a8fe675c0c01f8e282ab147eb7118e29910e9f28b2,48000,2,240000,5.000000000,-27.03,-14.16,-14.87,4.03,,READY
2678.mp3,f2764939ed4c984350a35077c35a716b093674b000db94cbc8bff888fb402fe3,48000,2,240000,5.000000000,-20.61,-7.82,-14.79,-2.39,,READY
2679.mp3,78b5dbe36aba5c383b735051312cee98a23e60590ec7e5a0ce5fe7ed2fbe96a8,48000,2,240000,5.000000000,-25.45,-15.46,-11.99,2.45,,READY
2680.mp3,810ff1d0e998392c3eb2ac5842956a7659cb966b490d2126edbbaab2eac6660b,48000,2,240000,5.000000000,-14.89,-4.03,-12.86,-8.11,,READY
2681.mp3,66b0ec10dc73b754baf2d2c7258a433ddb061312a78a29f7c3520e995c385eeb,48000,2,240000,5.000000000,-29.79,-11.97,-19.82,6.79,,READY
2682.mp3,b81efde855ae7951ddc1d772885bcc6ba860e452ef8bd7690179babdba2cc5f6,48000,2,240000,5.000000000,-40.55,-2.28,-40.27,17.55,GAIN_ABOVE_+10_DB,READY
2683.mp3,4030ef4e2cc8fba4b2e7a923f4a58e7c47b9e2ec01bd12cd5500dad2fed6e3df,48000,2,240000,5.000000000,-55.44,-32.07,-25.37,32.44,GAIN_ABOVE_+10_DB,READY
2684.mp3,1546b77c3a96434f77d78b57067fd936852cd7849ccf31ca8c38a5d31bde02c5,48000,2,240000,5.000000000,-34.86,-20.42,-16.44,11.86,GAIN_ABOVE_+10_DB,READY
2685.mp3,dab2226eaa5f445a44e5fdb812411c9df45ff554a0921fbd9dfdd9e94d925e8c,48000,2,240000,5.000000000,-18.54,-6.71,-13.83,-4.46,,READY
2686.mp3,4e369bb75fc5516b8fc05d34f0844730359b12681583405007193dade3a5814c,48000,2,240000,5.000000000,-15.44,-1.67,-15.77,-7.56,,READY
2687.mp3,69a827766b750d2f54016425d3e7638a0ba80abb6147010ae9683a6ab8fe608d,48000,2,240000,5.000000000,-20.84,-4.96,-17.88,-2.16,,READY
2688.mp3,6bf841973605f38e4e26332b92050ed68d968afa3c3ddbaec1fd4bf7d85ec674,48000,2,240000,5.000000000,-15.47,-5.02,-12.45,-7.53,,READY
2689.mp3,ced6dc8b74712fbaca24c217155920385cd5906b1838eb7bf598a847bd0f1e64,48000,2,240000,5.000000000,-18.34,-5.38,-14.96,-4.66,,READY
2690.mp3,4660da7ec1d083b4750995eff4bf5a3093c66a6e6a9dd3fdfca26a302f3c41e0,48000,2,240000,5.000000000,-32.36,-14.38,-19.98,9.36,,READY
2691.mp3,dc36c94113ad3df668e05ec42db8416bc33ff4a9892fff94934f3b161a7dbf9a,48000,2,240000,5.000000000,-26.30,-14.41,-13.89,3.30,,READY
2692.mp3,d23a5686ea2e9bbe1ee02595103e83b31595a64109400e56d1cce7987a79ad8b,48000,2,240000,5.000000000,-21.90,-11.08,-12.82,-1.10,,READY
2693.mp3,b87001f56d0aa6798faa3a1d02f84838d8a83dd8fa731bfbad735df7383b6297,48000,2,240000,5.000000000,-35.31,-23.80,-13.51,12.31,GAIN_ABOVE_+10_DB,READY
2694.mp3,f0aca4e38c7ac04e87caa8023bf2ea20a1105a730ce9b8e419fb802af0ab48f9,48000,2,240000,5.000000000,-14.41,-3.88,-12.53,-8.59,,READY
2695.mp3,cd8925ed98ce9604c51034df4e851f5bc38b6fb8361ce733ba6e3ad3b92eea71,44100,2,220500,5.000000000,-31.91,-12.12,-21.79,8.91,,READY
2696.mp3,56099079756ed44ae4304f4c3bf9d3a25318e8b442ac7b3e7ed70168dc54d67f,48000,2,240000,5.000000000,-33.02,-21.38,-13.64,10.02,GAIN_ABOVE_+10_DB,READY
2697.mp3,5e78faf8960cd107ae187ccd66be6fdc82a6400da23ce9bdea03870fe77db6ca,48000,2,240000,5.000000000,-25.35,-10.63,-16.72,2.35,,READY
2698.mp3,35edfb691611b8cb0daca5d039e5cbbbf2ee0109195bc5cdc5f68462d78230b8,48000,2,240000,5.000000000,-14.98,-2.07,-14.91,-8.02,,READY
2699.mp3,2f6af46f0fb899ca622b3904f188b8f8d00f82a2a8c085d19f718ec33ef8f6b9,48000,2,240000,5.000000000,-13.97,-2.98,-12.99,-9.03,,READY
2700.mp3,44cd685c3fab7b8c476a6351aa01e016461a181b6e863b7c9c347ba670e51471,48000,2,240000,5.000000000,-24.36,-14.56,-11.80,1.36,,READY
2701.mp3,e1bbb5181512b2e8b8bf94c61be9a8860151062883feee3931aceead4e94ac69,48000,2,240000,5.000000000,-30.73,-19.98,-12.75,7.73,,READY
2702.mp3,38039dc907f81e050c2b486b3a45fcda36c4cfd12d59e031096cee77be7887fe,48000,2,240000,5.000000000,-13.22,-4.39,-10.83,-9.78,,READY
2703.mp3,f83c0f257173c57142f05b7475c33498be8b73f7b28429093dcfe46c509bb341,48000,2,240000,5.000000000,-21.58,-10.52,-13.06,-1.42,,READY
2704.mp3,eaf52db9edc10b600b5c2d23de7870f39b500db85add4966e626b60fd4e21884,48000,2,240000,5.000000000,-23.01,-12.49,-12.52,0.01,,READY
2705.mp3,c2263bd30a1d3ba759f6f232223f8ce746aa82059dc62cae1d3e81b3db584330,48000,2,240000,5.000000000,-68.28,-53.64,-16.64,45.28,GAIN_ABOVE_+10_DB,READY
2706.mp3,ccfce981cf468806e4341140feb89abd2aac64f30af5717774ba194af36db552,44100,2,220500,5.000000000,-31.81,-19.10,-14.71,8.81,,READY
2707.mp3,18b3d7b644e039c9fef05312850e362315152c373c3a9e7a39b2ad5a1442b57c,48000,2,240000,5.000000000,-23.86,-8.66,-17.20,0.86,,READY
2708.mp3,2b9375ce79e64854ccd3f281cb0de8a4626dfdb837ebe6686b31fc9ceb44e372,48000,2,240000,5.000000000,-38.27,-20.75,-19.52,15.27,GAIN_ABOVE_+10_DB,READY
2709.mp3,381a022d935bd699abac1b10deff8134b9995b94a2100e3a8dc4066d312b41d3,48000,2,240000,5.000000000,-21.98,-8.35,-15.63,-1.02,,READY
2710.mp3,525a2e3fea144e98b21f3fd264dd49cb0abdbe0ac9b404072581f18625f8d35f,48000,2,240000,5.000000000,-22.55,-11.30,-13.25,-0.45,,READY
2711.mp3,a7f5e846429a12f4f1a1729c71eba810c592b731c6b21a6437fd510d240a9b88,48000,2,240000,5.000000000,-18.77,0.29,-21.06,-4.23,,READY
2712.mp3,4831ad80302ee36564a8157816d4860967d4991f740d9e09b09def00773d312b,48000,2,240000,5.000000000,-18.83,-6.00,-14.83,-4.17,,READY
2713.mp3,45e4fcc9a7cab1ccc8d7f0c0ba98f6ccea119a4294cdc1e6d12d560efd79b6f4,48000,2,240000,5.000000000,-18.52,-6.40,-14.12,-4.48,,READY
2714.mp3,6314c077ed44f3b19a1c65a0459869753e9f67c809cdd9c137e4149e6855fc9e,48000,2,240000,5.000000000,-14.43,-0.32,-16.11,-8.57,,READY
2715.mp3,38d27dcbd2075240025845598246174381ba528c710bce267670ae1cf099664d,48000,2,240000,5.000000000,-41.19,-32.00,-11.19,18.19,GAIN_ABOVE_+10_DB,READY
2716.mp3,66fa8d3ba3a3ccfab03219f014df321cdfc701708b3764e05815efdccaf6654d,48000,2,240000,5.000000000,-21.63,-10.52,-13.11,-1.37,,READY
2717.mp3,6e78aa23d88dd246997ad8f9fd93dc2645548ffe0b87153b13d5a2815b3c4588,48000,2,240000,5.000000000,-23.47,-14.93,-10.54,0.47,,READY
2718.mp3,2f75cac12e7a60ae0458fc2d6d0539fbcb1942694ad22658ff7565e1f4d2f325,48000,2,240000,5.000000000,-27.44,-20.75,-8.69,4.44,,READY
2719.mp3,461748c0cc7c180ff352a25c5ecace3348c619f573c318bcbbf0309fe8284ead,48000,2,240000,5.000000000,-44.88,-33.85,-13.03,21.88,GAIN_ABOVE_+10_DB,READY
2720.mp3,0d1c9c1376a3406c9e1459bd70639a3011bf2d34b20cd07f769cc2e63668de8d,48000,2,240000,5.000000000,-10.36,1.52,-13.88,-12.64,ATTENUATION_BELOW_-10_DB,READY
2721.mp3,61853ce4deea8afe43c6d4a700729c166b030da477c36bc5bd7edefb97d98b42,48000,2,240000,5.000000000,-51.07,-42.01,-11.06,28.07,GAIN_ABOVE_+10_DB,READY
2722.mp3,60407d054b555367c39457c7dc237fd02fe17c3a40dc9a44cf74aa84b7124896,44100,1,220500,5.000000000,-35.61,-22.93,-14.68,12.61,GAIN_ABOVE_+10_DB,READY
2723.mp3,6f157a6fb966ffb8f2fd93e75e0833b6cc0e17abe0528f8541e389192620491a,48000,2,240000,5.000000000,-28.27,-14.86,-15.41,5.27,,READY
2724.mp3,1e5c63d1382f980f7119c63925e9bbfc3f50c1346ad82727e25ae93e6d87040e,48000,2,240000,5.000000000,-24.65,-8.18,-18.47,1.65,,READY
2725.mp3,8ea9ff6f976176025427d9eb539ec5bdd7b190eaef056186ea924f0f7be63c2d,48000,2,240000,5.000000000,-18.43,-6.68,-13.75,-4.57,,READY
2726.mp3,aeb19fa68dac43df7d55bfd69602c1e0e003c2fbbc1cbc0d2d42540884aa409a,48000,2,240000,5.000000000,-30.53,-14.36,-18.17,7.53,,READY
2727.mp3,2168ce5299c047de208b5e068e1751ed78a55c9fc48c37715d48fa057d11ef01,48000,2,240000,5.000000000,-32.37,-7.55,-26.82,9.37,,READY
2728.mp3,6f6f0526fa3ceed717b17888ed196048d860fac493cde60131595623ae9a7bb9,48000,2,240000,5.000000000,-32.35,-14.79,-19.56,9.35,,READY
2729.mp3,1cde032e83deb7d03a542eb7830a38387e16a1dc57a740ac309f5323a5445b22,48000,2,240000,5.000000000,-31.73,-15.00,-18.73,8.73,,READY
2730.mp3,33cb9c2ddffa82d35b293453a5bf71bd66b41ff4967744c7aab5d6d7df214e71,48000,2,240000,5.000000000,-15.54,-3.84,-13.70,-7.46,,READY
2731.mp3,a4a05b5ed36003a2d0b32d4190d796d28959600ed4514b54d4d75e52495dc922,48000,2,240000,5.000000000,-8.35,0.28,-10.63,-14.65,ATTENUATION_BELOW_-10_DB,READY
2732.mp3,8874b40a64aaf006c6d89c016eb1ca9adf0dbaf589878010ace108887727ae74,48000,2,240000,5.000000000,-25.86,-15.01,-12.85,2.86,,READY
2733.mp3,31194c5085e538e303e9a17b4ffa85dfdd029738b7ee00d755802b3d0cfa7cac,48000,2,240000,5.000000000,-24.35,-11.40,-14.95,1.35,,READY
2734.mp3,eef854583a573cb6cdf054c6f770c1eb73b273a35945b504ebbfed42cf9aa335,48000,2,240000,5.000000000,-31.66,-18.70,-14.96,8.66,,READY
2735.mp3,577e54d911a44d15d75d46f00f17dd0b0f3779b7df6a3841b39555fdbeae98d7,48000,2,240000,5.000000000,-34.35,-21.58,-14.77,11.35,GAIN_ABOVE_+10_DB,READY
2736.mp3,ee1993db514e68495244eb2494ca305374a61d569d3ea3fe9f3d78e822e989a7,48000,2,240000,5.000000000,-43.96,-30.09,-15.87,20.96,GAIN_ABOVE_+10_DB,READY
2737.mp3,a466bac1ffaea49e154a3c3bfa4a13872c9314afe4d8f1be49349116c1d8c845,48000,2,240000,5.000000000,-24.52,-10.56,-15.96,1.52,,READY
2738.mp3,81e31f57d0d93b903483e397188ee7faeb6ce871d0f36cc2e647501f6a76f711,48000,2,240000,5.000000000,-16.38,-5.31,-13.07,-6.62,,READY
2739.mp3,c52412d762c1797802cb0d5d70c8b310644bae16c7b9286f5ecf977fc9427927,44100,2,220500,5.000000000,-44.70,-32.91,-13.79,21.70,GAIN_ABOVE_+10_DB,READY
2740.mp3,a8c86bdb6056b5f3704ad9a91291fe0456fc87dfc9e61477f638f57b6c8d246c,48000,2,240000,5.000000000,-20.29,-10.83,-11.46,-2.71,,READY
2741.mp3,c438dbb22ec76bf2069fe90555ef0aa67937c85f7013010396e1b94082219b8f,48000,2,240000,5.000000000,-37.54,-26.49,-13.05,14.54,GAIN_ABOVE_+10_DB,READY
2742.mp3,0ea491cb5bc61970599c9c832a7d4ea7b5edfb6629ec9738886b210ee57ff8ed,48000,2,240000,5.000000000,-34.93,-24.17,-12.76,11.93,GAIN_ABOVE_+10_DB,READY
2743.mp3,bb93b54b4e3bdd15a32fbc69e1f625272bce23fcc1e8f4ea8b5e6e9f47683351,48000,2,240000,5.000000000,-31.99,-16.83,-17.16,8.99,,READY
2744.mp3,2bcba7a48656a506b71dc618f79d39ae2b29495a9d70153d7d840686d0d957db,48000,2,240000,5.000000000,-40.69,-26.99,-15.70,17.69,GAIN_ABOVE_+10_DB,READY
2745.mp3,3f3c5d0de47d0353d70f0646fc85c4e63b2b1d306058c8c23844b557fa9c1331,48000,2,240000,5.000000000,-37.61,-29.25,-10.36,14.61,GAIN_ABOVE_+10_DB,READY
2746.mp3,8458d7c0929ad9533ab6c992882690de649fe0f8f5e4c5eef5a3afee84cd5113,48000,2,240000,5.000000000,-45.46,-40.00,-7.46,22.46,GAIN_ABOVE_+10_DB,READY
2747.mp3,0d1f4a052369f41e0e30fed58bda75e15fb6fec5d17c7db84db4f1e76d0b255d,48000,2,240000,5.000000000,-11.96,-3.22,-10.74,-11.04,ATTENUATION_BELOW_-10_DB,READY
2748.mp3,009f0fc109edcc3038d08ce72f998bc58a2cb80e61cc8e102789035edfd7f413,48000,2,240000,5.000000000,-32.24,-21.73,-12.51,9.24,,READY
2749.mp3,639c4a0b8c84cdcd835b229a2bb13dfa4c024af57dab70df10493935ea74cd4a,48000,2,240000,5.000000000,-36.86,-19.44,-19.42,13.86,GAIN_ABOVE_+10_DB,READY
2750.mp3,c6d7ebb54544a8e27be2943482b545ec9d9020e80c5a7b558eeb414cca2c1dfb,48000,2,240000,5.000000000,-28.21,-18.84,-11.37,5.21,,READY
2751.mp3,19b010d980f8c00abf9d78447e21f99027232b57a787b95f34e4f8eb3d22d276,44100,2,220500,5.000000000,-29.94,-14.92,-17.02,6.94,,READY
2752.mp3,09f0dea810034ae8a9937513b48b46f7e89548c8e563095fea43b84aea58bd57,48000,2,240000,5.000000000,-35.04,-15.88,-21.16,12.04,GAIN_ABOVE_+10_DB,READY
2753.mp3,2e4ac9d3dbabd33ed2a16ba8fa52b1a3708a276cf075f18a06ce150de64df95b,48000,2,240000,5.000000000,-47.28,-39.88,-9.40,24.28,GAIN_ABOVE_+10_DB,READY
2754.mp3,38c5b36bc11ee929ac7b1963fe04fcc3be675181e107c75dc159f00c77a3536d,48000,2,240000,5.000000000,-28.83,-17.24,-13.59,5.83,,READY
2755.mp3,23ea61b021a8ad77e1b4b38399758093c6f13135c60baa074a880f78a4e2a272,48000,2,240000,5.000000000,-38.80,-24.66,-16.14,15.80,GAIN_ABOVE_+10_DB,READY
2756.mp3,8d461656d11bdcb5a32237243502a42f9884dba30107a719e498cc15ad6d8f2d,48000,2,240000,5.000000000,-44.82,-32.24,-14.58,21.82,GAIN_ABOVE_+10_DB,READY
2757.mp3,6961f5aa82e300df02a2763a26cb780945b9ab36e150293e8b5fc9592322f5ec,48000,2,240000,5.000000000,-20.16,-7.82,-14.34,-2.84,,READY
2758.mp3,3036e411e14ea9f60bc898b831b57b6898aeb45f1a2e8c1bdfe1b29f5fc26384,48000,2,240000,5.000000000,-41.59,-32.38,-11.21,18.59,GAIN_ABOVE_+10_DB,READY
2759.mp3,8197d575c3bd2a78b5c83568d02591531d1881cf7b659a862ad1d5fa05f5bdb3,48000,2,240000,5.000000000,-40.51,-29.93,-12.58,17.51,GAIN_ABOVE_+10_DB,READY
2760.mp3,c97b15e5f490a51269522538f16e208da1c913224dd0aaf4d3731ed676bdc4af,48000,2,240000,5.000000000,-19.73,-8.75,-12.98,-3.27,,READY
2761.mp3,bf4feafd43e6ae9880d7e162f49f632014793a7fb158bcedd55d38d308f02928,48000,2,240000,5.000000000,-31.54,-14.97,-18.57,8.54,,READY
2762.mp3,0a417d87382f0cd212cffdaf5c394d5b4076718e2d881159d4ebc09505463aa2,48000,2,240000,5.000000000,-38.43,-22.80,-17.63,15.43,GAIN_ABOVE_+10_DB,READY
2763.mp3,bd2389310562b6a7750b4981c3768c7b92ed36f6658d48c23c1f776aff93f6e3,48000,2,240000,5.000000000,-45.27,-31.05,-16.22,22.27,GAIN_ABOVE_+10_DB,READY
2764.mp3,09df9fc8b670ca33214f777b659fee3a5f79f540e072ed1c9795a1c7cf476375,48000,2,240000,5.000000000,-42.16,-29.31,-14.85,19.16,GAIN_ABOVE_+10_DB,READY
2765.mp3,67b55b238438201e1c7e9de50136734ecf648ec606801905bf8c46e7df65763b,48000,2,240000,5.000000000,-34.61,-15.83,-20.78,11.61,GAIN_ABOVE_+10_DB,READY
2766.mp3,b7212ac68d4ee444875fe4fbf0dea1255a3d6318f70e5e36014889a96f87472c,48000,2,240000,5.000000000,-31.47,-15.89,-17.58,8.47,,READY
2767.mp3,5c4a32d4697f0623cb6360f3f25180ddb7999f7b4eb6b54ad9dc91cd76f74989,48000,2,240000,5.000000000,-33.09,-24.43,-10.66,10.09,GAIN_ABOVE_+10_DB,READY
2768.mp3,18d0919a88bf327e7802043e5993ec4c20dc270fc8ca0c385d2a7e6ead22a288,48000,2,240000,5.000000000,-43.86,-25.79,-20.07,20.86,GAIN_ABOVE_+10_DB,READY
2769.mp3,ebcee7b0553d00b04dc31ab748756a8eb54e7118ca32abacbf0aa0203783d77a,48000,2,240000,5.000000000,-29.91,-17.43,-14.48,6.91,,READY
2770.mp3,ff1e14f580bd9ac9c4d73a7c3c4f3d2f7ce96a9ddfbd707ca723155d382873c8,48000,2,240000,5.000000000,-28.53,-11.51,-19.02,5.53,,READY
2771.mp3,c896804c60383e449945d0382fbe3eb1520f55ad0b7d6db0678e03a1a237bbdb,48000,2,240000,5.000000000,-9.01,1.14,-12.15,-13.99,ATTENUATION_BELOW_-10_DB,READY
2772.mp3,ee722712fbd81aee91bbad3b80c882f4088af11f5eb396d48f0ffbed7e2e6876,48000,2,240000,5.000000000,-13.81,-2.23,-13.58,-9.19,,READY
2773.mp3,a5cad5ca0f123df12e2cb060a719e833056434eb5603a6347876116c0aa14235,48000,2,240000,5.000000000,-20.49,-8.04,-14.45,-2.51,,READY
2774.mp3,e39e74aca23cdf77cde780a59ad2f4ee7b84b9f3fb15aff6a594170f1e45373f,48000,2,240000,5.000000000,-32.53,-22.53,-12.00,9.53,,READY
2775.mp3,a7637e04a8b315670adf5fbc563e7398ed8a104ad8e5010e2eec28079c9ad383,48000,2,240000,5.000000000,-50.96,-40.42,-12.54,27.96,GAIN_ABOVE_+10_DB,READY
2776.mp3,502709b560753e70a0864cea24c1f86a93d9780b48697cb6e88eee04bd48b0a5,48000,2,240000,5.000000000,-17.30,-4.02,-15.28,-5.70,,READY
2777.mp3,1268d976350e3d71fef259b621c6e6c59a42507d19f300b8099d578cc70ef714,48000,2,240000,5.000000000,-29.86,-17.55,-14.31,6.86,,READY
2778.mp3,43670557f9c0860e736ec144159e21416168090697b4fd3c09e53939332f0e0e,48000,2,240000,5.000000000,-27.15,-11.42,-17.73,4.15,,READY
2779.mp3,70a14372067fdeb97a5a0998471a39c5d8046d1f28469b986f32c2d63c16814f,48000,2,240000,5.000000000,-28.84,-16.04,-14.80,5.84,,READY
2780.mp3,f6377895ef4fcca9acf006e6ea8778ee0127be21e51268ca60ea8fc188b10954,48000,2,240000,5.000000000,-30.17,-15.38,-16.79,7.17,,READY
2781.mp3,5c29a98f6ad0a13d258cc27c6905e7b30f3998d7e5243197e5a95654bb80cb70,48000,2,240000,5.000000000,-22.65,-7.27,-17.38,-0.35,,READY
2782.mp3,7724f29d56a5839d7e105eb52895df93c5390bde220e16dcb4bb5d695a754cb1,48000,2,240000,5.000000000,-27.37,-15.14,-14.23,4.37,,READY
2783.mp3,5250fa6f38625a6d29f24d2ac42914012db389fa8fb0d2c1bf44282880b966ce,48000,2,240000,5.000000000,-20.48,-7.90,-14.58,-2.52,,READY
2784.mp3,1aaab2ce4a76453b816c1153d3567ddec9d45b40e00d877da6002dc75cd3c899,48000,2,240000,5.000000000,-20.00,-8.04,-13.96,-3.00,,READY
2785.mp3,a6bc0aea16621b096255e6babf8992afefee8e07ecf81fd43e6f40138e798d77,48000,2,240000,5.000000000,-15.10,-3.53,-13.57,-7.90,,READY
2786.mp3,8a5ecb4b815d7038cd070579775d0ab0d1d1429bfa523d3092abb9e096f60f89,48000,2,240000,5.000000000,-17.80,-3.37,-16.43,-5.20,,READY
2787.mp3,af9c6ff52ebaa3bbdab28f3509b1fd512b8894ae962d4c03ab8d8ddc2caef9a3,48000,2,240000,5.000000000,-25.46,-11.31,-16.15,2.46,,READY
2788.mp3,a318fdfe247db10f1f39ae24ea7d6013bfaac58f2ea6d405f909ebc1390895c8,48000,2,240000,5.000000000,-18.81,-3.53,-17.28,-4.19,,READY
2789.mp3,d9a6e8beda0864d32fca0030430e741f8b3e5ede9e93570990964a45ea9d8ff7,48000,2,240000,5.000000000,-18.41,-7.17,-13.24,-4.59,,READY
2790.mp3,2e56349ab7ff13c70aef9d7a1229db25852516506a093e36b0e969cc9ef008da,48000,2,240000,5.000000000,-20.42,-5.20,-17.22,-2.58,,READY
2791.mp3,758577eabaa66437d2808d76e5b59523ee36fc7153359a493902fd7dc17bb988,48000,2,240000,5.000000000,-27.78,-15.48,-14.30,4.78,,READY
2792.mp3,1670021ecb76308a0b4b49209bc989268f9b552e5761f06c79d49121ba310fb8,48000,2,240000,5.000000000,-35.51,-26.42,-11.09,12.51,GAIN_ABOVE_+10_DB,READY
2793.mp3,b30ba19df9a510c4c20b7927b1a70742c4ee9c562059b901194a6f65ec0a9444,48000,2,240000,5.000000000,-25.37,-10.41,-16.96,2.37,,READY
2794.mp3,152baa33db0873b69e6b021bddecfe0d4ae76f0d76796edcebd2c78e0cffb928,48000,2,240000,5.000000000,-36.23,-23.68,-14.55,13.23,GAIN_ABOVE_+10_DB,READY
2795.mp3,923b6df3d43bb49da58e29e3c3cf62103234be858f70e3fc7c7c4c2c898328f0,44100,2,220500,5.000000000,-31.41,-19.00,-14.41,8.41,,READY
2796.mp3,f725c945402ace0d792dbd0b0cabf418947ca8df4746a0c5599e90a7c7063036,48000,2,240000,5.000000000,-28.64,-12.43,-18.21,5.64,,READY
2797.mp3,3aa6738239576c4b2f4256d131db5973260254580c3041f11100d7e078b6fe13,48000,2,240000,5.000000000,-29.04,-16.39,-14.65,6.04,,READY
2798.mp3,0243e73a56f428d926366920b66fd356cdd0989408a693243d7d30aef6c84c8b,48000,2,240000,5.000000000,-38.94,-27.74,-13.20,15.94,GAIN_ABOVE_+10_DB,READY
2799.mp3,eb4325a0f5879e7aa922af8a86acb429d745f713fa4c0b7a19d07e797699adff,48000,2,240000,5.000000000,-25.40,-12.45,-14.95,2.40,,READY
2800.mp3,1e5eed6213ab69b27fa295b7ed3c63c6f7e50070d1de1bece2cdd299b17a132e,48000,2,240000,5.000000000,-17.92,-9.28,-10.64,-5.08,,READY
2801.mp3,772a898f9ca7d2e8e8ed64391b6001c90d250373576b4f711843da33bbb347b1,48000,2,240000,5.000000000,-21.36,-9.19,-14.17,-1.64,,READY
2802.mp3,5b0fba5a74f9349a1de4b7de1637b8d2c7d6109db5f0142fcaa63f17fd2aa835,48000,2,240000,5.000000000,-24.94,-7.68,-19.26,1.94,,READY
2803.mp3,02802333d8af201e4ae7be0573dcfa25abe2e1a138fc67f7f88f19427971f579,48000,2,240000,5.000000000,-21.96,-10.35,-13.61,-1.04,,READY
2804.mp3,8566792ee2e49a91747956de7b11a2dab7d38792f9e3504318a1f64c0c3183f6,44100,2,220500,5.000000000,-38.86,-25.42,-15.44,15.86,GAIN_ABOVE_+10_DB,READY
2805.mp3,2d14fd3ba9b67157b97381f50b7362db25e2e266587875c97714ab0afe48973d,48000,2,240000,5.000000000,-21.35,-9.53,-13.82,-1.65,,READY
2806.mp3,2bbb83b6448f611a831f10141376c525b89ac575e08be68491acda51099d8224,48000,2,240000,5.000000000,-26.66,-11.64,-17.02,3.66,,READY
2807.mp3,009e5adc59cb66451d5c442c58b91daf204167c894f9f6837aa80f0f4880113b,48000,2,240000,5.000000000,-15.02,-2.19,-14.83,-7.98,,READY
2808.mp3,f665347ea5b6819a26af3632b74f9ea39ed3b7477bdf033e8117efed2f6b1e3c,48000,2,240000,5.000000000,-20.89,-6.40,-16.49,-2.11,,READY
2809.mp3,eac44b5776d4b967f96b9adb731613c5221c03373d4b7c0e242eb04dd8a7830c,48000,2,240000,5.000000000,-40.75,-29.52,-13.23,17.75,GAIN_ABOVE_+10_DB,READY
2810.mp3,0a8f013e2e31dd3c1a56a37ce76b480fad5a8b057e43d8f37c11dd0417ab51ef,48000,2,240000,5.000000000,-25.46,-12.37,-15.09,2.46,,READY
2811.mp3,8bdcce7547cce954c8196b702370a96ae59ed0f259e5844525641fee86b97b9f,48000,2,240000,5.000000000,-17.93,-6.85,-13.08,-5.07,,READY
2812.mp3,f02b0a91e9c6650a4bcadca5e0d8ef4c6c8ab005e3cdd84fb860245d36c80c4e,48000,2,240000,5.000000000,-34.43,-22.65,-13.78,11.43,GAIN_ABOVE_+10_DB,READY
2813.mp3,fee0312000996bbd137b5aa9426d8b1138ca78794d90763abd1b113f558632f4,48000,2,240000,5.000000000,-32.10,-19.48,-14.62,9.10,,READY
2814.mp3,cf12c69fcf02041bdcacddc946ae0b49fbaca5c220a69cb3c84d316fad8aca85,48000,2,240000,5.000000000,-24.41,-9.49,-16.92,1.41,,READY
2815.mp3,cc01509deb8926d17bc140b13314acaca9ee0bbe01c3a88242cc35c64145ef94,48000,2,240000,5.000000000,-29.66,-18.66,-13.00,6.66,,READY
2816.mp3,5ce30c21490e84f6f6d28dc1454a92d14d2d97a784740f44ec62597a544f8f0c,48000,2,240000,5.000000000,-42.36,-30.68,-13.68,19.36,GAIN_ABOVE_+10_DB,READY
2817.mp3,f68e785eac5ae82d22ea377adcef40d0b608feef43ac8292a6b661c5f8a52798,48000,2,240000,5.000000000,-35.85,-23.31,-14.54,12.85,GAIN_ABOVE_+10_DB,READY
2818.mp3,f83bccb47c25fa4474beff513f32ec9d401a72f1cc8a181cdcb03b3fcb56a783,48000,2,240000,5.000000000,-14.27,-5.11,-11.16,-8.73,,READY
2819.mp3,4c998339307256c7bccb510073bfe59cdd6834f17e9ef4d653ad0ecee88f071f,44100,2,220500,5.000000000,-19.70,-5.41,-16.29,-3.30,,READY
2820.mp3,e7c2f1089e0c2daa7fa9a5e3971e312ef39a09b47ca4dfed59d36c76f6c3df37,48000,2,240000,5.000000000,-20.64,-7.88,-14.76,-2.36,,READY
2821.mp3,0317ee4296e365e395684babfccc241b30c91665ab909550f2e9bf6586bdba82,44100,2,220500,5.000000000,-17.37,-10.12,-9.25,-5.63,,READY
2822.mp3,8652c44562446f5d9824769ca878cfaf371690d4712d1a890426a829b2bc39f9,48000,2,240000,5.000000000,-26.59,-9.45,-19.14,3.59,,READY
2823.mp3,acff16f1c33e0abe3d1b4c170e8cb99a0e7d3b2559d100db40ca804cedaf23c7,48000,2,240000,5.000000000,-30.59,-13.64,-18.95,7.59,,READY
2824.mp3,4039d659be3ffd13bb6ee0d52a24072b1e439760a4a42e0632eaebc398470833,48000,2,240000,5.000000000,-55.50,-41.04,-16.46,32.50,GAIN_ABOVE_+10_DB,READY
2825.mp3,24702c1d8c2f211988d6d58ee1a5ca91e451c03f7099e85bb097aef1eae57f61,48000,2,240000,5.000000000,-36.68,-24.82,-13.86,13.68,GAIN_ABOVE_+10_DB,READY
2826.mp3,3ca120827d3e8b7e31f4c52686aced1afeac27b1aa047c7068a4cfc30ab4e630,48000,2,240000,5.000000000,-9.46,-1.20,-10.26,-13.54,ATTENUATION_BELOW_-10_DB,READY
2827.mp3,08c5429ceeaace81c84628317c5a799029376f3914a3d33941c6b43d3e6ba793,48000,2,240000,5.000000000,-46.53,-32.23,-16.30,23.53,GAIN_ABOVE_+10_DB,READY
2828.mp3,f64b5ae7cc6c87cd65fe6a3d07c7ce51ce838310f62fdbcf510b6787a8a3a8d4,48000,2,240000,5.000000000,-39.71,-24.81,-16.90,16.71,GAIN_ABOVE_+10_DB,READY
2829.mp3,5a18143cf2de049784058a274eb1412a193997142e70c43447102a0d1c21f4db,48000,2,240000,5.000000000,-30.85,-14.78,-18.07,7.85,,READY
2830.mp3,cef085a63651b3f08f7ba4c8978ce725b53cf77fd77b6cdc4f0744dae3528067,48000,2,240000,5.000000000,-50.53,-36.05,-16.48,27.53,GAIN_ABOVE_+10_DB,READY
2831.mp3,625c8818aefdff39fbf8e6ea54d524df784ff6ca49f9863d47a4f28bc7a937d2,48000,2,240000,5.000000000,-22.06,-6.47,-17.59,-0.94,,READY
2832.mp3,3f14c3240a05bc9f0c48cf539d46e9d2e9c3002e4ec529d54de66424faa8455a,48000,2,240000,5.000000000,-23.35,-13.30,-12.05,0.35,,READY
2833.mp3,99d83448597dee01ebb477c4e8211d01c05e55cd0e5718e25fbcb2d0c592df4e,48000,2,240000,5.000000000,-26.57,-13.69,-14.88,3.57,,READY
2834.mp3,4ae966c025d1f2715da9157c0e8595b26e3941d9e9f9eba61ee33f83dbb41bc8,48000,2,240000,5.000000000,-33.28,-17.97,-17.31,10.28,GAIN_ABOVE_+10_DB,READY
2835.mp3,947f475bc703f86a53862383fd41974f649cb23c4bbd1255a4375d29f43a45bf,48000,2,240000,5.000000000,-12.88,-2.17,-12.71,-10.12,ATTENUATION_BELOW_-10_DB,READY
2836.mp3,da2397c496f9fea6142f03f7accfc5d3e829462971142b30e2a29b5cefe77a4c,44100,2,220500,5.000000000,-27.77,-16.61,-13.16,4.77,,READY
2837.mp3,a21f808a7fd257e6522841e156a26636e0a8f6b54a92269984147bda6f24c34c,44100,2,220500,5.000000000,-33.07,-6.82,-28.25,10.07,GAIN_ABOVE_+10_DB,READY
2838.mp3,b2e57899dbc481172048f1b3d82993715db6bcda5e340d02cdc5ebee17dc0bcd,48000,2,240000,5.000000000,-21.60,-10.75,-12.85,-1.40,,READY
2839.mp3,3602e2a37c83c7bbae662362c957361dd70119193c6855be28893ac9ef0427f5,48000,2,240000,5.000000000,-51.56,-39.84,-13.72,28.56,GAIN_ABOVE_+10_DB,READY
2840.mp3,f751fd0c58fe8006040cf182cc5d7ade864fa384675d603e5af90bbeaabb0176,48000,2,240000,5.000000000,-26.92,-17.79,-11.13,3.92,,READY
2841.mp3,d0ed88a89bc21020f5ad451997a11a86c72b9aa38ffe7ede1728533706e7488c,48000,2,240000,5.000000000,-10.32,-1.76,-10.56,-12.68,ATTENUATION_BELOW_-10_DB,READY
2842.mp3,f450d90cce215f36c7e0256fc408d697f4e03fa3a3f337dd0436cf1aa717dbae,48000,2,240000,5.000000000,-35.74,-19.49,-18.25,12.74,GAIN_ABOVE_+10_DB,READY
2843.mp3,a939fb91bdfd138272f86dbc25cb345d33c05c850cd76851202f5a445a5d942b,48000,2,240000,5.000000000,-43.90,-30.84,-15.06,20.90,GAIN_ABOVE_+10_DB,READY
2844.mp3,ba6661ac42ef41c6a2093af7ce7350d367e2e826938863923e9fcedfc867a028,44100,2,220500,5.000000000,-51.04,-41.15,-11.89,28.04,GAIN_ABOVE_+10_DB,READY
2845.mp3,fed1d25d215a48bf5e442088718450e2f73169542de78f51176730908be58a69,48000,2,240000,5.000000000,-12.92,-3.78,-11.14,-10.08,ATTENUATION_BELOW_-10_DB,READY
2846.mp3,04c5a90ab32506cbbb11fa4c1fc7a2c5f2c8a2b277d42ed6a7a411e404fabfc8,48000,2,240000,5.000000000,-22.97,-5.87,-19.10,-0.03,,READY
2847.mp3,17f1bebdbb1e2e0b383a5ad6fba11285142e75d2aad1312ab767a3bc73b8ba61,48000,2,240000,5.000000000,-19.85,-7.51,-14.34,-3.15,,READY
2848.mp3,e1373b539eac5b70def60d6ad155d514b764a6b7f3e55a809d8f2dcab7aa8e97,48000,2,240000,5.000000000,-12.56,-0.93,-13.63,-10.44,ATTENUATION_BELOW_-10_DB,READY
2849.mp3,aacde8ab28868136cd90e333ddd29555bad446094d902024945401a0cc8a9356,48000,2,240000,5.000000000,-31.95,-13.40,-20.55,8.95,,READY
2850.mp3,cace369997b66bb7cfeef6b7a846d56730448e8e57914f414f4cde8f0c6c5e57,48000,2,240000,5.000000000,-16.43,-1.24,-17.19,-6.57,,READY
2851.mp3,999f843cec4542a772dc83a830f3fe81bb6ca8ebcb5f34b9f4cdc04dec4ed415,48000,2,240000,5.000000000,-23.94,-9.47,-16.47,0.94,,READY
2852.mp3,70249927694e2ec1561eb16a2f63f24889f591a158fab32907064a7fa7a26df5,48000,2,240000,5.000000000,-24.59,-8.75,-17.84,1.59,,READY
2853.mp3,083da82ec0e66ea1e6c5456332a945bbbc69151606a1c8d00c7043b23f35d2cb,48000,2,240000,5.000000000,-27.44,-16.27,-13.17,4.44,,READY
2854.mp3,df1baff9613cde0be9b23a7dbc933949b1daf1c3774aa13da038b74730bf2274,48000,2,240000,5.000000000,-48.30,-38.00,-12.30,25.30,GAIN_ABOVE_+10_DB,READY
2855.mp3,0cda8377c14ca23af7fc013c2de270d87625f8389c1485f750200bc9ec948e60,48000,2,240000,5.000000000,-15.16,-3.92,-13.24,-7.84,,READY
2856.mp3,f0c94d05646d0a65477f19f4e685b488433f306b8556f1739822a6fa15312739,48000,2,240000,5.000000000,-23.70,-12.42,-13.28,0.70,,READY
2857.mp3,e8f56c0c4d32e5043a891d58976b09c3d3b3be97bdb56d941d635a2b58849340,48000,2,240000,5.000000000,-28.69,-21.02,-9.67,5.69,,READY
2858.mp3,a9501a3ca380997c0b830a3cc951ef0b82e1a09760307cf44972afc66e1a0bd0,48000,2,240000,5.000000000,-44.68,-23.40,-23.28,21.68,GAIN_ABOVE_+10_DB,READY
2859.mp3,a96a93b9e58a6deb21e89d51ceff028240d054386217b43ab992ec7a22d176d5,48000,2,240000,5.000000000,-31.61,-21.78,-11.83,8.61,,READY
2860.mp3,48716570b9dc25c99754177692db650494958b4353044933af5272fa7654141b,44100,2,220500,5.000000000,-29.72,-16.67,-15.05,6.72,,READY
2861.mp3,62fc04dadd58935df7e6712d2b47b436f7c88af46bbec6785570bd4d845638da,48000,2,240000,5.000000000,-52.76,-36.82,-17.94,29.76,GAIN_ABOVE_+10_DB,READY
2862.mp3,55fd8f86a2cb51aca7c3c4218eb83c9b0e1981414d4865650a75141af7d48f0e,48000,2,240000,5.000000000,-43.65,-32.39,-13.26,20.65,GAIN_ABOVE_+10_DB,READY
2863.mp3,304f3c2d43180fff262803ab95428ff0d30ed3911539e11aa78d86f3068a4137,44100,2,220500,5.000000000,-37.74,-28.69,-11.05,14.74,GAIN_ABOVE_+10_DB,READY
2864.mp3,115ebb7e4e7d8002f0897a350b948d25c45cb874883eddb729f6ac69b5c94deb,44100,2,220500,5.000000000,-44.30,-32.90,-13.40,21.30,GAIN_ABOVE_+10_DB,READY
2865.mp3,a80756b0aee5dcbcbec9bb901608ffb35e537166fccdb09a1a82f3adfe3a9b61,48000,2,240000,5.000000000,-17.64,-0.46,-19.18,-5.36,,READY
2866.mp3,68304de0b8408d53d6142512937aa70c3c4dc0f7dfcbb296a36de18e40748277,48000,2,240000,5.000000000,-28.69,-14.55,-16.14,5.69,,READY
2867.mp3,783b943f699d0bd544a4fdbdde24c8e8660ac1f995d4c7510ed1293b63c8829a,44100,2,220500,5.000000000,-24.87,-11.94,-14.93,1.87,,READY
2868.mp3,813b776e5be5a082bd5801ef36b0b7c293944b20440270a5c384a42c8bbeba61,48000,2,240000,5.000000000,-27.31,-18.73,-10.58,4.31,,READY
2869.mp3,fdf514b8eaffd933df0198f6fe76d46c7a0ce2ded10b2aff96855626e0c49c1d,44100,2,220500,5.000000000,-44.72,-30.67,-16.05,21.72,GAIN_ABOVE_+10_DB,READY
2870.mp3,17b54789b7b082ab4b0a7349d20c74a36e962dd78ecaf786419fd4d19d3cb388,48000,2,240000,5.000000000,-26.13,-11.27,-16.86,3.13,,READY
2871.mp3,9acc6a1e46c4a9fe2ae00f686ad6594e214bca82c1768d3b0c91b61ea2ab273a,48000,2,240000,5.000000000,-56.96,-41.18,-17.78,33.96,GAIN_ABOVE_+10_DB,READY
2872.mp3,201ff2603912e4c5138d4b76679e4938e3f1433e6ba759993f12c6988e99bc5a,48000,2,240000,5.000000000,-26.34,-12.08,-16.26,3.34,,READY
2873.mp3,e626c54bf79c901c106b2e2a92229523c08d90e7ee967cc7618958a0326de48c,48000,2,240000,5.000000000,-40.49,-17.48,-25.01,17.49,GAIN_ABOVE_+10_DB,READY
2874.mp3,4b0ef3995d25e8eeb2e992dbb617b6dc63abb69b5a1e459b04bfd22c7e9d7976,44100,2,220500,5.000000000,-27.38,-15.63,-13.75,4.38,,READY
2875.mp3,66231a4506db0750413b1281502bdbcf93072580b4fd0f60441dfe1a0d59fb14,48000,2,240000,5.000000000,-41.41,-32.02,-11.39,18.41,GAIN_ABOVE_+10_DB,READY
2876.mp3,b9b0a3d3c1b98781f0ad44712048e2bcdcc3f6121f07bfb5c820406ceb5072f7,48000,2,240000,5.000000000,-23.40,-12.13,-13.27,0.40,,READY
2877.mp3,676461376f2b91ba58222c422e67eb5c3582c6d566046975ad33caa4860dad2a,48000,2,240000,5.000000000,-33.05,-17.49,-17.56,10.05,GAIN_ABOVE_+10_DB,READY
2878.mp3,5c092f18cc12c887b8541752a6ec9e97f607e25c4081a5f9d179cdf768e4f915,48000,2,240000,5.000000000,-28.76,-11.69,-19.07,5.76,,READY
2879.mp3,ab0393221cc40032348927dd693fab157810990810280ba50df9361e27f8a2e4,48000,2,240000,5.000000000,-38.04,-15.03,-25.01,15.04,GAIN_ABOVE_+10_DB,READY
2880.mp3,8032a8e19d043ca73dc8d7e02fe529f20954d106c1f2295edb802464fceb3e66,48000,2,240000,5.000000000,-34.67,-18.95,-17.72,11.67,GAIN_ABOVE_+10_DB,READY
2881.mp3,eb77c651833fc1e05764c8b47dc11d0630afc2c17a4d8d862549c57fc928c3d6,48000,2,240000,5.000000000,-34.52,-23.69,-12.83,11.52,GAIN_ABOVE_+10_DB,READY
2882.mp3,cdf35f30b9a324629ff50bc0b2632da283e9ba49407ec7d51a7b4f507bce492b,48000,2,240000,5.000000000,-17.91,-7.79,-12.12,-5.09,,READY
2883.mp3,e09fe565a2f3c6f1644267c1610bb6a78777ab572d0adecd204e33ceb3f37ef4,48000,2,240000,5.000000000,-37.04,-26.48,-12.56,14.04,GAIN_ABOVE_+10_DB,READY
2884.mp3,91388ec119d34f04776e379ef2327500b65c0a8b66b6029a5e6a2e3016906772,48000,2,240000,5.000000000,-13.11,-2.84,-12.27,-9.89,,READY
2885.mp3,e324f7fd0ca06e8b504c43868c759c8b6685e71c79b0f0cfea0d10e2a343f5a7,48000,2,240000,5.000000000,-43.59,-24.71,-20.88,20.59,GAIN_ABOVE_+10_DB,READY
2886.mp3,9ea9b2c0c2e40dc898b324db535d0a1e15c86bd905e436cc42a00c18b8bd7434,48000,2,240000,5.000000000,-53.47,-31.39,-24.08,30.47,GAIN_ABOVE_+10_DB,READY
2887.mp3,7530766f434a1c108c090edd1a7be4fbe60430fb5d47305da85d44c9712a1572,48000,2,240000,5.000000000,-53.27,-41.48,-13.79,30.27,GAIN_ABOVE_+10_DB,READY
2888.mp3,e8f48138f65797b7bbf044754ad5c105ec4c39d8c178152a5a2ed9ddf8fd32e9,48000,2,240000,5.000000000,-30.73,-17.11,-15.62,7.73,,READY
2889.mp3,83d3ae883e95aee1e20293d2e43e22761b1b513fd548283b59864ad4af086120,48000,2,240000,5.000000000,-46.12,-31.46,-16.66,23.12,GAIN_ABOVE_+10_DB,READY
2890.mp3,0b9d7b3623074b6e464553542489e7704f6fd7f78e4b647e2c0c72b98ea55976,48000,2,240000,5.000000000,-39.64,-26.44,-15.20,16.64,GAIN_ABOVE_+10_DB,READY
2891.mp3,d38b3560cc642f3be9b7ef8439b872f9fca6523540a4e115e542a2072aa180b2,48000,2,240000,5.000000000,-23.65,-14.18,-11.47,0.65,,READY
2892.mp3,f6aaad59b8dd4545121b4abb4df6aafff71668be2f1e2f4550e257c662dafe61,48000,2,240000,5.000000000,-19.93,-10.68,-11.25,-3.07,,READY
2893.mp3,473222401e454e1954cb57738b57d507e53a469e73e9ab123a40411b07399048,48000,2,240000,5.000000000,-28.17,-17.89,-12.28,5.17,,READY
2894.mp3,9b4cbce12d3714a061b0112a7f6cb96587c8c2235d9a8a88331358b7626f5584,48000,2,240000,5.000000000,-46.03,-34.58,-13.45,23.03,GAIN_ABOVE_+10_DB,READY
2895.mp3,be69d7f5e7daddd0ba478ebe592d4cfa1ee11c6090f1f9063660fc838afd9a8a,48000,2,240000,5.000000000,-17.13,-7.30,-11.83,-5.87,,READY
2896.mp3,2a32e07ab9dd6211771ff6fde3f2b4ea7804a854256adb50de0c56c52219d58b,48000,2,240000,5.000000000,-19.70,-11.42,-10.28,-3.30,,READY
2897.mp3,727e3555809a93767f98895e52520734b87fe0e492b4cfde317b3946afe45c2a,48000,2,240000,5.000000000,-24.19,-12.96,-13.23,1.19,,READY
2898.mp3,295102624f2ef584093baca65759d88116845146ef6456f791db3e57a8805108,48000,2,240000,5.000000000,-17.68,-5.59,-14.09,-5.32,,READY
2899.mp3,e18e4bbcce00ca1a54f35ccd58fbae39b070cd0f757551487d1d4237d10d21a8,48000,2,240000,5.000000000,-31.93,-21.58,-12.35,8.93,,READY
2900.mp3,f56e6cb7a17fe484a4792db95e506959b2a2e34dbb2a32ccd7838b97c69b5cb7,48000,2,240000,5.000000000,-12.78,-3.68,-11.10,-10.22,ATTENUATION_BELOW_-10_DB,READY
2901.mp3,0d9148b116129c36572cabb937e7365d12480a61dc0777f59c701d99786140ad,48000,2,240000,5.000000000,-50.29,-33.76,-18.53,27.29,GAIN_ABOVE_+10_DB,READY
2902.mp3,d2c4101a2b79d3d29bc7d29c875b51e00a1f1f820798c33802b64230cab10078,48000,2,240000,5.000000000,-27.74,-16.11,-13.63,4.74,,READY
2903.mp3,14e6b8836119915b97236caf4c80d72886887292fc65b3abb01b112772cf3d4f,48000,2,240000,5.000000000,-36.83,-24.50,-14.33,13.83,GAIN_ABOVE_+10_DB,READY
2904.mp3,4bbd41b3ef46ad3afd26f05ffb3044e39594277fbd7b0a1cd87940747e092db0,48000,2,240000,5.000000000,-20.48,-10.19,-12.29,-2.52,,READY
2905.mp3,b49c2dbec23f55f153295d218f29722f3ba1746b0985945577c8d132fc70b7e9,48000,2,240000,5.000000000,-21.89,-7.68,-16.21,-1.11,,READY
2906.mp3,604a2782781bc6e6ec55194ad8bdbeb1d1fb7b368d9c367b8d9228f6db5255fd,48000,2,240000,5.000000000,-12.98,-3.99,-10.99,-10.02,ATTENUATION_BELOW_-10_DB,READY
2907.mp3,c490a9634385b4dfc45f73236a6f3cc494634360da578ef54c946371c11fff14,44100,2,220500,5.000000000,-29.18,-18.81,-12.37,6.18,,READY
2908.mp3,ec0348f81c54c126d6541e2212c868aaaf5af3559a03af491d30b5ee2f850e49,48000,2,240000,5.000000000,-48.90,-41.25,-9.65,25.90,GAIN_ABOVE_+10_DB,READY
2909.mp3,debfe83c50ad6f18a290e6a580e096eb5c76234ebc33485aa8dab91cc6360945,48000,2,240000,5.000000000,-17.28,-6.81,-12.47,-5.72,,READY
2910.mp3,161930ef6cebea770629b60c4337374d92e9fa57e7ca051732ef5f56444b7630,48000,2,240000,5.000000000,-34.59,-18.67,-17.92,11.59,GAIN_ABOVE_+10_DB,READY
2911.mp3,b46b095b0b773f81fe168fbafd9ef76ce256220dcfe8170265a990f04ca1a673,48000,2,240000,5.000000000,-31.71,-17.70,-16.01,8.71,,READY
2912.mp3,0771690e89a28dbe5b56318abea79653aeaaa7bbab91fec46cbf7681cbc3f7d9,48000,2,240000,5.000000000,-26.26,-16.30,-11.96,3.26,,READY
2913.mp3,cb073b18833398dc1ffc87502071344e2b626766911f8ea3b53fb5a36195f3a9,44100,2,220500,5.000000000,-46.12,-30.22,-17.90,23.12,GAIN_ABOVE_+10_DB,READY
2914.mp3,2fe04ff6110f5bbf38b0e7d719d06a89a430471e1dd97566f539924c0c3e564a,44100,2,220500,5.000000000,-34.05,-21.61,-14.44,11.05,GAIN_ABOVE_+10_DB,READY
2915.mp3,17f0053f3b33e8f8ab261cad0bffd9a2d140e26863a9bd0a609d60fd7db091d9,48000,2,240000,5.000000000,-46.18,-27.31,-20.87,23.18,GAIN_ABOVE_+10_DB,READY
2916.mp3,d22a59ae6b580258474ff4d0a7f929d6702def66700ddc5b346e76a5e7baa772,48000,2,240000,5.000000000,-42.15,-30.11,-14.04,19.15,GAIN_ABOVE_+10_DB,READY
2917.mp3,5dc361707911bf683d770bce88bc4169f86f8030a581bf6d7e4939c180a1ea8d,48000,2,240000,5.000000000,-15.97,-3.84,-14.13,-7.03,,READY
2918.mp3,83245bbd7431e1adaa2d17431a66c14a2271b6a3f7f1331946fac18681fb6733,48000,2,240000,5.000000000,-15.07,-5.14,-11.93,-7.93,,READY
2919.mp3,0a48261f0ab57a6c9502355ed16478c6a86a371063c4a5d082a42cfde714a0d9,48000,2,240000,5.000000000,-11.43,-2.26,-11.17,-11.57,ATTENUATION_BELOW_-10_DB,READY
2920.mp3,a36b4de88b94804b5d5992cd709142c941af79f4b695e4e25f168bfad0b2b07a,48000,2,240000,5.000000000,-24.83,-11.66,-15.17,1.83,,READY
2921.mp3,c5dcfd3b1bffeb4bc8fd3b10cdbee52c88a014c2447566bac06deaf9bed7c846,48000,2,240000,5.000000000,-33.94,-14.33,-21.61,10.94,GAIN_ABOVE_+10_DB,READY
2922.mp3,40d68b37ba385db06785f592cc8d85387c456ae6ec5bd1947a934eb22e0d956c,48000,2,240000,5.000000000,-31.89,-19.86,-14.03,8.89,,READY
2923.mp3,adceacd24826b5a6271feb064233bc3483e8382207821335b0acba9be459595e,48000,2,240000,5.000000000,-37.16,-27.42,-11.74,14.16,GAIN_ABOVE_+10_DB,READY
2924.mp3,924495f4467cb3d9a34b890289d2ff6b27565fcfc430a8efa28c9df51b81e9d9,48000,2,240000,5.000000000,-13.07,-2.56,-12.51,-9.93,,READY
2925.mp3,d7ff2832505b9613a59075216f0138658f74967947036a3b5bd1bd507a166ffc,48000,2,240000,5.000000000,-35.94,-25.18,-12.76,12.94,GAIN_ABOVE_+10_DB,READY
2926.mp3,db23cd7e962cae530d37f8c7b62e6e658e4604d94a29865bd0fe1b826bde083a,48000,2,240000,5.000000000,-13.75,-2.19,-13.56,-9.25,,READY
2927.mp3,6dc5a716b4d1059f24a2d8d28a1cc746740ac6b6fdcec2a242e1956923d0d9c4,48000,2,240000,5.000000000,-22.27,-6.39,-17.88,-0.73,,READY
2928.mp3,9b2a3cec025cf5c4def7c40c0e4175bf51ddec7a1f34426da00d9fefebdc6099,48000,2,240000,5.000000000,-28.92,-16.75,-14.17,5.92,,READY
2929.mp3,a4625ef9470a0f7bb07c4771a6b4004078d2c058952f658cb76b3b70f0c5b79f,48000,2,240000,5.000000000,-51.28,-37.08,-16.20,28.28,GAIN_ABOVE_+10_DB,READY
2930.mp3,4fe40172dfd75852ce231a9dc13dcac12e7abd61a7ecde99f71b0ea88a3f82a5,48000,2,240000,5.000000000,-32.70,-19.38,-15.32,9.70,,READY
2931.mp3,a5e3589a5b5df56c7dfb35076175b3ccd75afd19bbe20096a9940d27ce9cd2d9,48000,2,240000,5.000000000,-30.17,-19.42,-12.75,7.17,,READY
2932.mp3,ddadf7cc108f56b289fa844c33cb1dd840b61586bdef1fff3b6732030d249af2,48000,2,240000,5.000000000,-17.25,-5.32,-13.93,-5.75,,READY
2933.mp3,6d09bcb86dc699219b2a9d47f36785e257d38d449df24e79c5c368907a4fb673,48000,2,240000,5.000000000,-24.81,-10.70,-16.11,1.81,,READY
2934.mp3,bbaf434a5823c9a963a4bcc793e3cb650111409abc62b2acdd15829bd928ebaf,48000,2,240000,5.000000000,-23.94,0.24,-26.18,0.94,,READY
2935.mp3,0509bfaa35e2ac0db233622aecaf0271fc87d12059a0d4433a67969a49cce4b5,44100,2,220500,5.000000000,-16.56,-4.29,-14.27,-6.44,,READY
2936.mp3,83387c7f60cda09b8a643c5932295ae336dfd2c890f0342b14580a261b3cef69,48000,2,240000,5.000000000,-13.62,-2.62,-13.00,-9.38,,READY
2937.mp3,c674e5c37782805fef623c6f11bde43da42a1f7025024e2c02e5e8ca101da83c,48000,2,240000,5.000000000,-17.56,-2.92,-16.64,-5.44,,READY
2938.mp3,b6f6eec72027d079ce71a90a61f4906ec2bf6613a92f991993b270feae69e49f,48000,2,240000,5.000000000,-31.78,-20.22,-13.56,8.78,,READY
2939.mp3,6ed01ef73bccbb2171e63200049b488de302b4cffc8a06d65acf1e150e329d30,48000,2,240000,5.000000000,-20.80,-7.57,-15.23,-2.20,,READY
2940.mp3,b1d68f84f4dbcac667733a5d31ffa25e98b17f921246b88670310e95b02148c7,48000,2,240000,5.000000000,-24.79,-10.48,-16.31,1.79,,READY
2941.mp3,bfa5f1c05052d40928dfe3ff5152bf788cf8c2f6ee6c10168951bd32771d8daa,48000,2,240000,5.000000000,-18.48,-6.34,-14.14,-4.52,,READY
2942.mp3,6bf5ae39c04ae00c83c226daebfc8e2ff2745a4f86db40147c165872a086a073,48000,2,240000,5.000000000,-40.03,-24.86,-17.17,17.03,GAIN_ABOVE_+10_DB,READY
2943.mp3,7777751cb12fe65cc7ccfe4b819a6d92a3a6689e2308d645d2d76ed11f2f22c0,48000,2,240000,5.000000000,-42.30,-27.42,-16.88,19.30,GAIN_ABOVE_+10_DB,READY
2944.mp3,3c151f4d0a0b3b9e4b79294e10ac2322f3add16f9f40628a0abb5d138608deee,48000,2,240000,5.000000000,-35.82,-21.44,-16.38,12.82,GAIN_ABOVE_+10_DB,READY
2945.mp3,ebd9c551a444b14bf02625a7a52d54a8739db6833e9ee386df4d81806eeb6183,48000,2,240000,5.000000000,-19.89,-5.56,-16.33,-3.11,,READY
2946.mp3,7026a79e15a280a92a8beaed66030d4af504e5832cfb0f344a9adcc56daabc30,48000,2,240000,5.000000000,-17.83,-6.45,-13.38,-5.17,,READY
2947.mp3,d8d6aaac422ff41e44fc9bf7bd8e838f12d5626cfcfefe44cbf3bbd17518fe3d,44100,2,220500,5.000000000,-21.22,-3.48,-19.74,-1.78,,READY
2948.mp3,0602c00878c254bd20d654fe6f12ae458cc86e7f0f8bbc6f07c7e786d8d2c992,48000,2,240000,5.000000000,-22.67,-8.99,-15.68,-0.33,,READY
2949.mp3,f27c097d745aebcfa23fdf428e060995f2bae74f7c5f777fa23197102aa2a000,48000,2,240000,5.000000000,-30.87,-16.51,-16.36,7.87,,READY
2950.mp3,acfb32854fb7f585960b2eba5bd4b8dee1a08a23e3375770ebe75271fb40f77e,44100,2,220500,5.000000000,-18.42,-6.01,-14.41,-4.58,,READY
2951.mp3,94d40cda000dd318eb0aaf26a67a5cdb6e238ecc2c2795e1e3dad2223e3bad24,48000,2,240000,5.000000000,-20.65,-10.72,-11.93,-2.35,,READY
2952.mp3,42b0a469364541324817a74fd495e117be816f61dacaa7c6d9057b92beb929ab,48000,2,240000,5.000000000,-28.22,-12.52,-17.70,5.22,,READY
2953.mp3,484b2a6482ee113093d439d10ee88cab5d85fb8b2181d3488149b46d44517903,48000,2,240000,5.000000000,-33.26,-17.02,-18.24,10.26,GAIN_ABOVE_+10_DB,READY
2954.mp3,e4bb255f9d6d15d4235a68c93c9440e29fd33bdd05a0139103c509987461d9c6,48000,2,240000,5.000000000,-18.90,-5.05,-15.85,-4.10,,READY
2955.mp3,4841e55a4d638edc9c463b6662ebb1430f11badbf7e00a30da86ae8b6b846ad3,48000,2,240000,5.000000000,-12.81,-0.49,-14.32,-10.19,ATTENUATION_BELOW_-10_DB,READY
2956.mp3,bf87ebd72c6aa5e930812fd2d3ff082c09271e025c3fc6dee8fefe2559154cbb,48000,2,240000,5.000000000,-16.56,-4.58,-13.98,-6.44,,READY
2957.mp3,570c009d91fbf7ca61674005c2e2a8bc9ae5314cc8017a9d482691ecd97ef451,48000,2,240000,5.000000000,-19.05,-5.57,-15.48,-3.95,,READY
2958.mp3,42e70224ba77e516335d914b6aec6c12131386d89027ccb4315d8a491eb0146b,48000,2,240000,5.000000000,-35.16,-14.95,-22.21,12.16,GAIN_ABOVE_+10_DB,READY
2959.mp3,8fec76112e67523513fe4a437604b0d88839324024698afc4b036de9c1319a5e,48000,2,240000,5.000000000,-26.02,-13.70,-14.32,3.02,,READY
2960.mp3,224b12efa149c8bf0ff30e967c87723fd557070b160b48cac3c4f41c50ad2e79,48000,2,240000,5.000000000,-35.16,-17.98,-19.18,12.16,GAIN_ABOVE_+10_DB,READY
2961.mp3,fc1a0f47d82897bb9033f0cb08d4f25487d597f98e5fe0851056cd58b55473d9,48000,2,240000,5.000000000,-33.73,-23.77,-11.96,10.73,GAIN_ABOVE_+10_DB,READY
2962.mp3,6a2626caab7ef2bf1e83677e55dffa4e66578fce7271418c6b6824b842b469d4,44100,2,220500,5.000000000,-16.66,-4.29,-14.37,-6.34,,READY
2963.mp3,785e13929486a9c46a17f5a99be5802c6e64afb05993e41cecfeaa7da572e41a,48000,2,240000,5.000000000,-18.16,-4.29,-15.87,-4.84,,READY
2964.mp3,49ebdf6b24df86fc856ade5bcbfda2d236d9b7281e38407daec543c04b423618,48000,2,240000,5.000000000,-20.06,-5.58,-16.48,-2.94,,READY
2965.mp3,ceca5dcb4be9114a53dd2b21c8ba730d330b2ffa5dbed66ab12f35908fdf2b62,48000,2,240000,5.000000000,-38.87,-28.65,-12.22,15.87,GAIN_ABOVE_+10_DB,READY
2966.mp3,e179c8c87fef6677d3f215083d81fb6a1d96b38ce7b19f358648cd2783f0f701,48000,2,240000,5.000000000,-14.22,-0.39,-15.83,-8.78,,READY
2967.mp3,2c13605431ac8c8e4f122fd741d8deda494a924ed595277af9712600f8aecf16,44100,2,220500,5.000000000,-23.14,-6.30,-18.84,0.14,,READY
2968.mp3,6c2bc9290eaef2e55ea6eafdcb9f0bbd0df4a96bb3c87ac85c52e187a7d5718e,48000,2,240000,5.000000000,-9.75,-1.12,-10.63,-13.25,ATTENUATION_BELOW_-10_DB,READY
2969.mp3,c502e34b36e5bd83cc924f02afb0d7e953ab12551942a534aad837d7d8331c8c,48000,2,240000,5.000000000,-31.22,-16.79,-16.43,8.22,,READY
2970.mp3,c37f99e2107e64254ebe50d4b0f607a5d8af139a62b4bf1263d132775b9f3334,48000,2,240000,5.000000000,-45.66,-32.09,-15.57,22.66,GAIN_ABOVE_+10_DB,READY
2971.mp3,ec19e57db222eaac31d079b3943c3aba00ddaa9b58341d7ce47d015e778e52fb,48000,2,240000,5.000000000,-37.26,-20.22,-19.04,14.26,GAIN_ABOVE_+10_DB,READY
2972.mp3,ca9e2aca0692d613c29f6c86a1237a466ae79c2b67c3c4005f1ea4ae4dbb2440,48000,2,240000,5.000000000,-23.33,-10.09,-15.24,0.33,,READY
2973.mp3,05197710a1acff8c5cc45c679033a964dd28af504298652ef0122a11a02f4292,48000,2,240000,5.000000000,-17.46,-7.39,-12.07,-5.54,,READY
2974.mp3,b2b18165755d6b87e9145338c093fa5a76952d6354e6c250b13137646acdca9f,48000,2,240000,5.000000000,-11.69,-1.60,-12.09,-11.31,ATTENUATION_BELOW_-10_DB,READY
2975.mp3,df5d62780f1e7cecc262ab916190e05264a79d31af7a61840b12b9d91f1d5f76,48000,2,240000,5.000000000,-16.26,-6.07,-12.19,-6.74,,READY
2976.mp3,cae2a2c44d710bcfc932e62590b044eff75db015d3eadffcd645d338e05d29ad,44100,2,220500,5.000000000,-45.67,-32.17,-15.50,22.67,GAIN_ABOVE_+10_DB,READY
2977.mp3,8bd05e51a84e529f0ebf340ed44685db466523ce037460e590c70cbf9fa52c58,44100,2,220500,5.000000000,-39.79,-24.92,-16.87,16.79,GAIN_ABOVE_+10_DB,READY
2978.mp3,5f56e4196eeb1b5575ba5c11248eeb92375ea9f7a8510bbcad6657f1c86cb55b,48000,2,240000,5.000000000,-28.19,-13.18,-17.01,5.19,,READY
2979.mp3,e79af08cce6ea0e02d6ebf6536bbf83106b2663545367745c541d2e302b24252,48000,2,240000,5.000000000,-15.70,-5.16,-12.54,-7.30,,READY
2980.mp3,4fb5b9aec25b90edfbf933d0ce9aafdde6f373c930abc81ab465231138671701,48000,2,240000,5.000000000,-55.73,-45.23,-12.50,32.73,GAIN_ABOVE_+10_DB,READY
2981.mp3,373f74aac4138f5f47d38e05346f521e40c9851f1b4bf56062ccf2751eab6ecf,48000,2,240000,5.000000000,-30.44,-4.88,-27.56,7.44,,READY
2982.mp3,14bacea942aeab4793b5b7942bbb9b3145e8a9367f7e17f935ec9be20d356f9c,48000,2,240000,5.000000000,-21.01,-4.78,-18.23,-1.99,,READY
2983.mp3,ac207a2421118918a94ae74781c30e2b95a868c94d963467a77e0c7ab54e7cd7,48000,2,240000,5.000000000,-27.51,-15.61,-13.90,4.51,,READY
2984.mp3,24de6a5a428970c3a79f19be2ce15cc0e0bc6d472ca15599bfac6bf9a1b10bef,48000,2,240000,5.000000000,-38.67,-22.21,-18.46,15.67,GAIN_ABOVE_+10_DB,READY
2985.mp3,5148b827a249a2f827977ab4f1c76394c4dfdb623525878020789d3b62c51295,48000,2,240000,5.000000000,-39.13,-23.40,-17.73,16.13,GAIN_ABOVE_+10_DB,READY
2986.mp3,571aefb3a65cf89945219e74b222a609b0f93dc6a1b1c52a467859d0ba86dfe7,48000,2,240000,5.000000000,-38.36,-23.69,-16.67,15.36,GAIN_ABOVE_+10_DB,READY
2987.mp3,1d3bafa1725fec94ee4bab12b0d48d8ff1ddc54c18888d958c02d9287f290ce4,48000,2,240000,5.000000000,-28.05,-1.40,-28.65,5.05,,READY
2988.mp3,eb058748b12e85a8b6945d1b4688338e703db7ab8f6a1f3c5dcd1e15b0fab992,48000,2,240000,5.000000000,-38.35,-25.52,-14.83,15.35,GAIN_ABOVE_+10_DB,READY
2989.mp3,40bf826de449d4b0c8e39608f1f9e16ad5fa6d7b5122b326ceadddc21c069100,48000,2,240000,5.000000000,-50.13,-28.98,-23.15,27.13,GAIN_ABOVE_+10_DB,READY
2990.mp3,902c287745da1a61f1d715222b6c604bf5affe0aafc76a5b60ff1765ae1ba491,48000,2,240000,5.000000000,-25.18,-12.11,-15.07,2.18,,READY
2991.mp3,90fe89837bb71695c39702b78f7a110680d6a36ecb2e87b4a4b75acabbaf25cf,48000,2,240000,5.000000000,-39.10,-22.96,-18.14,16.10,GAIN_ABOVE_+10_DB,READY
2992.mp3,755d0284a7c81b50e2208d1b616e8e67fbd493bb827913f2851f7b352573e6aa,48000,2,240000,5.000000000,-16.02,0.12,-18.14,-6.98,,READY
2993.mp3,6ce955ae7ad4df7be3bc1167920bf7ee264d5792acfe265bd1fc9b3d80ed7a7b,48000,2,240000,5.000000000,-22.86,-11.12,-13.74,-0.14,,READY
2994.mp3,0976726bd5498076016cbe88bcc9da72756b58e379e32f005347538b1981e397,48000,2,240000,5.000000000,-22.41,-14.43,-9.98,-0.59,,READY
2995.mp3,4e83be09e514d39fe7b9fdd7c40d6796fd9a48453776c672bd6c4d8a3f3823ea,44100,2,220500,5.000000000,-12.31,-0.95,-13.36,-10.69,ATTENUATION_BELOW_-10_DB,READY
2996.mp3,051c6d3b5707537b2ee34db8c545780f3fa8002c653276f3a467a4f09ec43ecd,48000,2,240000,5.000000000,-33.85,-24.81,-11.04,10.85,GAIN_ABOVE_+10_DB,READY
2997.mp3,6632694312337d704630911731975e7b89e897769dc3d2351e2874459393839c,48000,2,240000,5.000000000,-62.89,-44.62,-20.27,39.89,GAIN_ABOVE_+10_DB,READY
2998.mp3,01417a2577184850ad14da2ad043b449508473893bf077c7a990ae3834beb74c,48000,2,240000,5.000000000,-42.59,-31.68,-12.91,19.59,GAIN_ABOVE_+10_DB,READY
2999.mp3,1176c7397b5e54d9a8ed6f41a812211d7d4f1cd3427b996df98f2d126d7b90de,48000,2,240000,5.000000000,-22.52,-9.20,-15.32,-0.48,,READY
3000.mp3,81852dfe3ae823b4551d96f817b0cdde7acad2278d2ffcd130c30d51854eacf1,48000,2,240000,5.000000000,-27.12,-16.93,-12.19,4.12,,READY
3001.mp3,a56a3598a3f56b3372fdb4cb0b2307a4975e53d19207177bc79d07c6c7d4cacf,48000,2,240000,5.000000000,-18.73,-4.82,-15.91,-4.27,,READY
3002.mp3,f69ea4e4e810c974947d418f3e149a23da3c887ab67d6c71c9b70a93f8be94d2,48000,2,240000,5.000000000,-18.43,-6.53,-13.90,-4.57,,READY
3003.mp3,90fe3e33638727b81932c366202928819ff366342604aae39f14bbf553aaf710,48000,2,240000,5.000000000,-24.13,-11.47,-14.66,1.13,,READY
3004.mp3,26d9af238751ce289333659bba72aef5646a7420a16b66d3dae6d7ab925bd943,48000,2,240000,5.000000000,-17.67,-4.24,-15.43,-5.33,,READY
3005.mp3,2f1c76734f950910164575e07cf8fa099aecda18cdb1c4de5d155484dc77e57e,48000,2,240000,5.000000000,-32.88,-16.10,-18.78,9.88,,READY
3006.mp3,c6b0574e5d9801b1ae0c9bdb4a22ebc8f35a56144857d89f3a6043d0439d5e32,48000,2,240000,5.000000000,-35.32,-22.89,-14.43,12.32,GAIN_ABOVE_+10_DB,READY
3007.mp3,19025ab4bd1d51fcb5d4337069be3db23af984d01c4266b927306d4476324c13,48000,2,240000,5.000000000,-28.87,-15.05,-15.82,5.87,,READY
3008.mp3,d8ff61d8443d9f7d4ddcc4d4902258c8332d06b331c0a43a55ea203cc097f791,48000,2,240000,5.000000000,-27.13,-16.47,-12.66,4.13,,READY
3009.mp3,af9df51e243e953c339d44a148333e13bed5ae5f54b878bf0d8284ea6c7a09b8,48000,2,240000,5.000000000,-14.77,-6.16,-10.61,-8.23,,READY
3010.mp3,be4b8a2997db26fc767a1c10f3262311663338f9a6eb2b83ee1ac136505245be,48000,2,240000,5.000000000,-14.67,-1.28,-15.39,-8.33,,READY
3011.mp3,7276f262513468977485f69327b2cfad7b2f88e71f7b2754d87bd32ff5fcea41,48000,2,240000,5.000000000,-20.06,-10.22,-11.84,-2.94,,READY
3012.mp3,c7ba53fbb3177598143d2df07ea5c8806855ce59d90839509d0c29f2702789f2,48000,2,240000,5.000000000,-20.58,0.70,-23.28,-2.42,,READY
3013.mp3,addd9624c8fe1afabccf03cc6e3892c612f586e49e53240542a61d830a5996ac,48000,2,240000,5.000000000,-20.17,-7.57,-14.60,-2.83,,READY
3014.mp3,c1a8e9611f29fa08b7a071a12e2395ae49f83ddcb2730caca8a1e9a3e11294ea,48000,2,240000,5.000000000,-25.32,-10.36,-16.96,2.32,,READY
3015.mp3,2f99c01527f823bc7d8cda013c794023c15d75302ca4786a7726fe71fb17d139,48000,2,240000,5.000000000,-22.79,-6.85,-17.94,-0.21,,READY
3016.mp3,e4ea690a9de5c5c690e31b60725de009a58cc3175c78ff8d0e42ca7569078a03,48000,2,240000,5.000000000,-43.57,-24.51,-21.06,20.57,GAIN_ABOVE_+10_DB,READY
3017.mp3,cd8bc0adccef4230d1608e0af571a3a4d58c075a7fb5d6bb7b9d1a10534f6f1d,48000,2,240000,5.000000000,-26.66,-13.78,-14.88,3.66,,READY
3018.mp3,1b2334304c7cb5d02b96dbbe11239120e7f4c3c34926dd9e08f5387bf5e90afe,48000,2,240000,5.000000000,-23.87,-14.96,-10.91,0.87,,READY
3019.mp3,1dbf420a356561d6e6916efc089ddc5661e0e918f68d260f52a88f85d6a11880,48000,2,240000,5.000000000,-34.92,-15.40,-21.52,11.92,GAIN_ABOVE_+10_DB,READY
3020.mp3,51139621c881879a03abae32ce4132bb83f7a1e583ee26e2adc0acb07b05299f,44100,2,220500,5.000000000,-22.19,-6.59,-17.60,-0.81,,READY
3021.mp3,652a52036e45a23676c94b03e922e442cc9ef7cbd7dc06d66f58c5d7bd073f27,48000,2,240000,5.000000000,-15.41,-4.20,-13.21,-7.59,,READY
3022.mp3,36e76f635379e2d8141131a503396137ebb1dd3158b481f99262c4c96199f15a,48000,2,240000,5.000000000,-27.65,-9.61,-20.04,4.65,,READY
3023.mp3,939cbb960eb05668426c86f6930c2f1a35ed2e4d81215e468d6d6351c931d9ed,48000,2,240000,5.000000000,-14.51,-5.06,-11.45,-8.49,,READY
3024.mp3,285c2fca47f841a3f87533012da7003425e79b9ec5970d94d0c7660c324b291a,48000,2,240000,5.000000000,-18.67,-1.72,-18.95,-4.33,,READY
3025.mp3,435bfe48f0dd30a951d04605e509c9e5505593eecb55616273d9b469db428505,48000,2,240000,5.000000000,-21.37,-9.76,-13.61,-1.63,,READY
3026.mp3,1c0ce666dcb188cf9b58b37bab5c307df4904c795ff31831164e9dc4926accc2,48000,2,240000,5.000000000,-15.58,-1.50,-16.08,-7.42,,READY
3027.mp3,94d875a44b2a8d8ecec096d6187f8a7cef3cc99fca33481cce14c637bb8e50c1,48000,2,240000,5.000000000,-24.52,-15.78,-10.74,1.52,,READY
3028.mp3,591f177c83e1632d65e98a587b046a2676538cb50ae41c283805ce2356862f79,48000,2,240000,5.000000000,-22.41,-6.21,-18.20,-0.59,,READY
3029.mp3,eaeb6a9c5b7159d57f0d932fa5a2ef83f45c1d916a1d57d744bfea2270673dd0,48000,2,240000,5.000000000,-25.18,-12.77,-14.41,2.18,,READY
3030.mp3,36142afdca025ceed8246a06af74425d8eff4ffd279f6a297bdbc8788ff21b02,48000,2,240000,5.000000000,-17.21,-4.53,-14.68,-5.79,,READY
3031.mp3,6dc14b42a1e5a4ae6e13515eaf9b18791c139581303cc1a111fa0806e5fca98b,48000,2,240000,5.000000000,-16.76,-7.06,-11.70,-6.24,,READY
3032.mp3,7af74d1e726914ae22a1f1cf7f93cc69dc98cd0956146755f1e57d71b44f7b87,48000,2,240000,5.000000000,-37.06,-27.89,-11.17,14.06,GAIN_ABOVE_+10_DB,READY
3033.mp3,5b6032b648a68a22f1a00afe2db07789993e693b63b4beaa7090a65aef7be889,48000,2,240000,5.000000000,-19.90,-8.08,-13.82,-3.10,,READY
3034.mp3,bc0c500036e4956b3101d3e0ebe9238299b5633a00e4432ff10665a316461838,48000,2,240000,5.000000000,-21.00,-5.07,-17.93,-2.00,,READY
3035.mp3,477156f705734de202c61ef691be6e35ca733522046571e41b3d2dbb5f2f326f,44100,2,220500,5.000000000,-24.31,-11.92,-14.39,1.31,,READY
3036.mp3,7c8abf6daebddd48418498461e3882e3cab6c1bcc3f0e1de3761e591432dd206,44100,2,220500,5.000000000,-23.21,-11.80,-13.41,0.21,,READY
3037.mp3,bba843913020393eb449927399594c549a82b7cfe652e87f25828c01492dfb4a,48000,2,240000,5.000000000,-20.16,-6.61,-15.55,-2.84,,READY
3038.mp3,7e7dba52a6513737f8d146c386add6caee430864c38aabf50c433e2478eb9eaa,48000,2,240000,5.000000000,-18.38,-2.04,-18.34,-4.62,,READY
3039.mp3,a25ec3cef6c43eac41007627155ec17e7751f2adcb14598c9da3796f7b3073ce,48000,2,240000,5.000000000,-21.39,-9.26,-14.13,-1.61,,READY
3040.mp3,3674ebab3ea1e3c62ac6ed6c485a6f48b9356af17333eed97ae567b63a957744,48000,2,240000,5.000000000,-27.54,-13.50,-16.04,4.54,,READY
3041.mp3,a6c83190bcbc13d164abd28854e3799febb10aced54e25709e62234b8f02b04c,48000,2,240000,5.000000000,-22.76,-10.43,-14.33,-0.24,,READY
3042.mp3,b490dbc816cea882406625bd9b63397064ff59cb8cfd951d70c67d560f352507,48000,2,240000,5.000000000,-19.09,-6.34,-14.75,-3.91,,READY
3043.mp3,a186224b48252fab2b11b49a992c2312e866c236112ea0ad4f5d1bfb5c5c9e57,48000,2,240000,5.000000000,-20.32,-9.40,-12.92,-2.68,,READY
3044.mp3,70aa174cf49b2a1c26b0ff48c68f0c2d4077f7204e42adcb31fbef37d70ea4c6,48000,2,240000,5.000000000,-24.47,-8.66,-17.81,1.47,,READY
3045.mp3,74cf7948a94534cc9a0752bdcb92e0703850c43034fffce691f42cfc44bc4a07,48000,2,240000,5.000000000,-40.97,-28.16,-14.81,17.97,GAIN_ABOVE_+10_DB,READY
3046.mp3,ff040bb212e6f59d191ed8648d27064f82efb186fd334c898c55aa553b7e3058,48000,2,240000,5.000000000,-18.25,0.84,-21.09,-4.75,,READY
3047.mp3,8e7f072e09f7cdc5a8c5849e7aa05366654638fe6e05bf5d8e1be05eb40d0dc8,48000,2,240000,5.000000000,-25.49,-11.12,-16.37,2.49,,READY
3048.mp3,f8780499958424faef8af6d4f559a19b3c02159c4ce46a23df1322bcc9945a72,48000,2,240000,5.000000000,-51.66,-39.46,-14.20,28.66,GAIN_ABOVE_+10_DB,READY
3049.mp3,e7bda139d2bed69ca867191d574c83593713f71a03d651d2b6f01e80a4ebd4f5,48000,2,240000,5.000000000,-26.41,-16.08,-12.33,3.41,,READY
3050.mp3,cbada30885708cda5d66b26e58b7b6c7720802ccf3f4f921de35b5dd828807c5,48000,2,240000,5.000000000,-35.84,-14.20,-23.64,12.84,GAIN_ABOVE_+10_DB,READY
3051.mp3,3a782357a22393985289c4000ffb6cdcaef3f362e55a544968df73ca54592121,48000,2,240000,5.000000000,-15.00,-3.13,-13.87,-8.00,,READY
3052.mp3,e284dbf325e63b6e2366b4688e31830ba55c3c8c3444173f2ed90829ee181bbd,48000,2,240000,5.000000000,-32.16,-15.77,-18.39,9.16,,READY
3053.mp3,5a673547ab0bd46ed73aee65c338b832700693ffdbda4c36df0f6620a28ee5d8,44100,2,220500,5.000000000,-35.46,-23.54,-13.92,12.46,GAIN_ABOVE_+10_DB,READY
3054.mp3,989a5f69ffbebeb11e81124003d7ec5430e7ba6215566c954d2822a2f6dbf517,48000,2,240000,5.000000000,-30.52,-16.43,-16.09,7.52,,READY
3055.mp3,1bcd66c1e94abb7ec4ab2d3ce7d5d1091745bc61145cacaaf2c165d7e03e85ad,48000,2,240000,5.000000000,-36.65,-18.37,-20.28,13.65,GAIN_ABOVE_+10_DB,READY
3056.mp3,017d45d1956fa0b24810393fda06fcc420fffd8727296a92f55dc16dffb03acb,48000,2,240000,5.000000000,-27.05,-16.65,-12.40,4.05,,READY
3057.mp3,3380f33e06b07ab886708e76f7dc6159c16a34f3bc033baa2c4c4985d8b5c5e9,48000,2,240000,5.000000000,-48.05,-35.27,-14.78,25.05,GAIN_ABOVE_+10_DB,READY
3058.mp3,bd685efd8fe9924be43e8cb827deef611552d570e37d8e66bc4d5f8fb884d935,48000,2,240000,5.000000000,-22.02,-10.76,-13.26,-0.98,,READY
3059.mp3,930688a6d83d2af8b4130de30c31e6047d641a8125d026a6d746fb439a6fd704,48000,2,240000,5.000000000,-22.95,-10.75,-14.20,-0.05,,READY
3060.mp3,f3f763880399deb5730d4c844fb90f62b50b9b21d582f7b9582dc5c8fe325b73,48000,2,240000,5.000000000,-15.70,-3.43,-14.27,-7.30,,READY
3061.mp3,c900b2017de64e6cc5a748028a21a966189bcb1368d9c95caa621e19d8f10597,48000,2,240000,5.000000000,-15.47,-4.13,-13.34,-7.53,,READY
3062.mp3,512dc063f3a39800abb07d10aaea9dacd77f78ca6f1fd256d49b5ba8e7f8f6cb,48000,2,240000,5.000000000,-18.60,-5.24,-15.36,-4.40,,READY
3063.mp3,c14c7ad29500f044a484aef29d63b7834455e28fde6e10b2e5eb643ffa4adc78,48000,2,240000,5.000000000,-17.40,-4.52,-14.88,-5.60,,READY
3064.mp3,e8af5c07d7b0090527dc531eb4c1dd5a19cef37b1c027f078e4550737dfc8bc4,48000,2,240000,5.000000000,-37.70,-20.70,-19.00,14.70,GAIN_ABOVE_+10_DB,READY
3065.mp3,f5f037cf1d9bb098c8cad5a18bd535fb762e0305e7e77840b02d5eec852a54f4,44100,2,220500,5.000000000,-25.23,-15.76,-11.47,2.23,,READY
3066.mp3,f586268c9497973d68df678e71a2ae4c8eef0790fff582880738862252cf36f0,48000,2,240000,5.000000000,-8.65,1.02,-11.67,-14.35,ATTENUATION_BELOW_-10_DB,READY
3067.mp3,4ad2a7c4d021cde2b60ee9c5c8559ee12e360d9e9ab4439d16ebefe0c6700207,48000,2,240000,5.000000000,-23.33,-11.51,-13.82,0.33,,READY
3068.mp3,6639bbc62e60aef9af50e89f3bf05990f35228fa22fd635dd520449475b3c95e,48000,2,240000,5.000000000,-17.09,-6.37,-12.72,-5.91,,READY
3069.mp3,020e296d13e71377ef1e2267e9f15cc33f1f03a80d5430745d6a4353ed8fbde1,48000,2,240000,5.000000000,-17.24,-5.66,-13.58,-5.76,,READY
3070.mp3,aef2d4b6cd2a4527b75e08c61fbf8cce5d6b13cb01839ddbed7c4b637b71fa6f,48000,2,240000,5.000000000,-18.72,-5.73,-14.99,-4.28,,READY
3071.mp3,dc41c33237f56bf5857cd5a2c0093f4dc9b2dbf01801bc3830b63eb0ebcc4914,48000,2,240000,5.000000000,-20.83,-7.30,-15.53,-2.17,,READY
3072.mp3,9fcb7bd77bf3b8b13e2ab03c4bc9a579cf301fb4d7f634f6b239d9d6b70ccf7d,48000,2,240000,5.000000000,-20.52,-6.70,-15.82,-2.48,,READY
3073.mp3,e2f57e396b300be1416e6deb0bb767f03653808b9b88ac77cca41bafbfc1f627,48000,2,240000,5.000000000,-30.91,-19.63,-13.28,7.91,,READY
3074.mp3,01c5cb174e9045eab7f517096ce580b835e206099e4e43db2745da4046123f13,48000,2,240000,5.000000000,-34.97,-18.95,-18.02,11.97,GAIN_ABOVE_+10_DB,READY
3075.mp3,07d74a9160d20345b5daba3f6cf99c9724926ea61d398a64415f2c9e8cb6bc20,48000,2,240000,5.000000000,-19.72,-8.87,-12.85,-3.28,,READY
3076.mp3,ca277bab3ba76558114778198eb2d174221b5dcfe3c05231d0331b253f13a508,48000,2,240000,5.000000000,-15.48,-3.60,-13.88,-7.52,,READY
3077.mp3,4f25b5297a3195a26b81bd9a65e14184fa48b351654a622b6190290ac9be57d0,48000,2,240000,5.000000000,-10.56,-0.90,-11.66,-12.44,ATTENUATION_BELOW_-10_DB,READY
3078.mp3,f38e5f0ee1bb666c698a9e6399876779fe601ece6d47fef373bc5caf579f5651,48000,2,240000,5.000000000,-33.10,-19.27,-15.83,10.10,GAIN_ABOVE_+10_DB,READY
3079.mp3,d5a856c54310be66e4d85aabbd181aaa28b539cba34013382a73cfcbff8a65e8,48000,2,240000,5.000000000,-25.89,-11.39,-16.50,2.89,,READY
3080.mp3,d18d3c4301fa643b74ff43c373263641e076cf239d77e69e334bd213de769ae8,48000,2,240000,5.000000000,-14.49,-3.80,-12.69,-8.51,,READY
3081.mp3,36761ab5fc0da95f9052f4ed25d499e588c9b686788502d9b1d47f90841065fb,48000,2,240000,5.000000000,-18.11,-7.48,-12.63,-4.89,,READY
3082.mp3,80ad6a7ab95f745c7b9f0c122ecdd2e7660a85c25b3fda5be05352d9a45bd730,48000,2,240000,5.000000000,-18.14,-5.82,-14.32,-4.86,,READY
3083.mp3,eac4d5d8b0a544c59c4604b8e1bf44c6254f5fdf57855d4cc6c22ff9de726963,48000,2,240000,5.000000000,-42.51,-17.28,-27.23,19.51,GAIN_ABOVE_+10_DB,READY
3084.mp3,efcd1b0a15302b2a6c1c6317ea9b41bb8a245d6f01f5598e5ee926773f6d7796,48000,2,240000,5.000000000,-17.38,-2.47,-16.91,-5.62,,READY
3085.mp3,6b98ea5780b54e6544c453bfa73626c2532a27cdc134286105bcab4ed10f7a1d,48000,2,240000,5.000000000,-34.39,-19.09,-17.30,11.39,GAIN_ABOVE_+10_DB,READY
3086.mp3,54aa65d4fa42c78acd91072c677eff243b389cf5ed1237e07a55e090c0733c1f,48000,2,240000,5.000000000,-20.10,-9.08,-13.02,-2.90,,READY
3087.mp3,fe44b71e279a4f4788b7d26d592d17fe92b377a1bc019ec38b3df432d9a119d8,48000,2,240000,5.000000000,-20.45,-7.66,-14.79,-2.55,,READY
3088.mp3,aad104e4d2e7a6deae433946253579f8ee73fb4ade5038f24d5bf24d5ad90329,48000,2,240000,5.000000000,-26.57,-15.35,-13.22,3.57,,READY
3089.mp3,9db1d5ceec83b64d5060a50485412fd865d7abcc8f11b7bbf4d5fb1663bc97e4,48000,2,240000,5.000000000,-34.66,-21.89,-14.77,11.66,GAIN_ABOVE_+10_DB,READY
3090.mp3,597852ebdf84c368e9eac88ea718e007f46a7db56f1bbd9dffaf67dcadc78df9,48000,2,240000,5.000000000,-29.58,-17.22,-14.36,6.58,,READY
3091.mp3,8eb73fb0ac8ba4c208f28480c63d40fc3fd0a1daed4215b65836f2a4430ff0ea,48000,2,240000,5.000000000,-24.21,-7.92,-18.29,1.21,,READY
3092.mp3,db2e4859145c00175582c5f7ad7ca8e1104a2234a6877544c24a165f7c3a90ca,48000,2,240000,5.000000000,-26.44,-16.25,-12.19,3.44,,READY
3093.mp3,5da5848ae935cd1797191c2d1f6bcb2000d8cb371943315f2576592f727fa0a6,48000,2,240000,5.000000000,-40.72,-31.11,-11.61,17.72,GAIN_ABOVE_+10_DB,READY
3094.mp3,9fc9aa0757ad81cdb35018232c8f577f6a66fd702b996f5d7a0edee65de5bccd,48000,2,240000,5.000000000,-22.00,-5.30,-18.70,-1.00,,READY
3095.mp3,56916d9e87e95f35df7aebaeb684755a548ee38fa276c328d1d06239707bef61,48000,2,240000,5.000000000,-27.50,-20.66,-8.84,4.50,,READY
3096.mp3,3db8610f29bbeb5b6d6ffcf93c8bb0ced00831ab64fd7dfc4844e4de2e2ed0f8,48000,2,240000,5.000000000,-22.48,-8.41,-16.07,-0.52,,READY
3097.mp3,dc525f8fc307b4e6b1df4ce2038cd0c79996bb01b422cad0865a82abc0470617,48000,2,240000,5.000000000,-22.32,-2.75,-21.57,-0.68,,READY
3098.mp3,a98b9f4452abe3454c9a1ae08e710ad28c672cc4e4a885e8ef00d5c0d3961df1,48000,2,240000,5.000000000,-33.80,-18.54,-17.26,10.80,GAIN_ABOVE_+10_DB,READY
3099.mp3,0b5fed53b7de1e3f6765aaefa6875ffe698b84a119adad01ea13098bc3d64f60,48000,2,240000,5.000000000,-34.15,-20.96,-15.19,11.15,GAIN_ABOVE_+10_DB,READY
3100.mp3,095458e84866c909172dce15ac0db153cb72a3a56777a98e7f8007b220d195bc,48000,2,240000,5.000000000,-34.97,-18.64,-18.33,11.97,GAIN_ABOVE_+10_DB,READY
3101.mp3,82d7ee572aa9f0e7cb46f45de81756818d6071fd7fd3f3e0d741ec4dc3948348,48000,2,240000,5.000000000,-28.96,-14.27,-16.69,5.96,,READY
3102.mp3,e06c1fb2ee019d72d7881fee0b837fa98283db56f349167e0ea947eedef271cd,48000,2,240000,5.000000000,-11.99,-2.81,-11.18,-11.01,ATTENUATION_BELOW_-10_DB,READY
3103.mp3,db19e0c9168a575e84610d4a94360377af27083ae8f04fef40fd65fe6c8ff578,48000,2,240000,5.000000000,-29.33,-16.17,-15.16,6.33,,READY
3104.mp3,7db3f7d5ec97087eff56031de399bc1d96af1eb8e826c4294bd11894d0dd6d63,48000,2,240000,5.000000000,-27.67,-16.67,-13.00,4.67,,READY
3105.mp3,78f211a3e7246ca972036793cbf51d51bc01d8bdeaa4aec20e6ce52ffc94d0d7,48000,2,240000,5.000000000,-26.26,-11.57,-16.69,3.26,,READY
3106.mp3,a223798eb9fcab354866a6e2162945e00dcb8f0fd955884733b20eb472fd4be0,48000,2,240000,5.000000000,-61.50,-49.40,-14.10,38.50,GAIN_ABOVE_+10_DB,READY
3107.mp3,0c3e1ed51de37fb6dd4eedf97de54198054f4aae1b33ca6c701e525b4f1f286c,48000,2,240000,5.000000000,-29.04,-17.21,-13.83,6.04,,READY
3108.mp3,8da2e946051656a02b1edf86b5dc650e4dff519af01f3a5b41242da64701c26b,44100,2,220500,5.000000000,-27.21,-13.46,-15.75,4.21,,READY
3109.mp3,8a1f78c064ff92df2ce53fd6222b8c88ef97d627c2b66e67e47e8c36dcf0212e,48000,2,240000,5.000000000,-22.78,-10.29,-14.49,-0.22,,READY
3110.mp3,49a99795d2f427edb703539cb4f8e845e50abd4822cb714d10decdb0624dee14,48000,2,240000,5.000000000,-27.17,-17.80,-11.37,4.17,,READY
3111.mp3,aabf25d0cf70d3a8c6514aedcd5b5db6a924f6fa1e57e0e024d647e8b59a1956,48000,2,240000,5.000000000,-26.77,-12.96,-15.81,3.77,,READY
3112.mp3,542edb6b99bf1e0b2c237dca111dc6515edcf43827eabf73d7c9ce0c4e11997f,48000,2,240000,5.000000000,-21.68,-9.27,-14.41,-1.32,,READY
3113.mp3,93333d495e93ba6d093e9cdbc5abee868377f147668f7cc9b16f634ae36dce87,48000,2,240000,5.000000000,-25.28,-10.77,-16.51,2.28,,READY
3114.mp3,ec8e1702f58c29c16d7a15f133f60a84afca7e33ff0f868366a6f0dcde8e913b,44100,2,220500,5.000000000,-27.29,-10.55,-18.74,4.29,,READY
3115.mp3,b85551dfb8b5990c938085d0693c0ea3ce6f7c5aa548e54dada0cb54baed6e27,48000,2,240000,5.000000000,-29.81,-18.43,-13.38,6.81,,READY
3116.mp3,216610c0b4fbf61ed2fbbbfebda1b0977c80b23b7800ba0e1825643e4dbb3fac,48000,2,240000,5.000000000,-25.29,-11.15,-16.14,2.29,,READY
3117.mp3,006ae9c6f6a89be860c43c652d7da032fb670368908cbedf0c6332309c131e28,48000,2,240000,5.000000000,-35.29,-21.96,-15.33,12.29,GAIN_ABOVE_+10_DB,READY
3118.mp3,49a10dbfb507154deb0c2e656b0829fde4dee4a4a88048c26c4fa982e583b91d,48000,2,240000,5.000000000,-13.48,-0.16,-15.32,-9.52,,READY
3119.mp3,76505917e38d331f1b8650c35d64efb5bb4b3a92ccf67a06cb35d893f1011f64,48000,2,240000,5.000000000,-25.40,-13.34,-14.06,2.40,,READY
3120.mp3,b99221f2f726b1903be4ffc3f6698f1d7aa6df8acb2441899658f19faf5ce03a,48000,2,240000,5.000000000,-19.00,-7.03,-13.97,-4.00,,READY
3121.mp3,c421ddeee536ba39cc0d40c45d467e019bea2a134718ee569bf697b988392f92,48000,2,240000,5.000000000,-19.35,-2.81,-18.54,-3.65,,READY
3122.mp3,e980b7af6dab4675ea138abd93da10df607556f98d547ce2c77727ce9acd69c7,48000,2,240000,5.000000000,-20.78,-10.25,-12.53,-2.22,,READY
3123.mp3,d4b6b711111f26149b00f0809e0c89cf6d6b0545c2aefeb483cd539dbe6a95f8,48000,2,240000,5.000000000,-44.42,-27.89,-18.53,21.42,GAIN_ABOVE_+10_DB,READY
3124.mp3,196a105f6248eecdd1142835dc7facfbd53cf2220b600cc422a2ae78be70600c,48000,2,240000,5.000000000,-19.11,-4.31,-16.80,-3.89,,READY
3125.mp3,09aafec607e9266d75489c4cf3fa134fa05ab81d74135ae6046921de9c2541f4,48000,2,240000,5.000000000,-28.21,-12.18,-18.03,5.21,,READY
3126.mp3,394d08a33c797b4014433ea7989199648487e55c27135b11f39af8be8ece9fe8,48000,2,240000,5.000000000,-21.81,-10.54,-13.27,-1.19,,READY
3127.mp3,b522b22b3964dc2c70d76f7e7e6e6a2493a14bee8380f22a4186acbe95f0bc78,48000,2,240000,5.000000000,-19.91,-6.34,-15.57,-3.09,,READY
3128.mp3,aec6bf0143dbb93706dfa9d6ca0e9c4e248dadf1b05bbba4743f1ee4f36dc2ab,48000,2,240000,5.000000000,-25.22,-10.50,-16.72,2.22,,READY
3129.mp3,6ce7cecf4d90a4628e0253a800886e4dd564d2a94278e828ef77e9db7af5b47d,48000,2,240000,5.000000000,-42.19,-32.71,-11.48,19.19,GAIN_ABOVE_+10_DB,READY
3130.mp3,b77135f3321fbd8cb9dc713cdfa137d440c578f33a99a9429f76a7a225ce58c2,48000,2,240000,5.000000000,-26.23,-3.82,-24.41,3.23,,READY
3131.mp3,ec88be4ffdf7fca86dbe988ba9ad49e63bc1b53458da9b1c75e77e258fdcd1ec,48000,2,240000,5.000000000,-20.95,-7.04,-15.91,-2.05,,READY
3132.mp3,51b258544777c403fa3a2c26e9546da52ef1e6b2bcc13239fd255a45e1f0c0de,48000,2,240000,5.000000000,-43.36,-28.69,-16.67,20.36,GAIN_ABOVE_+10_DB,READY
3133.mp3,d365295f8ff61e84af3dae3a64e7db9f6ad9e34db7ec0f6132cf0cc1e3093065,48000,2,240000,5.000000000,-23.07,-7.49,-17.58,0.07,,READY
3134.mp3,ff1051e3062fe496f9b5e32597ac39de37da3c0edf98ebf7d914469a5dd691e8,48000,2,240000,5.000000000,-19.71,-6.43,-15.28,-3.29,,READY
3135.mp3,d7ea4d0791a15ef70f4c9f1f80ce944c5e35372f8829c06d2991f39e433dfe67,48000,2,240000,5.000000000,-19.69,-7.48,-14.21,-3.31,,READY
3136.mp3,80517fe90bc9d853428066300d3e3b1dde4d146627fb243489ba8a303b97f076,48000,2,240000,5.000000000,-32.15,-17.39,-16.76,9.15,,READY
3137.mp3,e56bfbc2c03ab489ae7e3634ea00441abb112dcd41917b2d33c11f2d47695b18,48000,2,240000,5.000000000,-32.22,-18.93,-15.29,9.22,,READY
3138.mp3,9a3f0edf6297014a319a6f671b8341712ae2c86ede3daa655fcb7f5b2f891a18,48000,2,240000,5.000000000,-24.26,-7.82,-18.44,1.26,,READY
3139.mp3,80d74b08936a9882f3c9ea1061d6e7c48057bc0056393b157a8be6f0ff6aa1f5,48000,2,240000,5.000000000,-35.05,-20.69,-16.36,12.05,GAIN_ABOVE_+10_DB,READY
3140.mp3,18fd8a3a2af12767a96f439032ff1193d0a74facdcb8aaa1a6704c85f942444a,44100,2,220500,5.000000000,-40.63,-24.69,-17.94,17.63,GAIN_ABOVE_+10_DB,READY
3141.mp3,15aeabb5c103b455de8e2a94b8c8bb9f1b20a3e02fc190967c2707fde7981f96,48000,2,240000,5.000000000,-30.27,-19.65,-12.62,7.27,,READY
3142.mp3,a1421e2b733a5256570aac4cef7f27b6e8670d1687f1d9daf0b1a99b6d4e412f,48000,2,240000,5.000000000,-38.18,-23.78,-16.40,15.18,GAIN_ABOVE_+10_DB,READY
3143.mp3,ff98ffbc6eaac1232adbd0873d664f0504ed61a06fb1ac454a9a719cc99aaa85,48000,2,240000,5.000000000,-24.55,-11.56,-14.99,1.55,,READY
3144.mp3,8957ee532c2e421e2f4cd7764272f431ebddecdbdf0babd06b600fd66bd50a7d,48000,2,240000,5.000000000,-33.81,-21.90,-13.91,10.81,GAIN_ABOVE_+10_DB,READY
3145.mp3,63f8d2398f632aa79f6c2f86ee8eb6d46d13e61c2e0a1dbbdf1f0d75e595253a,48000,2,240000,5.000000000,-41.23,-30.71,-12.52,18.23,GAIN_ABOVE_+10_DB,READY
3146.mp3,0c27d4c20c20ffef0805e2a45d0b9e761a7c44d06ff785434c093c8624e7c516,48000,2,240000,5.000000000,-17.49,-1.98,-17.51,-5.51,,READY
3147.mp3,bb7dcc5d916c883e0a8cb9ed51b15eb27b9f80f9a62b287b89737af90e7ba754,48000,2,240000,5.000000000,-47.12,-32.51,-16.61,24.12,GAIN_ABOVE_+10_DB,READY
3148.mp3,99738d093a9dd237969adae34201003d7ac93d466f70964cd2621712b3808a3a,48000,2,240000,5.000000000,-34.55,-20.62,-15.93,11.55,GAIN_ABOVE_+10_DB,READY
3149.mp3,5b12d7351a5fa65aed259288848e86463bfd9d74ebb23ab34d8589fdf04190f2,48000,2,240000,5.000000000,-21.22,-10.51,-12.71,-1.78,,READY
3150.mp3,a9cb3987edea9727db25f99fb6a2a9754381ca48b9cb2d53486a023d05e8cdc7,48000,2,240000,5.000000000,-36.23,-30.86,-7.37,13.23,GAIN_ABOVE_+10_DB,READY
3151.mp3,d687159455f40dc1cad94053ef430f3bbbe80a2beb31832a37cee9dda06dbbce,48000,2,240000,5.000000000,-32.92,-21.04,-13.88,9.92,,READY
3152.mp3,cd8d43e01662142f67540f645bafacfbaea54969031e6f406f28c3c270cf348d,48000,2,240000,5.000000000,-18.76,-6.10,-14.66,-4.24,,READY
3153.mp3,77154e22842d5bdc2d1979b0b42a51ff853076c7d7fe4ba0fca054268507fd7d,48000,2,240000,5.000000000,-33.70,-16.92,-18.78,10.70,GAIN_ABOVE_+10_DB,READY
3154.mp3,907e185c339015fd1ab5807a080ffbd7c9006a4e6cc12d666808e103e9d5757a,48000,2,240000,5.000000000,-25.95,-10.24,-17.71,2.95,,READY
3155.mp3,54f6c840b3225925fef942704dbd29e0845bfeae6fbcf051c03681508f5de8a6,48000,2,240000,5.000000000,-21.42,-12.34,-11.08,-1.58,,READY
3156.mp3,e63640bf73386173f5794684bddfc928f27778a85b9bb030ef1ec2d6f7e7c417,48000,2,240000,5.000000000,-21.86,-9.33,-14.53,-1.14,,READY
3157.mp3,2bbe9d2aaa9c39a5dfed09666418a2acf4f1bed2323136a8d4ec8585672c59f6,48000,2,240000,5.000000000,-13.45,-2.36,-13.09,-9.55,,READY
3158.mp3,fa1ebc3988ec47b9c5dfa31929558468a46f6aa303f2c2687976c8957d6a1b62,48000,2,240000,5.000000000,-21.46,-5.45,-18.01,-1.54,,READY
3159.mp3,47b0cfa686cd7574792bc914dd5c8e61311609358ceb741ed32d7367d15e2598,48000,2,240000,5.000000000,-31.20,-16.34,-16.86,8.20,,READY
3160.mp3,379d9759dfa722a678c5da4670705c14bce561a7f2f5f2a5e8c4493dc1906b40,48000,2,240000,5.000000000,-29.37,-16.74,-14.63,6.37,,READY
3161.mp3,831299311219f1255191f1decd85ef4b9fde0664e1a48483de9a7682f8f1e106,48000,2,240000,5.000000000,-21.06,-8.63,-14.43,-1.94,,READY
3162.mp3,7d276eb2511e144162d9ce7ba9a059c2fa30fb77f1559582810cf374da8fb0e7,48000,2,240000,5.000000000,-13.69,-3.76,-11.93,-9.31,,READY
3163.mp3,e268c17944c47359d2251b2c81186549e899e83a5964b2286c620ba02f096747,48000,2,240000,5.000000000,-30.98,-15.17,-17.81,7.98,,READY
3164.mp3,a05ed10de9493197a5efc83be77a62d70375ba9da504060a207795d6f8d6f7d9,48000,2,240000,5.000000000,-24.89,-11.33,-15.56,1.89,,READY
3165.mp3,9cbbd455828fed8d31ec759b66630144b23fc9b0969b38c7d60e0aff8ad786b8,48000,2,240000,5.000000000,-25.16,-12.66,-14.50,2.16,,READY
3166.mp3,3651db4051d9b26a1bcc0ee40d0e9244d890c2703c9bf5ec5f838c804c2099e3,48000,2,240000,5.000000000,-38.16,-28.71,-11.45,15.16,GAIN_ABOVE_+10_DB,READY
3167.mp3,9d6089ed3d6a50c9fa7d87dddf95419ed6b62333eb927616440e2031ab651860,48000,2,240000,5.000000000,-28.20,-15.04,-15.16,5.20,,READY
3168.mp3,aef02f7b475e0d875220581d4cf1854ccbe55215c5fd64b5989983559424afb4,48000,2,240000,5.000000000,-20.08,-9.80,-12.28,-2.92,,READY
3169.mp3,9f26d549365981fc13400c835841bfa1a141642f3b4e8c0d816a2a2c79bcb02a,48000,2,240000,5.000000000,-20.76,-6.47,-16.29,-2.24,,READY
3170.mp3,b5467fb34adedaa84c3300f1d75f2e70f634cc4c2673c90f7978bcd07c47746f,48000,2,240000,5.000000000,-18.75,-0.53,-20.22,-4.25,,READY
3171.mp3,8e706d3f451453998bba0bbe88a169c97238b1fd47f89f14936981d4fa05fd33,48000,2,240000,5.000000000,-15.13,-4.14,-12.99,-7.87,,READY
3172.mp3,d3e72eec60038cfb3d54d06d4fe58811de6133900172f912a337be3df18717ec,48000,2,240000,5.000000000,-22.55,-10.05,-14.50,-0.45,,READY
3173.mp3,691401ca201ddebd88eb0c47e29c96509f8a21562d1424a9d2166e118faef7da,48000,2,240000,5.000000000,-17.97,-4.55,-15.42,-5.03,,READY
3174.mp3,ade4f1d079702ee1105b9d11046674e6b0c9f6ae79776a83a74f1bbe179792db,48000,2,240000,5.000000000,-24.07,-11.64,-14.43,1.07,,READY
3175.mp3,91b6c669006edca4b501b2075d85c25bd5ec8333c8caf6fb8cf02e0fab0528e7,48000,2,240000,5.000000000,-26.45,-15.15,-13.30,3.45,,READY
3176.mp3,394781fac675134e6c84027a930351f3627c9dbe68ef9dea3f0cbf0125185e5e,48000,2,240000,5.000000000,-16.09,-4.35,-13.74,-6.91,,READY
3177.mp3,b02baf8dae0d73385b74914566a839a8f57cf13df91bea26ea2860f48c9af27d,48000,2,240000,5.000000000,-18.59,-5.63,-14.96,-4.41,,READY
3178.mp3,a3601e3ac5a0a9572e31895adcc799df07bdad4749a5156d33caef85646169b4,44100,2,220500,5.000000000,-23.21,-12.43,-12.78,0.21,,READY
3179.mp3,a695d8314758d7f3b8a96c5932df52b88c0967e250985c11a353b2de77f3e6d7,48000,2,240000,5.000000000,-18.90,-3.41,-17.49,-4.10,,READY
3180.mp3,88e46996bd19bcf4f0fe5714b18be662ea09b61704e3b2d55de293acb435c44e,48000,2,240000,5.000000000,-18.94,-7.65,-13.29,-4.06,,READY
3181.mp3,e9feaa22eea272eb89a2a3bb4bd061bc29b08491579e83b5319f135e5238eca6,48000,2,240000,5.000000000,-25.52,-11.55,-15.97,2.52,,READY
3182.mp3,83049e0a7c3b5bf4d5dd51fead92dc434dc3026481320d7c772522e53d52aa5d,48000,2,240000,5.000000000,-18.21,-6.39,-13.82,-4.79,,READY
3183.mp3,15ffd3645b711cc651aa9fe16b1523df6e7ec053ef85fb7396fca175a0075145,48000,2,240000,5.000000000,-24.84,-7.92,-18.92,1.84,,READY
3184.mp3,c4ee95ad40e0b7908e20949aaab07ed8f43bfa9f559f916ad539465c2133e337,48000,2,240000,5.000000000,-26.54,-15.45,-13.09,3.54,,READY
3185.mp3,ed579c060756f467ad03f5bc07a4d9514070c3a556f48f7fa7f1d4b0478801a3,48000,2,240000,5.000000000,-29.26,-16.08,-15.18,6.26,,READY
3186.mp3,1df6021f3fd25b5595f2dd78df0611eb74c23603c0e3886c8cde82859d82a4c9,48000,2,240000,5.000000000,-19.38,-5.20,-16.18,-3.62,,READY
3187.mp3,d8e726943d0e9493af9ee7512be18dde64d99484918ae9ce2fa308b7e921bc49,48000,2,240000,5.000000000,-23.25,-9.82,-15.43,0.25,,READY
3188.mp3,53446f38a38e2c28a5927a20198af9d1d5a7ba761b55dd037e136960cd225557,48000,2,240000,5.000000000,-15.00,-4.32,-12.68,-8.00,,READY
3189.mp3,8b7e22b35affd2624ad0d79115166420ada55bec24468add02f5f0346eb1eb81,48000,2,240000,5.000000000,-24.55,-11.56,-14.99,1.55,,READY
3190.mp3,ba63f7ba4829533f7c5169a22974b2d8624da7e3a8231d8f7b360bcd172f51c8,48000,2,240000,5.000000000,-23.27,-6.14,-19.13,0.27,,READY
3191.mp3,26e0f0ea63c599b2bb2055fbec3c4c15193ee6d74429ba34d21e0a61972a2931,48000,2,240000,5.000000000,-8.59,-0.18,-10.41,-14.41,ATTENUATION_BELOW_-10_DB,READY
3192.mp3,2d84d1234e4f84c5d6db9a57d02f746cd038ff0841fb5899827385a8b28b33b6,48000,2,240000,5.000000000,-39.12,-20.25,-20.87,16.12,GAIN_ABOVE_+10_DB,READY
3193.mp3,13005f6cdfeb69cf35ce3592078729340633a8149bea70d4d5bfea87afc12d6b,48000,2,240000,5.000000000,-25.03,-6.52,-20.51,2.03,,READY
3194.mp3,77b09890989adc6a8f2d963b91348ae539cf17cfa4e27abd8ed3394e8509039c,44100,2,220500,5.000000000,-29.07,-17.11,-13.96,6.07,,READY
3195.mp3,045bb18ad20abc0e685621bfa1d2e0abf2729bf1dfc00e93fd5213b85565f9b4,48000,2,240000,5.000000000,-22.54,-10.59,-13.95,-0.46,,READY
3196.mp3,4aaca5c5cef1fb1a7dc338c7533541e9190ec7927b7103b0ddec6a6d59135264,48000,2,240000,5.000000000,-19.36,-8.08,-13.28,-3.64,,READY
3197.mp3,a32ba96650c427b1681f1d6ef95adc644f023bb1dd6c596ac6d15a923f39e7e5,48000,2,240000,5.000000000,-29.81,-14.09,-17.72,6.81,,READY
3198.mp3,febda071f2ffd320375cc221c8e3d282da4902761fdc4f18666963ee69b34e2b,48000,2,240000,5.000000000,-14.36,-3.80,-12.56,-8.64,,READY
3199.mp3,ad348877bb9b15582b7e4cd1a22ef740d3a3b8cca5d5056359a17ca8b016e6ca,48000,2,240000,5.000000000,-27.54,-12.61,-16.93,4.54,,READY
3200.mp3,a7a91ca376f2e57cbc288f1bb54c2c3d81acb40e7b31f4fbbc9624e61da86ed4,48000,2,240000,5.000000000,-31.04,-18.76,-14.28,8.04,,READY
3201.mp3,64302d38feb864fc23b8938ffcfe683d68d20bf5d3f7e0d43fc607e2482d4604,48000,2,240000,5.000000000,-30.24,-12.54,-19.70,7.24,,READY
3202.mp3,00c74e9fcca7378a762083a20bec673341258676b4802331e995acdae324b174,48000,2,240000,5.000000000,-19.88,-2.93,-18.95,-3.12,,READY
3203.mp3,ef7d0ae06a030f218b734417689560f1cedb422cf9317349d5d93879f6551727,48000,2,240000,5.000000000,-17.84,-2.50,-17.34,-5.16,,READY
3204.mp3,38f0679f50ceefc1a12beba5953c56ffb84a287d21ec80246a34594b2b4e17d2,48000,2,240000,5.000000000,-32.09,-19.68,-14.41,9.09,,READY
3205.mp3,480a5f6ba0621c2a295bf31e80879e8998739f81c0fc2ec5576ad1a1b18149ff,48000,2,240000,5.000000000,-18.32,-6.03,-14.29,-4.68,,READY
3206.mp3,26dcf3a3f85ed6be7b8c667ae6acb2d9f48a63eb169ed50bfaebbc7b8b9a0be8,48000,2,240000,5.000000000,-29.05,-15.20,-15.85,6.05,,READY
3207.mp3,31bf443e0f52d45bf8e9e4fcc3776645e8ff60376a64e65829ed49e821bad29c,48000,2,240000,5.000000000,-19.85,-7.02,-14.83,-3.15,,READY
3208.mp3,c582b118996b7a4f5f8aff07b8948548d191b0c6480c2f017f937f4639fe99de,48000,2,240000,5.000000000,-38.96,-15.59,-25.37,15.96,GAIN_ABOVE_+10_DB,READY
3209.mp3,56d33ef8e1a19e5361e113558c518525320b63babcb2787b1b45f52e2aa2d617,44100,2,220500,5.000000000,-35.15,-14.14,-23.01,12.15,GAIN_ABOVE_+10_DB,READY
3210.mp3,bf6969b5405ca2c92fd49b05007cb158aff8107d89b2b17fef19ecded8a9d3f6,48000,2,240000,5.000000000,-29.98,-15.26,-16.72,6.98,,READY
3211.mp3,aa951ac70e68d2e7db91592ac2696b9e54065b6c07a98a9f9b0150f72c4e3083,48000,2,240000,5.000000000,-16.69,-6.16,-12.53,-6.31,,READY
3212.mp3,0600b72be6c56ece18cc4d6e05f3ee70c0051fc3f9e6fe5c86c09e3e69783fc2,48000,2,240000,5.000000000,-21.41,-10.93,-12.48,-1.59,,READY
3213.mp3,57e7af0aea04fc01e65d7f948fbc76bf026829f255a9dedb338946f6a9e5b735,48000,2,240000,5.000000000,-33.41,-19.84,-15.57,10.41,GAIN_ABOVE_+10_DB,READY
3214.mp3,608e291929635031300a9ee5133f6f5537003d674633b2803c346c0ee7b00e1f,48000,2,240000,5.000000000,-48.64,-33.30,-17.34,25.64,GAIN_ABOVE_+10_DB,READY
3215.mp3,93d4c7f6758bd59f3a419be1486ee5ded11542d4073cd70d5dc9c0648ad26923,48000,2,240000,5.000000000,-41.00,-24.37,-18.63,18.00,GAIN_ABOVE_+10_DB,READY
3216.mp3,21cdd2356d1768944e7b4442ce30dc12cc35016364a72318882138c3c4e97d85,48000,2,240000,5.000000000,-24.21,-16.34,-9.87,1.21,,READY
3217.mp3,1a5e9f386d1b03135aaf50e0bc488196190e4687cb2e431e3c3c4ae234dc28e2,48000,2,240000,5.000000000,-12.61,-0.74,-13.87,-10.39,ATTENUATION_BELOW_-10_DB,READY
3218.mp3,98da8a06e57b28e7c2d7c27e53ddf67298c1d5a4e01748394dbca5777514251c,48000,2,240000,5.000000000,-18.71,-12.81,-7.90,-4.29,,READY
3219.mp3,0fb5746b3478f307c49050bbd696b3ef3bded506a2ce45a5998bdc8d258fb23e,48000,2,240000,5.000000000,-22.28,-7.83,-16.45,-0.72,,READY
3220.mp3,b90d3b6075d66b0915e177c41e736015e4499546e78cc1534a49cde5b058150b,48000,2,240000,5.000000000,-38.92,-27.89,-13.03,15.92,GAIN_ABOVE_+10_DB,READY
3221.mp3,f7bef9cdca62ca75d94bcf87174c617397dd28bcb9a716e49504b65a82f487f4,48000,2,240000,5.000000000,-24.24,-8.65,-17.59,1.24,,READY
3222.mp3,8b6d547adb277bcfd901830bf4ef23c95ec30c85a534818429d6ffbdc8d9b689,48000,2,240000,5.000000000,-18.55,-4.72,-15.83,-4.45,,READY
3223.mp3,67fe3c712dd3185cd6ae87c8ada3a62a6e61f90349e7b139a198b8c8388584aa,48000,2,240000,5.000000000,-32.41,-20.14,-14.27,9.41,,READY
3224.mp3,011b85d94bbefcfe520b65193d322926b84250e8fa29417df14a549813f737f4,48000,2,240000,5.000000000,-43.76,-30.02,-15.74,20.76,GAIN_ABOVE_+10_DB,READY
3225.mp3,3cb48f1cb56120a761b495651899c3a1b8377c9d7b2581acd51986aec7f09796,48000,2,240000,5.000000000,-24.16,-10.77,-15.39,1.16,,READY
3226.mp3,0f6ce289a9cba1232aab57fa6c976394f8a3eeb5098d90764f73a63ecf408328,48000,2,240000,5.000000000,-43.12,-28.46,-16.66,20.12,GAIN_ABOVE_+10_DB,READY
3227.mp3,cec42e667e3f5c1423ad2287593ecde6e232495b5fa0097815993fd4c9dbfe59,48000,2,240000,5.000000000,-19.34,-4.44,-16.90,-3.66,,READY
3228.mp3,924739be4a7aa39b5970b887e04cab690a26370ffe46c41fb71be9e2b36a7e8e,48000,2,240000,5.000000000,-27.85,-16.44,-13.41,4.85,,READY
3229.mp3,be605b65d2662075b7e15bfa98a6fbd57fa5c4b06754e71784812deff2067212,44100,2,220500,5.000000000,-28.46,-11.70,-18.76,5.46,,READY
3230.mp3,11a619967e6f1710c8e77d32bdd379126e21fad0f333e95ce7d7325a21258a39,48000,2,240000,5.000000000,-23.16,-8.10,-17.06,0.16,,READY
3231.mp3,e960f510e0c213cc96644c3fd6a5dbde9b874d8efdf914c812819aab13b767bb,48000,2,240000,5.000000000,-31.91,-20.34,-13.57,8.91,,READY
3232.mp3,e469259353b39a5a269815c2c4178115ad35f911564c798021b05014af38f910,48000,2,240000,5.000000000,-39.74,-18.77,-22.97,16.74,GAIN_ABOVE_+10_DB,READY
3233.mp3,24428b2e88ddbcc67ab9b63ed2909b376504bf84d35bf1adac39dcc4f834bbe0,48000,2,240000,5.000000000,-22.57,-6.03,-18.54,-0.43,,READY
3234.mp3,1d08df50e4a5efa988763413759cb45739fd7d9915ac5348951a60512091ffdf,48000,2,240000,5.000000000,-19.32,-4.05,-17.27,-3.68,,READY
3235.mp3,995e26cae5c2073c31df06b2a598baefb481d397fc552cc2bc29215751a1e358,44100,2,220500,5.000000000,-23.93,-6.35,-19.58,0.93,,READY
3236.mp3,15ee7d0df3300e7d778a252458fe8633089b42449a49f4e53b9ffd7799426c1f,48000,2,240000,5.000000000,-15.63,-4.46,-13.17,-7.37,,READY
3237.mp3,dcccf3ba80c2107b34be0549d91ea1c0218a1defe5be66446430430a5a1aede2,48000,2,240000,5.000000000,-19.23,-3.97,-17.26,-3.77,,READY
3238.mp3,9c583ac96c53066a5f5205125121bed4ec9095678f73df11e0c2e1c0bd4068e8,44100,2,220500,5.000000000,-16.71,0.24,-18.95,-6.29,,READY
3239.mp3,6688f5e85e0ef7ace63c272a54301dd5af027cd8fe82d3f9f6c23611cb40135b,48000,2,240000,5.000000000,-35.34,-23.00,-14.34,12.34,GAIN_ABOVE_+10_DB,READY
3240.mp3,b5bd4c1f0141f0315ec19a88c95e19c15dd36bf3e2e847dfb057026c11e46c0e,48000,2,240000,5.000000000,-19.80,-7.84,-13.96,-3.20,,READY
3241.mp3,3ac31d01de58fb0be3bdd6e2c209f7fdb9048c52693109e2f0d6d9878121fae8,44100,2,220500,5.000000000,-19.43,-2.36,-19.07,-3.57,,READY
3242.mp3,cadff604c72f356b4a375061db5b10a662bd9b51f63cbf61889edfcfe21cd33b,48000,2,240000,5.000000000,-30.53,-10.88,-21.65,7.53,,READY
3243.mp3,dee1c35990a599ddfe220434e959edfb92eb7b3c26e1838b7ebe4a0095f15310,44100,2,220500,5.000000000,-32.41,-22.60,-11.81,9.41,,READY
3244.mp3,f9265f445efeffe8d11c92a8d362a3e285ffb4d3c41edbca88a781f83b09dd57,44100,2,220500,5.000000000,-31.38,-21.49,-11.89,8.38,,READY
3245.mp3,06ebc4570de62463295514dccdffad6d1da13c2b918b6623353a65b622caec28,48000,2,240000,5.000000000,-24.21,-12.71,-13.50,1.21,,READY
3246.mp3,bd20cfbadfa310d41b62581bdc9c4b288ff4682d4d586df1d5b9c7273b9b0161,48000,2,240000,5.000000000,-17.18,-4.34,-14.84,-5.82,,READY
3247.mp3,48bbef058117e2b7af6a4147b4a8e8b9f7005431c4945edf4d414f79b4646bf9,48000,2,240000,5.000000000,-27.20,-12.56,-16.64,4.20,,READY
3248.mp3,0b7f62129f77a6442fc41e9700a104a70164e7edb61557acb8bfaac2aea5b673,48000,2,240000,5.000000000,-44.21,-20.65,-25.56,21.21,GAIN_ABOVE_+10_DB,READY
3249.mp3,39ef6c0bf50c48459af9a90849a885645530021f73ec938a636bf2a1a654c178,48000,2,240000,5.000000000,-17.94,-9.22,-10.72,-5.06,,READY
3250.mp3,332bb62245de5585e4f623391a47910900ba7f5fc205a06cab4c48726f93364f,48000,2,240000,5.000000000,-22.18,-3.08,-21.10,-0.82,,READY
3251.mp3,4d8f8f22239bad0b8f5f816ab53d80b5f092b36c4a1f036b13342a5ce25bd3ed,48000,2,240000,5.000000000,-22.41,-2.96,-21.45,-0.59,,READY
3252.mp3,49eb1dc7ae835abe01d180f86155fae658a48e83ed777181d3456762b2dfc395,48000,2,240000,5.000000000,-20.59,-6.63,-15.96,-2.41,,READY
3253.mp3,8ae85de369a3405cca6ed5df1ebf950f1ad3f1809bd6c45b7536854615090904,44100,2,220500,5.000000000,-50.17,-33.77,-18.40,27.17,GAIN_ABOVE_+10_DB,READY
3254.mp3,952719d34cd325816224a3d35cc501a7b46b3d235693d4997ca71b93ff93729a,48000,2,240000,5.000000000,-29.08,-20.37,-10.71,6.08,,READY
3255.mp3,614a9b51a4dd2fe5b0793fcea01c006834e13441efdd4a042b275c61b79de9d1,48000,2,240000,5.000000000,-24.84,-6.42,-20.42,1.84,,READY
3256.mp3,a28ff689e2976469fd85b1b134072dff72b84a188d0c981e9bc23c646ba212c4,48000,2,240000,5.000000000,-29.76,-13.82,-17.94,6.76,,READY
3257.mp3,0e4ad920d5edb07cead840602babe190f2d4d3f4a8cd0453667cc49dbbcd3eb1,48000,2,240000,5.000000000,-43.99,-26.45,-19.54,20.99,GAIN_ABOVE_+10_DB,READY
3258.mp3,1695ededdbb22d15f9d6281b9479260fe1047158f3619c54b4a6fc5d313623c9,48000,2,240000,5.000000000,-67.80,-57.51,-12.29,44.80,GAIN_ABOVE_+10_DB,READY
3259.mp3,aa0186235bd8571bf88ed725c83ecf21edf53658f1982f1e12cdbdf320090808,48000,2,240000,5.000000000,-38.45,-24.00,-16.45,15.45,GAIN_ABOVE_+10_DB,READY
3260.mp3,fe2e1c85adce9e17abea4e0a079716e5a8a0501347d7945edb755de077fd846a,48000,2,240000,5.000000000,-19.56,-7.71,-13.85,-3.44,,READY
3261.mp3,1e5461a68a75384028f66d4e2d1b9509b236c5c4f6c99a86274fb356c7cd715a,48000,2,240000,5.000000000,-24.63,-10.00,-16.63,1.63,,READY
3262.mp3,f7a4e63d298d17ee89caad368ce68aa1c2df9c6c5329d2d0c8664b3d49c6134d,44100,2,220500,5.000000000,-29.05,-9.08,-21.97,6.05,,READY
3263.mp3,cf4a07761c87cb8b0235d1c80e9eda1c06b01d19f6949c8236460d7799fe333b,48000,2,240000,5.000000000,-25.96,-11.21,-16.75,2.96,,READY
3264.mp3,b30e7f70ae79ca3792302fe5213ed68327156f373d20d03a362b018724ee2ee2,48000,2,240000,5.000000000,-31.32,-18.06,-15.26,8.32,,READY
3265.mp3,d45d61a20df7194586fd32a17b3e6c7a9c2587eacdee358fe3d062122ba8e040,48000,2,240000,5.000000000,-24.53,-13.40,-13.13,1.53,,READY
3266.mp3,bc59f5405870c3eea0d7655ed13d64634361032d216ef2e971a69faa61f5c466,48000,2,240000,5.000000000,-21.18,-9.98,-13.20,-1.82,,READY
3267.mp3,74e75b80ffb072424738ef11a804088c60ad860632c678916cbab7d65647c588,48000,2,240000,5.000000000,-26.96,-17.13,-11.83,3.96,,READY
3268.mp3,fc1dc0d50de928172d4d3ff40fcd5f2eb19627df2963fa230dc062c01a9d1e0c,48000,2,240000,5.000000000,-28.79,-14.26,-16.53,5.79,,READY
3269.mp3,908ca676527ca5ba12f79f39149569bd84f7de0c928927f58488fc2e389ae7a9,48000,2,240000,5.000000000,-35.10,-16.48,-20.62,12.10,GAIN_ABOVE_+10_DB,READY
3270.mp3,f37d65e1acd723cbb263ef96bf601f20e100add4543edf31b84d83c86547cbc0,48000,2,240000,5.000000000,-37.29,-22.40,-16.89,14.29,GAIN_ABOVE_+10_DB,READY
3271.mp3,9c50d70fec10e9b0b05f4727951a33081af25525a8a9c8b67dfc51a0e0c76e00,48000,2,240000,5.000000000,-16.75,-4.03,-14.72,-6.25,,READY
3272.mp3,6e1ffcf4b41d0ec362d70c5cf6f9eb314277b8cd3ccc1182ce88f54254ac6257,48000,2,240000,5.000000000,-34.06,-19.98,-16.08,11.06,GAIN_ABOVE_+10_DB,READY
3273.mp3,2d4b8572af344fee2e42de3077c59a6b248691bc3b0d3dca423eac356c356d4f,48000,2,240000,5.000000000,-16.80,-4.38,-14.42,-6.20,,READY
3274.mp3,c3a4710d18a8d346e94805155d41bbd6c050e4db7d99d80fe92199d5796a8110,44100,2,220500,5.000000000,-48.12,-33.95,-16.17,25.12,GAIN_ABOVE_+10_DB,READY
3275.mp3,9c62b882560cc5881e909ea17e8d2fa5a3387de3d071e91e53938b54c1145bfe,48000,2,240000,5.000000000,-53.92,-35.08,-20.84,30.92,GAIN_ABOVE_+10_DB,READY
3276.mp3,68a24f3b596ccd04d56aa7e28451f30c6616e2dee97a23aebe69a71ec8a4a6ff,48000,2,240000,5.000000000,-24.82,-10.24,-16.58,1.82,,READY
3277.mp3,7f5176713fe6793b11d0e83511d81966f35fdb34cd052bfdc4412330cc88117f,48000,2,240000,5.000000000,-50.93,-40.35,-12.58,27.93,GAIN_ABOVE_+10_DB,READY
3278.mp3,3a39a2c765350aa1e173950245505d188f8807606017dd1d05a2546495c1980d,48000,2,240000,5.000000000,-29.46,-18.48,-12.98,6.46,,READY
3279.mp3,bd459ee40ce43a4acc0b4349469467abb0eab8959322a4361ac2a08266d567f2,48000,2,240000,5.000000000,-66.03,-41.62,-26.41,43.03,GAIN_ABOVE_+10_DB,READY
3280.mp3,37816b11539c366841c43abeaf49c7c8327ef11e235ef4bcf086df8071561eb6,48000,2,240000,5.000000000,-52.77,-46.48,-8.29,29.77,GAIN_ABOVE_+10_DB,READY
3281.mp3,52d90fb7a8c90f049c1f1bba54a0ead719893bd00c841b29bce5a8a434408505,48000,2,240000,5.000000000,-31.90,-20.72,-13.18,8.90,,READY
3282.mp3,32c2821c4bc00d1b32dfb896699046599e98bd2be37fd86e04ab2bba5639b5ea,48000,2,240000,5.000000000,-37.77,-22.61,-17.16,14.77,GAIN_ABOVE_+10_DB,READY
3283.mp3,8c965ffe629104c890f61da454d00c83c09b0c6e62ff1ae620156253c463d7e7,48000,2,240000,5.000000000,-9.30,-3.73,-7.57,-13.70,ATTENUATION_BELOW_-10_DB,READY
3284.mp3,097425ec7e6502543d974156bf6b50b230a39b3e49da1c4bb9521af5cc53f69b,48000,2,240000,5.000000000,-52.61,-37.52,-17.09,29.61,GAIN_ABOVE_+10_DB,READY
3285.mp3,716ac7485e6c875312748d8900128d4ad36b6ec2fbdb24edbd3e5489600a61d5,48000,2,240000,5.000000000,-60.38,-44.88,-17.50,37.38,GAIN_ABOVE_+10_DB,READY
3286.mp3,53d590e4647529c1ac20b5de6a39b127f39794217701597e24c005263d5fc0d1,48000,2,240000,5.000000000,-22.12,-5.47,-18.65,-0.88,,READY
3287.mp3,d6b308c303c80a7e68b1ee11b1cf30d698f6b93a1516afdd19193fe0ed8eea7b,48000,2,240000,5.000000000,-40.83,-28.13,-14.70,17.83,GAIN_ABOVE_+10_DB,READY
3288.mp3,5f403f32797614520375440a578e0d67a418741c670239ade826ac5857bd9dc4,48000,2,240000,5.000000000,-41.14,-25.99,-17.15,18.14,GAIN_ABOVE_+10_DB,READY
3289.mp3,0964474b5feb211822632c7be849b046d20f1e7d643edbd99591773c49928233,48000,2,240000,5.000000000,-27.83,-12.96,-16.87,4.83,,READY
3290.mp3,7f3f51e01056ce794eeb4df3824664344219c653461d750b312cf281ce1a92a3,44100,2,220500,5.000000000,-27.31,-0.25,-29.06,4.31,,READY
3291.mp3,8a2807c4d07cc12680633efa2195a899f60ac5c2e781e30ef7c1518a3291a6ee,48000,2,240000,5.000000000,-12.79,-1.06,-13.73,-10.21,ATTENUATION_BELOW_-10_DB,READY
3292.mp3,8b9d8a11da05dc0c2771a564abd2d44d01d96d4f45f0c42a2841c6c2c3f942c6,44100,2,220500,5.000000000,-26.39,-12.32,-16.07,3.39,,READY
3293.mp3,5849bf3b70a97788297df4a0ac89d1f5fdc2d1e294177d7776830c28b0b0d821,48000,2,240000,5.000000000,-28.03,-14.56,-15.47,5.03,,READY
3294.mp3,bb06c8164678b5d99100a417d9e645729ab38c5869bedb7288da06b140231da1,48000,2,240000,5.000000000,-14.06,-2.72,-13.34,-8.94,,READY
3295.mp3,1f47a7345a0ba86c72e168a5dbe88d7705750fb3e21e7d1b373730b84ab1b832,48000,2,240000,5.000000000,-49.11,-29.59,-21.52,26.11,GAIN_ABOVE_+10_DB,READY
3296.mp3,1fb63323173072ef5e98fdc7e27e2abe0258c4ff8258b8bd311835c1215e95ed,48000,2,240000,5.000000000,-54.95,-47.23,-9.72,31.95,GAIN_ABOVE_+10_DB,READY
3297.mp3,03e195924bb0b45f0a3d24017f74eb8f76636a74ca490be852f1223e163b6b85,48000,2,240000,5.000000000,-28.08,-16.76,-13.32,5.08,,READY
3298.mp3,4fdc9400f2601ae8b57b406b460e33dd1435483c385cfdf51f8a004eda2118c0,48000,2,240000,5.000000000,-17.50,-1.58,-17.92,-5.50,,READY
3299.mp3,ec7504f1dd8f32fde58e46b99ff1d8516bc07551831c47f0296cff3e618cee95,48000,2,240000,5.000000000,-26.78,-13.87,-14.91,3.78,,READY
3300.mp3,40241d432852890b326eb97dfd10e05eb58b138b75d8bcf646a3a96f4aea53f5,48000,2,240000,5.000000000,-55.90,-41.92,-15.98,32.90,GAIN_ABOVE_+10_DB,READY
3301.mp3,009040588630c318b5903bf41e4359aea85dcc7cd3dae238e898391aa4d7745d,48000,2,240000,5.000000000,-8.99,-0.16,-10.83,-14.01,ATTENUATION_BELOW_-10_DB,READY
3302.mp3,64b606372e547ab3d50b34a47643e54b70a19251a96388f4708e3a26e94b3184,48000,2,240000,5.000000000,-34.65,-22.54,-14.11,11.65,GAIN_ABOVE_+10_DB,READY
3303.mp3,96cdfe9349067c7bc2b9c022df129bcf074ac808a9c682c71005c7b8281e4cb8,48000,2,240000,5.000000000,-20.41,-7.44,-14.97,-2.59,,READY
3304.mp3,78178bd2c5189535c70e16451ff6815edd9127d43814b8d0780fa8e5e81dac99,48000,2,240000,5.000000000,-19.45,-6.39,-15.06,-3.55,,READY
3305.mp3,809187db05a549f58fc26c1d90e583abf153544fd7b4485dee616558818e8482,48000,2,240000,5.000000000,-38.77,-24.87,-15.90,15.77,GAIN_ABOVE_+10_DB,READY
3306.mp3,363cb330d7c15c3b8a391f858643b5a53b641738bfcecd159ffb828a47dc8dc7,48000,2,240000,5.000000000,-30.94,-13.37,-19.57,7.94,,READY
3307.mp3,2ae635f09866e90b5ef55812cc1efde932f8c262e89d379c40983d81204b3a3e,48000,2,240000,5.000000000,-41.43,-31.03,-12.40,18.43,GAIN_ABOVE_+10_DB,READY
3308.mp3,58484e553308108ecfc079d6a89b84024fbc956d649a43dfaecd3d90545b7062,48000,2,240000,5.000000000,-6.05,1.05,-9.10,-16.95,ATTENUATION_BELOW_-10_DB,READY
3309.mp3,31653bc05953784c5c45ee71b6a9201d541f4fba774fbc7de9e1d28e87f116d3,48000,2,240000,5.000000000,-17.33,-6.86,-12.47,-5.67,,READY
3310.mp3,d402397eb03e0d3fcd6a4c271c0dc51f67405529587b1e6d364687fb3972e728,48000,2,240000,5.000000000,-61.11,-44.71,-18.40,38.11,GAIN_ABOVE_+10_DB,READY
3311.mp3,af4ff364852737adde80c9776e44e1954986c7b18ec13cbb3b7a41b375e5adc9,48000,2,240000,5.000000000,-56.81,-37.42,-21.39,33.81,GAIN_ABOVE_+10_DB,READY
3312.mp3,67c69a7ee6648763911643861b1aeea119d36e408f9249a043d3cbf72e7b45cb,48000,2,240000,5.000000000,-14.09,-3.10,-12.99,-8.91,,READY
3313.mp3,b43e9131e26e379805dec45c94663102ae0574ca6ec0a0aabb2c99dab4a6676a,48000,2,240000,5.000000000,-61.07,-45.88,-17.19,38.07,GAIN_ABOVE_+10_DB,READY
3314.mp3,b736452dbfc084131cb1ac6925f26133ca146926ab12f55f3ab97a5e787b0294,48000,2,240000,5.000000000,-21.30,-6.31,-16.99,-1.70,,READY
3315.mp3,f7bce419c78159a8f90a33013020f68411b662ba7037782e44a080a70a2e669b,48000,2,240000,5.000000000,-37.57,-28.40,-11.17,14.57,GAIN_ABOVE_+10_DB,READY
3316.mp3,275e5f63c2d048b08027a3f51ee3e7bc04ab8cae861c9224cf7bbd89cee2fd80,48000,2,240000,5.000000000,-19.13,-6.73,-14.40,-3.87,,READY
3317.mp3,e3bf6c3350284da049a3232ea1dd3a0d2135df8a66be7a47a6c373d9b34b6619,48000,2,240000,5.000000000,-34.69,-24.73,-11.96,11.69,GAIN_ABOVE_+10_DB,READY
3318.mp3,bea758b8b6abece1600c35c0d91e8bd4cb3bab03535e72371d159cf5282bb447,48000,2,240000,5.000000000,-49.55,-33.89,-17.66,26.55,GAIN_ABOVE_+10_DB,READY
3319.mp3,9a1e0b3dd253001f6af747bf156056577450d482b53b287f2a6312467d36ad95,48000,2,240000,5.000000000,-38.40,-20.05,-20.35,15.40,GAIN_ABOVE_+10_DB,READY
3320.mp3,7dad74361e69dfb7d95b830845e72b2708b8dbfb526168851bc75c8fbbed62aa,48000,2,240000,5.000000000,-18.52,-0.11,-20.41,-4.48,,READY
3321.mp3,9e2d781bf664ed08cceab625bb60f367b45fe43507fd1a27238ab8bbf65c9d3c,48000,2,240000,5.000000000,-66.30,-54.20,-14.10,43.30,GAIN_ABOVE_+10_DB,READY
3322.mp3,3ec6e4abae023f283ae66e68eda05ff83fafb82859a6e45bec061cabb8222cf6,48000,2,240000,5.000000000,-19.97,-6.92,-15.05,-3.03,,READY
3323.mp3,bfb4dcc09f492758526b2492eaa90737a49f92db0d1f7c17cc0358cd85a37dbd,48000,2,240000,5.000000000,-49.51,-30.68,-20.83,26.51,GAIN_ABOVE_+10_DB,READY
3324.mp3,09fdd5089561107a66d29f81c7ea4660c0143f0e9343e1faebd854899fdc9fdf,48000,2,240000,5.000000000,-16.69,-0.22,-18.47,-6.31,,READY
3325.mp3,a10892b41dfdb3740846b34c6827aab73940380c3e6d9ef49981a470456049ae,48000,2,240000,5.000000000,-50.20,-26.80,-25.40,27.20,GAIN_ABOVE_+10_DB,READY
3326.mp3,2a8d03fcdd55210b9eced34d954ab5a53074f3d0ef6a7967a0d7ed507c69a4d9,48000,2,240000,5.000000000,-33.74,-20.65,-15.09,10.74,GAIN_ABOVE_+10_DB,READY
3327.mp3,b80b6a9755c134f5689d61dc7a4a849c567fd46145554e79ac644a24160aa95c,48000,2,240000,5.000000000,-57.04,-42.93,-16.11,34.04,GAIN_ABOVE_+10_DB,READY
3328.mp3,f1634f199a300a714f76c50b7e40ee2172d92ce35a15bbee46851ab304a20a95,48000,2,240000,5.000000000,-54.70,-32.69,-24.01,31.70,GAIN_ABOVE_+10_DB,READY
3329.mp3,ac1a289bca6152833380761d40316551dc8c7479e6d3da28b180ce5c07f5733e,44100,2,220500,5.000000000,-23.07,-9.20,-15.87,0.07,,READY
3330.mp3,5741e1766cea9a9a0f65b65c93509a2eb821afe0e169f5fb60326d78a2a40e97,48000,2,240000,5.000000000,-45.17,-29.80,-17.37,22.17,GAIN_ABOVE_+10_DB,READY
3331.mp3,ff9d699deaba6ce80eeb71b85852562e4c93046e7388e0dce5b8fc09ca640fe7,48000,2,240000,5.000000000,-25.65,-10.39,-17.26,2.65,,READY
3332.mp3,497cc152af8ebfea9d22f37c1a47f4039c4706c4b310746381ef07b5f2fdef8a,48000,2,240000,5.000000000,-28.12,-13.93,-16.19,5.12,,READY
3333.mp3,9a0016ff7da67f122af4640a7901bc7b5c1bbba1f3b1d54fc9ddfe4eaed14a25,44100,2,220500,5.000000000,-17.08,-4.48,-14.60,-5.92,,READY
3334.mp3,2ea83fa321db0acdb804b52f5e6b3c53c4c0a2064de022f56334a24a2e38284e,48000,2,240000,5.000000000,-30.97,-13.12,-19.85,7.97,,READY
3335.mp3,fb18d548a71071b852d9129c50519bcccd04f368c47193d268c1c4677c642761,48000,2,240000,5.000000000,-30.53,-14.35,-18.18,7.53,,READY
3336.mp3,10f94642af7e0a8f2258271de97d38b47c99d5a25df7428d12974e824c3f435d,48000,2,240000,5.000000000,-27.32,-16.01,-13.31,4.32,,READY
3337.mp3,d8430bf68674091d14f84080fdb11223dc46d954414143a2641e8463242b0064,44100,2,220500,5.000000000,-16.07,-3.38,-14.69,-6.93,,READY
3338.mp3,cf5aba839cf0065fa67a7805c8eb21472266185bc94153f7f5cec28a15a965e0,48000,2,240000,5.000000000,-18.35,-6.65,-13.70,-4.65,,READY
3339.mp3,dd127995639e0e0ef880c9d6239eeeb8b7aa92402adc059195cd429f11d4ded7,48000,2,240000,5.000000000,-61.29,-55.63,-7.66,38.29,GAIN_ABOVE_+10_DB,READY
3340.mp3,2ab5a91a2bc69b60798426cf922172a9c4db5f1ec5267e12d1f5fd363db84aa6,48000,2,240000,5.000000000,-27.70,-9.70,-20.00,4.70,,READY
3341.mp3,1f3d2fdefaf9dbd01b294d874876a2c977054f33052fb717c9bbcdbeed31a07c,48000,2,240000,5.000000000,-30.20,-13.77,-18.43,7.20,,READY
3342.mp3,241a2a37fe120a759d3de1899bba38e76b1872622d82b0b31f08a951f12007e9,48000,2,240000,5.000000000,-42.68,-31.75,-12.93,19.68,GAIN_ABOVE_+10_DB,READY
3343.mp3,2a6771efdf96721b0ed02e9875be9a08cd7f4ce602928c19950669f5c12729d4,48000,2,240000,5.000000000,-18.13,-5.92,-14.21,-4.87,,READY
3344.mp3,23077dc8226122dd8d7a1e5b88befa29ca9e0c3a4bf7a81af03c11f8daa8e16b,48000,2,240000,5.000000000,-42.95,-32.13,-12.82,19.95,GAIN_ABOVE_+10_DB,READY
3345.mp3,f0a42544d8c56e78b21646f6c647d94141320fb8a0d4ac50b60022b57f16ac37,48000,2,240000,5.000000000,-54.40,-40.33,-16.07,31.40,GAIN_ABOVE_+10_DB,READY
3346.mp3,fbacbb4d98439c56c88579b467228bb520b2230e6e34aba8557a588bf7061f21,48000,2,240000,5.000000000,-40.65,-24.72,-17.93,17.65,GAIN_ABOVE_+10_DB,READY
3347.mp3,5c11e2c46b5b479653f2cdf81ba48261ada21a3092a1212ad78ede7abe92934d,48000,2,240000,5.000000000,-21.17,-10.30,-12.87,-1.83,,READY
3348.mp3,5c703202b96da67f6ea683e6dbb8eeda23f962beceaa5e71be82e269919bc341,48000,2,240000,5.000000000,-15.90,-0.86,-17.04,-7.10,,READY
3349.mp3,c5da932de9b9535411ba63818a64ad95dc8f9cc200b6dbb00effc51e0f9ef573,48000,2,240000,5.000000000,-48.59,-31.67,-18.92,25.59,GAIN_ABOVE_+10_DB,READY
3350.mp3,6247f1834500db75a9929eb1688574a85659ff0d361dee19e80f57a24715a321,48000,2,240000,5.000000000,-27.94,-10.81,-19.13,4.94,,READY
3351.mp3,43b8f9660703720a5a719196cde4f810b4ed87a5c6bf0396b51b5b65012d1600,48000,2,240000,5.000000000,-35.96,-19.12,-18.84,12.96,GAIN_ABOVE_+10_DB,READY
3352.mp3,1856c0eb20744d38c1c1960e097344a4f68f11d1b3a43074171c5054408f5090,48000,2,240000,5.000000000,-53.77,-40.47,-15.30,30.77,GAIN_ABOVE_+10_DB,READY
3353.mp3,4704fca2c20f88f4e8a5f86e50666420abb26bb19bd011a1d4f58890e706707d,48000,2,240000,5.000000000,-25.82,-11.37,-16.45,2.82,,READY
3354.mp3,f5b5ad814a71b9e9653f949198f28d4831c9e8be5a6c0536bc3da991c47f5d2e,48000,2,240000,5.000000000,-29.29,-18.12,-13.17,6.29,,READY
3355.mp3,701ab1a6978562f236e49c384b850f2edf265bcbff052116aed3a28796ddf07c,48000,2,240000,5.000000000,-34.60,-22.32,-14.28,11.60,GAIN_ABOVE_+10_DB,READY
3356.mp3,566a9233d7724a151d4e095bc8a9bb3251c6ae8ac484df50a01e2c989a9fc517,48000,2,240000,5.000000000,-15.55,-0.49,-17.06,-7.45,,READY
3357.mp3,ebae6b45296aa21993c73403f5f6209d84a72b2f83ce9baf8b1191208c326118,48000,2,240000,5.000000000,-32.26,-20.47,-13.79,9.26,,READY
3358.mp3,e07f0ebc5bcc83f0fd9a46a9c5c91ad2c03e65f12dd1ae8eb8b7d7cc767f791d,48000,2,240000,5.000000000,-34.19,-19.53,-16.66,11.19,GAIN_ABOVE_+10_DB,READY
3359.mp3,775a0ec87488baa11f7feaf5e1b4703a6999bb75b8e6c0120c85576ab1b36d8a,44100,2,220500,5.000000000,-31.57,-19.49,-14.08,8.57,,READY
3360.mp3,fc19e2f344dd22c64def2dbacdec10f4e5537eb018b039deb0061d5df082d095,48000,2,240000,5.000000000,-18.30,-5.99,-14.31,-4.70,,READY
3361.mp3,1f27a55ab8ac3e4a8c03189b022e80346b3067fedd8f4db93a302bf6baf1364c,48000,2,240000,5.000000000,-33.23,-17.80,-17.43,10.23,GAIN_ABOVE_+10_DB,READY
3362.mp3,988499707e8dc6187479c7ba9d152581dcb2f7bf26c94f5ca2754c0b4b201477,48000,2,240000,5.000000000,-29.91,-18.19,-13.72,6.91,,READY
3363.mp3,81fd67fe363248b5b3d0b0adb6bc5a2c162798f2b71df21291917ca35d1429a4,48000,2,240000,5.000000000,-33.22,-19.64,-15.58,10.22,GAIN_ABOVE_+10_DB,READY
3364.mp3,6771dce4b1a217184bb4f79f42e52ae98752587c14449bfc972f8f61dc9efa0d,48000,2,240000,5.000000000,-18.26,0.18,-20.44,-4.74,,READY
3365.mp3,75f5ce231d59f5f6f1ba0d2de0cf347eac34c054d2d7e6a8e7d04abf79195db7,48000,2,240000,5.000000000,-18.41,-10.53,-9.88,-4.59,,READY
3366.mp3,13fe3678f7a9aeead30401e6a62ea84ec3af8bfc8b696ffc4d70bea9d7ddbfa8,44100,2,220500,5.000000000,-26.38,-19.36,-9.02,3.38,,READY
3367.mp3,9ec41abe776224663a40d4f9300b4a19be688b0289a7768f0f63dfb6da19aaa8,48000,2,240000,5.000000000,-22.23,-8.99,-15.24,-0.77,,READY
3368.mp3,63b0db3d8d538426393e8be579a119aa95f3b2c497fbe9f801ffa6701e8348c2,48000,2,240000,5.000000000,-27.15,-18.82,-10.33,4.15,,READY
3369.mp3,ab00160877c450c4cd39062bed5ce6438f8dea27bfed095684c8ea465ec3a94b,48000,2,240000,5.000000000,-23.61,-7.43,-18.18,0.61,,READY
3370.mp3,fdbf6c96b7ea1fa1a732506eb60dc9a2a341c11125ec2bde6b1b9c0c53b42612,48000,2,240000,5.000000000,-16.79,-2.62,-16.17,-6.21,,READY
3371.mp3,2185fc2b7e6dc9403d0dab7224d94897cd77e768831a39d2779390c5ccc942b1,48000,2,240000,5.000000000,-19.95,-10.90,-11.05,-3.05,,READY
3372.mp3,27c23f816d678d537c5bfe3307c50d18aa167b4d4b62d4792887c84ff00281e9,48000,2,240000,5.000000000,-26.46,-13.38,-15.08,3.46,,READY
3373.mp3,dbd6663d42045077a405dba6c8a86a89f6ac5cbacc5508b2fa98d62486b3a122,48000,2,240000,5.000000000,-20.63,-3.39,-19.24,-2.37,,READY
3374.mp3,5231636a4c59bcb7dea9b5656b901316a786faea749c0708ac845858c8953c6e,48000,2,240000,5.000000000,-20.13,-4.18,-17.95,-2.87,,READY
3375.mp3,839b154dafd33489179ede6229c3f25b23aa351f5394374b4767a9e20fc6b356,48000,2,240000,5.000000000,-30.21,-17.60,-14.61,7.21,,READY
3376.mp3,45fad1bbc89b290c031f23c0b9eb24a1e1ea9d3a8c3c633fb2ecc601cd5591d4,48000,2,240000,5.000000000,-15.89,-4.35,-13.54,-7.11,,READY
3377.mp3,4117e952c75fddc21d8d022c00a7f43d153109ed64173d8c82d1034abb864fe3,48000,2,240000,5.000000000,-34.73,-20.56,-16.17,11.73,GAIN_ABOVE_+10_DB,READY
3378.mp3,ee5c320b42e4a0464df4470246bfee45eb89e5cf54abbe2ade73ce9eb6b29fab,48000,2,240000,5.000000000,-26.20,-10.03,-18.17,3.20,,READY
3379.mp3,677269c3eb45061b7866a29bef792773a8bb43b9c27e2c3863fb0d9af83c0186,48000,2,240000,5.000000000,-18.74,-5.12,-15.62,-4.26,,READY
3380.mp3,bad90c3ad17f15f4c55657cabf68c82ca3f03a78173367cb99b5ad5f645cc808,48000,2,240000,5.000000000,-26.15,-9.31,-18.84,3.15,,READY
3381.mp3,93c00e5a19e3caaaaba19993a3e372ab72be7c99ac63406d22fedb28bad99d33,48000,2,240000,5.000000000,-43.96,-28.68,-17.28,20.96,GAIN_ABOVE_+10_DB,READY
3382.mp3,1b6d1834e147c3d9456f7050e6168a5dda5d6175b4ce6e47bc6a46cae5d1ac29,48000,2,240000,5.000000000,-23.98,-12.90,-13.08,0.98,,READY
3383.mp3,b467d215dce1fd735150e74d17a325369492ec75a01951226187c64af59e089b,48000,2,240000,5.000000000,-35.67,-22.14,-15.53,12.67,GAIN_ABOVE_+10_DB,READY
3384.mp3,3b314e9e6daa9ead4d9adcf6783413a916b40a90627414bb16fb6f0870527d2d,48000,2,240000,5.000000000,-27.18,-11.84,-17.34,4.18,,READY
3385.mp3,5a88dd4b72a8aea2c0b88a1b18fc27d3be8bbcf49d09d2cec7080aa311016d6d,48000,2,240000,5.000000000,-32.90,-16.01,-18.89,9.90,,READY
3386.mp3,deb19d2582ab18ee53bf8b9c7a663266c6373a12b7eec0cf84ca7f7f9e3b54d9,48000,2,240000,5.000000000,-26.10,-14.25,-13.85,3.10,,READY
3387.mp3,0465858fe415d18d039145d37cf0b1e1da466fb9ed93273111da1cb60ab1e88c,48000,2,240000,5.000000000,-23.97,-11.65,-14.32,0.97,,READY
3388.mp3,787494308aab6ce2be59bc7b948bd5109b9d63696bc3002b6d1d9505adf6f54d,48000,2,240000,5.000000000,-24.22,-11.38,-14.84,1.22,,READY
3389.mp3,3d27229936de04d1b0d69e4b307bb8fdd1fa3da410128951db18c877d6d770f5,48000,2,240000,5.000000000,-20.20,-7.34,-14.86,-2.80,,READY
3390.mp3,587f9c885eaeb1cfa77a1b1c0066d9abedbf49858b6cf1bab02c853af282cfd7,48000,2,240000,5.000000000,-30.51,-18.89,-13.62,7.51,,READY
3391.mp3,5afccdb19a62535794b1e870bdf7a8bc6d7334f3e7160cfc2d1a9c61b43cddf6,48000,2,240000,5.000000000,-40.14,-25.57,-16.57,17.14,GAIN_ABOVE_+10_DB,READY
3392.mp3,fe6ae87d56157f66a3451faedd8ef10ac501094886cff94908239250a3b78359,48000,2,240000,5.000000000,-34.31,-21.61,-14.70,11.31,GAIN_ABOVE_+10_DB,READY
3393.mp3,f801586701a26955cd139084e7a389d32a1d18b802a36445722e4ea8b6429ae7,44100,2,220500,5.000000000,-36.53,-19.37,-19.16,13.53,GAIN_ABOVE_+10_DB,READY
3394.mp3,e84b4a8261bdbe1780896551d90892323e71d600fcad4c25689d643449b708f0,44100,2,220500,5.000000000,-43.43,-27.95,-17.48,20.43,GAIN_ABOVE_+10_DB,READY
3395.mp3,672ba6dccec62ecb22ed87fdc32e7ac65ca963a44bb81c74f47d1050949a80da,48000,2,240000,5.000000000,-26.83,-17.11,-11.72,3.83,,READY
3396.mp3,96a88ce2fc7396d159ca731893210f1aed45c4248ea3ea43c6e1938debff11cc,48000,2,240000,5.000000000,-37.97,-25.98,-13.99,14.97,GAIN_ABOVE_+10_DB,READY
3397.mp3,3078563ea63a1c4dcca442d3e02683bbf2828fe8a515901fe3df1346991e3292,48000,2,240000,5.000000000,-35.29,-22.65,-14.64,12.29,GAIN_ABOVE_+10_DB,READY
3398.mp3,7434b514adba16bd44b094bdbba84d9684aeb14bc94f5edf3d6048bb03535a0b,48000,2,240000,5.000000000,-23.02,-6.79,-18.23,0.02,,READY
3399.mp3,075e6029a0acce06a0b1ac6f86f5322c97bd4eec03015874f042723b7b0b3743,48000,2,240000,5.000000000,-25.90,-14.10,-13.80,2.90,,READY
3400.mp3,e68e8974127d9593b3b3f03dfe82b90fcb87c3cbaf7c1dc2e1331844604c1817,44100,2,220500,5.000000000,-12.74,-2.22,-12.52,-10.26,ATTENUATION_BELOW_-10_DB,READY
3401.mp3,01b97701665d2ee375ea6a5fe1dd1c853b285914c121f60a4d55b44d3c2d3624,48000,2,240000,5.000000000,-23.42,-9.36,-16.06,0.42,,READY
3402.mp3,f196366aa7626ac8543bf6be13caf0d39a7733bc708d8b37c9e54d352e29af71,48000,2,240000,5.000000000,-28.17,-11.69,-18.48,5.17,,READY
3403.mp3,5404d277fad2192e2907aa7160913191110f644707b3214a8e7707042b0f6268,48000,2,240000,5.000000000,-20.41,-9.33,-13.08,-2.59,,READY
3404.mp3,fe9b739a09dd85f4e4132b1cac318a306c14d3c2cbe3113298f53f8d4bd1c43d,48000,2,240000,5.000000000,-39.45,-22.28,-19.17,16.45,GAIN_ABOVE_+10_DB,READY
3405.mp3,55f7609636c90ba6d697471891826bcd470ba5147aaa91056ce5ee3a211ee73f,48000,2,240000,5.000000000,-21.52,-9.96,-13.56,-1.48,,READY
3406.mp3,2901b0af16452a830237cc8f9443d2be903fbd6143959e0edd8461f317b5c1bd,48000,2,240000,5.000000000,-34.14,-20.02,-16.12,11.14,GAIN_ABOVE_+10_DB,READY
3407.mp3,bfc03a3a1245f9e5d8c69a79811dc210067753ac7f9e4d2b2ce2f922c23c1434,48000,2,240000,5.000000000,-23.31,-6.97,-18.34,0.31,,READY
3408.mp3,b44254974daef6c5f6d9065098767c6b462ffdccad83bdce9652e9ee6a05664b,48000,2,240000,5.000000000,-38.94,-26.72,-14.22,15.94,GAIN_ABOVE_+10_DB,READY
3409.mp3,e8f984518806a5639242586c6a0fdb829965e5cc95f0dfaa0693b3dc200feb67,48000,2,240000,5.000000000,-31.78,-18.05,-15.73,8.78,,READY
3410.mp3,1f625c1dac9d61ee340f4684cf6652409125ccd11f092eef6c3383afb03311ff,44100,2,220500,5.000000000,-19.23,-7.55,-13.68,-3.77,,READY
3411.mp3,00a75b28fe66bb474296fcf7bc0bc2ff7d6c82c82179dc76e611c2642d44b323,44100,2,220500,5.000000000,-10.66,-0.12,-12.54,-12.34,ATTENUATION_BELOW_-10_DB,READY
3412.mp3,05eed45a05a240aac052c02f0454c62fb6ecd82ab7da40c15513ed62288809e1,48000,2,240000,5.000000000,-43.25,-25.95,-19.30,20.25,GAIN_ABOVE_+10_DB,READY
3413.mp3,5394554878ab75a10d457460002d3fb6fdd06cc6d4a9f82c1cde8f86f69b0a99,48000,2,240000,5.000000000,-44.03,-30.84,-15.19,21.03,GAIN_ABOVE_+10_DB,READY
3414.mp3,a6cf1a340d229eadcaf122239488455e4f4ecf0facd08f6e0dc535cb0e577c17,48000,2,240000,5.000000000,-34.29,-21.60,-14.69,11.29,GAIN_ABOVE_+10_DB,READY
3415.mp3,550dcfbaba2c06ff7239a9dcf1f367fb46b206860d089ff11d61b8ffec6bded6,48000,2,240000,5.000000000,-21.70,-10.84,-12.86,-1.30,,READY
3416.mp3,f51d9e3c4f0f483f139f883daa80c47a14e8e0a20c8cfbdf6ed99d65231e14bb,44100,2,220500,5.000000000,-46.00,-29.74,-18.26,23.00,GAIN_ABOVE_+10_DB,READY
3417.mp3,0aafd565b4c90dd1907ad7d334880174008ceb17b8d9f2f646c3f0d9956c8169,48000,2,240000,5.000000000,-15.05,-1.21,-15.84,-7.95,,READY
3418.mp3,0177e69680a4de32ed40eccaf8f0bec6f5a776716ab3373b98ee9d9080dc470e,48000,2,240000,5.000000000,-21.54,-5.64,-17.90,-1.46,,READY
3419.mp3,4e129bdc8063f3352e07af6b78e6b27972bf4069e3dc8bf3c1e6a61adfeb826e,48000,2,240000,5.000000000,-30.69,-12.53,-20.16,7.69,,READY
3420.mp3,ef567ecff97d142091d55d6586aea399bcf49d085fed39970d424562a9612aa0,48000,2,240000,5.000000000,-29.49,-19.75,-11.74,6.49,,READY
3421.mp3,9288d18ddf381938839fa8cddacf90c0462a4d4f7b7656d2c563274fd3d0ffba,48000,2,240000,5.000000000,-27.10,-11.47,-17.63,4.10,,READY
3422.mp3,5f70edf8751d2798430adffe0b822542e91e3c912fda65ea8ddec8bd23d869ef,48000,2,240000,5.000000000,-15.64,-4.27,-13.37,-7.36,,READY
3423.mp3,15e8918f52bbbcfce88bfd7141f88a16e669667177c901625564e0168889b9aa,48000,2,240000,5.000000000,-16.52,-4.72,-13.80,-6.48,,READY
3424.mp3,7e3fad91c75443c8e183a2a453030c6fb1b67baf33c35055180101576630914c,48000,2,240000,5.000000000,-19.98,-5.32,-16.66,-3.02,,READY
3425.mp3,281a37b275061e780c349f06150c3b7eb9b5f8c4ab1bf37474a682e9ed6e7243,48000,2,240000,5.000000000,-16.49,-3.33,-15.16,-6.51,,READY
3426.mp3,309023dd8254e354ebcac2c617374ef4cd98516e936ec138478da46f063da1fa,48000,2,240000,5.000000000,-25.74,-15.75,-11.99,2.74,,READY
3427.mp3,11b1b86b66c3f7261c5fb0a65a378ec1411164bf8a80f4a78e8b8e5930f818fe,48000,2,240000,5.000000000,-18.70,-5.46,-15.24,-4.30,,READY
3428.mp3,a663a61e1b5f200cf68a876e5cc4ca6bf35ef7acfc93c4ea2419830fbba2b3e6,48000,2,240000,5.000000000,-21.74,-4.73,-19.01,-1.26,,READY
3429.mp3,5f997de1cc3b5ef6cbe24b8c5696d56325f069db6c200b43ab3299c16f1a3904,48000,2,240000,5.000000000,-11.37,-2.65,-10.72,-11.63,ATTENUATION_BELOW_-10_DB,READY
3430.mp3,d4b00ae5b2157fdfd97f3be7027044c2f3fb0f181663f826c1cb9bf7fba9aea0,48000,2,240000,5.000000000,-24.54,-12.65,-13.89,1.54,,READY
3431.mp3,16e33a58a587bee09f4fd23efbd722028b3f96cea27ebffa48a033d77996cc54,48000,2,240000,5.000000000,-22.98,-9.46,-15.52,-0.02,,READY
3432.mp3,b89c9c374357b50c1f862fa7c69318a8331a6d57b547375c6bd5f3265eee5298,48000,2,240000,5.000000000,-20.82,-7.78,-15.04,-2.18,,READY
3433.mp3,970ba20636e5f7609611e2fee9f1fe64b8bf5379b1b0577c7323cc5564ffaf47,48000,2,240000,5.000000000,-18.14,-6.35,-13.79,-4.86,,READY
3434.mp3,2f8b2ce14f47970cce1a6459947466f950c367e2fd20355706fc36d30ee18ce4,48000,2,240000,5.000000000,-38.67,-26.49,-14.18,15.67,GAIN_ABOVE_+10_DB,READY
3435.mp3,cc8d936829ba0824f6df06837593b5b8dcf6f65d8e92d09c786af58f3414cec4,48000,2,240000,5.000000000,-12.92,-2.41,-12.51,-10.08,ATTENUATION_BELOW_-10_DB,READY
3436.mp3,90c177fe938adf2f3779db993c753d779fee754f3a17a4d96c32bae768ed80be,48000,2,240000,5.000000000,-7.92,0.44,-10.36,-15.08,ATTENUATION_BELOW_-10_DB,READY
3437.mp3,ae73cbc86fe913a1c520c6175106d6d97c01d782c755c12148cdd79543a2056a,48000,2,240000,5.000000000,-40.36,-23.50,-18.86,17.36,GAIN_ABOVE_+10_DB,READY
3438.mp3,b67d1bf13947bb8b01a5a1c127e7bd79bf8c6f4e438e1ffd189542f20ce837f4,48000,2,240000,5.000000000,-13.51,-1.83,-13.68,-9.49,,READY
3439.mp3,0105fced0d62f92b089e69978d50ffb5b91c5b658b0fb9f94b4b148f1bccc6e6,48000,2,240000,5.000000000,-20.43,-7.35,-15.08,-2.57,,READY
3440.mp3,75a42ed8412528099e24a95d791e0b3513b50282a0a4f95fddb735df01857885,48000,2,240000,5.000000000,-22.92,-5.77,-19.15,-0.08,,READY
3441.mp3,a7a6ada366de88118af0ef890d270fd99cb43b0bc8b43b399546ad31bf0ffb16,48000,2,240000,5.000000000,-20.50,-10.43,-12.07,-2.50,,READY
3442.mp3,c5e0931251b0c01145f6dc4fd76255d775bcf19421078c9f1158dc5c285d51c7,48000,2,240000,5.000000000,-14.18,-5.67,-10.51,-8.82,,READY
3443.mp3,ac478dca8c40d8951795057a1534db429aa05fce84ba3b366f9107a9e98bb480,48000,2,240000,5.000000000,-12.07,-1.25,-12.82,-10.93,ATTENUATION_BELOW_-10_DB,READY
3444.mp3,4234b75d0384aa42717b27ad54deb59296c53a1717973a1e37f6cfd6428dc7f9,48000,2,240000,5.000000000,-22.02,-11.33,-12.69,-0.98,,READY
3445.mp3,e4a043094ea71c212140f2e9cfb32fea575dfe9c180a95cdff1cbd2970f794cf,48000,2,240000,5.000000000,-37.15,-25.56,-13.59,14.15,GAIN_ABOVE_+10_DB,READY
3446.mp3,68b7b5164e93c6350a007aa9281d33f96727f11e2ce9d2e6983d8f1df5bebc47,48000,2,240000,5.000000000,-10.94,-0.19,-12.75,-12.06,ATTENUATION_BELOW_-10_DB,READY
3447.mp3,bc83428540f48899e2a36858b7da6e1636c7dedf62675da8074de79d38d2432a,48000,2,240000,5.000000000,-31.96,-17.38,-16.58,8.96,,READY
3448.mp3,4c7f6fd2e8230f5dc6658cd0fe5b7c7c1e552a8c4c35bc7af56fd56ad85b8ee9,48000,2,240000,5.000000000,-28.84,-15.52,-15.32,5.84,,READY
3449.mp3,06d95f5292e9396a02d8a36e61cb872cfd5521516b3d5f8f7a9c9add873e2d5e,48000,2,240000,5.000000000,-10.26,-0.64,-11.62,-12.74,ATTENUATION_BELOW_-10_DB,READY
3450.mp3,77fad47e57369bf11be4b55667d26de904013d0e3fc4935a9c0992490a1ae7b0,48000,2,240000,5.000000000,-11.83,1.02,-14.85,-11.17,ATTENUATION_BELOW_-10_DB,READY
3451.mp3,dcc4713bbbbfb194ed0fa300613bc5aa8f530ed2500ee5d224aa94777f0edee4,48000,2,240000,5.000000000,-17.45,-6.13,-13.32,-5.55,,READY
3452.mp3,1ece4329ad5fb72721ef27c81915366a143ceb3e5d27d52f24b4f10dd5e47d06,48000,2,240000,5.000000000,-25.85,-15.08,-12.77,2.85,,READY
3453.mp3,bdec0840e8f8603e757d80bb9b6478ed68d5b5f1c8965329ecbc6ec94af2ab6d,48000,2,240000,5.000000000,-20.85,-9.36,-13.49,-2.15,,READY
3454.mp3,42e599b761e25168a410602710f7ee78e65a88ec3bbcbbfa88b8bf7be3329b7d,48000,2,240000,5.000000000,-26.61,-11.70,-16.91,3.61,,READY
3455.mp3,476e271077ff57d0b037135c167ffb7c244c6a9df48e816d07dbb78cee355d47,48000,2,240000,5.000000000,-22.71,-8.82,-15.89,-0.29,,READY
3456.mp3,d180fff856887dabeb00ed18dbe1a8846b9d958423f2d6d27073b8f4f40e3b19,48000,2,240000,5.000000000,-39.11,-24.09,-17.02,16.11,GAIN_ABOVE_+10_DB,READY
3457.mp3,8239b965e28491f4a598c13a829797f2ca7e063c819d95c509e373069e2142f0,48000,2,240000,5.000000000,-28.11,-13.11,-17.00,5.11,,READY
3458.mp3,3a7e63d070d17833b3f9d1376e2750278e1f9180b3bb5db54614eedcc4f5ff98,48000,2,240000,5.000000000,-22.42,-10.73,-13.69,-0.58,,READY
3459.mp3,d2e7086dc12950ffb25d8c04f35ac9f4bbccd9cbfdfa074cbb1df599aebe30cc,48000,2,240000,5.000000000,-63.22,-46.96,-18.26,40.22,GAIN_ABOVE_+10_DB,READY
3460.mp3,c4d2d19ea1d1b825bd5cadb93e8c4842f909a1cb21d33c62d35952400fde406b,48000,2,240000,5.000000000,-32.69,-23.15,-11.54,9.69,,READY
3461.mp3,6e4629836f0c551aed9f2517b78f81047705b811d373d907336d0b2ca5f41ac3,48000,2,240000,5.000000000,-36.10,-22.52,-15.58,13.10,GAIN_ABOVE_+10_DB,READY
3462.mp3,ace69c0c6f1e5278fcbf1d4d2677eeb705878ace822aae739a5b67bcd2408dcd,48000,2,240000,5.000000000,-20.91,-10.36,-12.55,-2.09,,READY
3463.mp3,d8b816ad92acd60b3540a23cc319c9cfe4b0ed044423b934fc9331ef10ec3ab7,48000,2,240000,5.000000000,-17.90,-8.02,-11.88,-5.10,,READY
3464.mp3,7dcdefbbec1535ae44192ce505ef4aaeb81a6aa94202b10cec5e710bdedc1577,48000,2,240000,5.000000000,-21.91,-7.43,-16.48,-1.09,,READY
3465.mp3,acc43aa99c60aa58a92fb306351eccd4fa9bf614e091b24907b6dd07ee4d1865,48000,2,240000,5.000000000,-25.97,-9.79,-18.18,2.97,,READY
3466.mp3,dd8bbe843a947a2b9d7127cba7e978639369d477c0eb584566e86d95eead9b30,48000,2,240000,5.000000000,-15.67,-6.64,-11.03,-7.33,,READY
3467.mp3,45de805c4eecb71a8e4e6f2b6a27f95c89aeab44c52a543bbace97f8dc7f735b,48000,2,240000,5.000000000,-17.00,-6.98,-12.02,-6.00,,READY
3468.mp3,5df6cd15b4b6d3afc444f8d05ff6a8cd1e58185d1dd0c3ffff0cc0644dd711fb,48000,2,240000,5.000000000,-28.18,-17.28,-12.90,5.18,,READY
3469.mp3,d80bcd300aefd0317f8e2dda6b9a93d57a4ebf14ac5bc076768fb5396ce25900,48000,2,240000,5.000000000,-15.41,-5.30,-12.11,-7.59,,READY
3470.mp3,cbb652f9a1ba16ec66465dd2b0bc7f1fe48dc5f148572bdf823ff135b3eb168f,48000,2,240000,5.000000000,-18.64,-7.55,-13.09,-4.36,,READY
3471.mp3,cf12e874485465b887c4c69e4c6c5e94d1f5af574493cbf1708dea167d0dbeb0,48000,2,240000,5.000000000,-11.90,-1.05,-12.85,-11.10,ATTENUATION_BELOW_-10_DB,READY
3472.mp3,89f4063ee64707a924b207e32b23b281557d612c6ac328e4bc1c387d48f1f54b,48000,2,240000,5.000000000,-20.43,-4.91,-17.52,-2.57,,READY
3473.mp3,4548ce77f16981e88d26b03fdf34d28c2760253dc0eed114b8f32a9f57fedf27,48000,2,240000,5.000000000,-18.09,-6.05,-14.04,-4.91,,READY
3474.mp3,f9584d01b5bc762843a95190d4e9e0159540faf3f49ea9ff5c74464b39179727,48000,2,240000,5.000000000,-14.98,-4.23,-12.75,-8.02,,READY
3475.mp3,914296b632e4646b221a36c4a4286b62f235817b9f7d8a6f63e4630d83ed6de1,48000,2,240000,5.000000000,-12.84,-0.09,-14.75,-10.16,ATTENUATION_BELOW_-10_DB,READY
3476.mp3,0a98eb940c0cbcdfb16c0799833c9cca464f5a3b44de28e6a00395a29284b63f,48000,2,240000,5.000000000,-25.26,-14.69,-12.57,2.26,,READY
3477.mp3,ab86370891a104578411b25fa1117a82cefac59dc0d65e8f912a0aa8793c6ca9,48000,2,240000,5.000000000,-28.52,-15.76,-14.76,5.52,,READY
3478.mp3,1f4bed656b2207ce465307689a08d4c7e78615f7032e515ea78b6a61b938ea7b,48000,2,240000,5.000000000,-16.55,-4.20,-14.35,-6.45,,READY
3479.mp3,2642586575b7601bd5387606d43f9ad1a1bfc29106a93827ec0a56f7c40065e4,48000,2,240000,5.000000000,-8.52,0.39,-10.91,-14.48,ATTENUATION_BELOW_-10_DB,READY
3480.mp3,6a514e506e02b195d92dd4c2d6c20185edc8f95535556d8c11f8178d441d5038,48000,2,240000,5.000000000,-33.34,-17.96,-17.38,10.34,GAIN_ABOVE_+10_DB,READY
3481.mp3,294712b2399211bd42fcdb4407d69c3e0dba3901e4f6922c98fd5f68d7540715,48000,2,240000,5.000000000,-12.90,-0.54,-14.36,-10.10,ATTENUATION_BELOW_-10_DB,READY
3482.mp3,329a0edfed722b07604e75d40ca3c4c8ee785969ba62e97c44448ad1b0554878,48000,2,240000,5.000000000,-18.40,-3.93,-16.47,-4.60,,READY
3483.mp3,630ee75d72ab2c79ea20a37395a9f63dcba74e3ce429230a69f6a2ef4043efaa,48000,2,240000,5.000000000,-31.76,-19.82,-13.94,8.76,,READY
3484.mp3,74288ae88529e6d4049fa1d43563df4c83b6dc1e3bf1fa65440752d81e51d758,48000,2,240000,5.000000000,-25.34,-12.96,-14.38,2.34,,READY
3485.mp3,2e6abc012f2d6fcc53615c5a13edea8d447a70e9703c34acc9ec8d85b47a4c64,48000,2,240000,5.000000000,-24.32,-9.38,-16.94,1.32,,READY
3486.mp3,919f1d64a35607da5a0e017ac65f25ef28388b817bdf46d65742a2aab88f5c81,48000,2,240000,5.000000000,-37.01,-24.24,-14.77,14.01,GAIN_ABOVE_+10_DB,READY
3487.mp3,7ba0d294f27b285ce8b8fdb0f99d035a6da0e820f21629b079268bdb965210d9,48000,2,240000,5.000000000,-24.43,-15.57,-10.86,1.43,,READY
3488.mp3,91f1ad7221109e80c49a88c10fa623c6bdf044ee3fa0626fa9beb1443b25b3f5,48000,2,240000,5.000000000,-32.89,-10.78,-24.11,9.89,,READY
3489.mp3,a74bd02cc879c8f99b9724cd1643010b588dbd6f6c4a7e55d029ebfe71af32b8,48000,2,240000,5.000000000,-23.01,-11.44,-13.57,0.01,,READY
3490.mp3,fafa3f43b2170162383dc8f5f605f9c6b93db9cd096138cae40064511e232d91,48000,2,240000,5.000000000,-60.77,-41.53,-21.24,37.77,GAIN_ABOVE_+10_DB,READY
3491.mp3,43db82378ffacbd9b503041e87b7726c86716bba43a48e40232287ecdaa3495a,48000,2,240000,5.000000000,-26.63,-14.89,-13.74,3.63,,READY
3492.mp3,f544d42744bffcc380ef10594ac8612274ec229cf3d5bb3042c62bd2dc319fe4,48000,2,240000,5.000000000,-32.00,-14.75,-19.25,9.00,,READY
3493.mp3,d640c19e0c705bb0a92991bc3f13771ea8a0a5f66275e735d2804e5a8e972edf,48000,2,240000,5.000000000,-16.63,-6.51,-12.12,-6.37,,READY
3494.mp3,6b5083a50f25fe3d3bdcac4bcc30ee5105c293d10c6efb25e8fa9f4eb726b234,48000,2,240000,5.000000000,-34.40,-23.00,-13.40,11.40,GAIN_ABOVE_+10_DB,READY
3495.mp3,844d08e1803cd80122f7e087ce0ec34f62cb3eddabb497b9812480c26a7b5d2d,48000,2,240000,5.000000000,-32.14,-12.28,-21.86,9.14,,READY
3496.mp3,80db7d9f849bf581e3a767a55b13f094e6b45ccc307ba4b05a9a66ab0451444e,48000,2,240000,5.000000000,-33.60,-21.38,-14.22,10.60,GAIN_ABOVE_+10_DB,READY
3497.mp3,06791d13f27a519d55c393695d3afe548c8d394fb35a7fa3886ce5b878ea004c,48000,2,240000,5.000000000,-28.22,-11.70,-18.52,5.22,,READY
3498.mp3,0ec5678ef9f253f425b222ab2d6e229b4567b5b05dbb75d6071c78bd7dc89c7d,48000,2,240000,5.000000000,-28.34,-15.53,-14.81,5.34,,READY
3499.mp3,e06c6b857f82410e88597bbf6f490490d772b44bd5f715e06bc57719b9bd588e,48000,2,240000,5.000000000,-29.36,-14.20,-17.16,6.36,,READY
3500.mp3,5136e4bd7877b575bbf193112622f86a3ffabee453c3d306269667b1932adbda,48000,2,240000,5.000000000,-27.42,-9.94,-19.48,4.42,,READY
3501.mp3,18edd42f4c4a1aeda4730efec452ca4c459a5f22fe39542cb77b3c8a9ec416ad,48000,2,240000,5.000000000,-18.60,-2.47,-18.13,-4.40,,READY
3502.mp3,79a5b64691b7c64b80a87b1b9bb78498711decc54c949140e0498a6f13a919f6,48000,2,240000,5.000000000,-18.66,-3.99,-16.67,-4.34,,READY
3503.mp3,b586ee944b9e8ce244bdb73858329e0cf337eacb217be558cb5613e6d518cf49,48000,2,240000,5.000000000,-24.28,-7.79,-18.49,1.28,,READY
3504.mp3,8dce74238373e63bfc78f557096cf6b49e1af24e8a0c1adffa533d6866b5f4ed,48000,2,240000,5.000000000,-19.33,-7.80,-13.53,-3.67,,READY
3505.mp3,31bef169212c0e7c37eda639558882cdf67e9c086b1b30834eba22cac4bf0b30,48000,2,240000,5.000000000,-20.51,-9.29,-13.22,-2.49,,READY
3506.mp3,487dbad4d79efabac2e735a98193846796df0c47e0a1bc93093b31f5b129cc56,48000,2,240000,5.000000000,-41.97,-29.38,-14.59,18.97,GAIN_ABOVE_+10_DB,READY
3507.mp3,8032a0e612622b92fc3d7f5bebd6893da31104ed28240f9a0c72e4a34766ff2e,48000,2,240000,5.000000000,-33.85,-22.89,-12.96,10.85,GAIN_ABOVE_+10_DB,READY
3508.mp3,0707039f02662a88e65b778a0fee4e09717aef5f39257c90ea95d3c7167db578,48000,2,240000,5.000000000,-22.23,-3.89,-20.34,-0.77,,READY
3509.mp3,4134830f9256c1f555b198bcfa3fc644ced1928729f8ff6eb4e4423eb40b6bc1,48000,2,240000,5.000000000,-13.76,-0.97,-14.79,-9.24,,READY
3510.mp3,33b09eee09a6d6c1cf44c2d97c7a4b9b76a774f1f4cc0adfdd1f7aeb822cfe36,48000,2,240000,5.000000000,-15.98,-2.03,-15.95,-7.02,,READY
3511.mp3,d3ea588cd7383db3d016c71d8eb08f9d6d1fcd7054963dc30035f7ee3b08e531,48000,2,240000,5.000000000,-59.38,-48.09,-13.29,36.38,GAIN_ABOVE_+10_DB,READY
3512.mp3,14ff2affd6886d617ae9c197673070dba86da15c7c949228cd33801e116cf6e6,48000,2,240000,5.000000000,-61.68,-44.96,-18.72,38.68,GAIN_ABOVE_+10_DB,READY
3513.mp3,8635607f821db0259fd15c3fc239077d97514b4995a4a7ba877c88549a88331c,48000,2,240000,5.000000000,-51.36,-34.15,-19.21,28.36,GAIN_ABOVE_+10_DB,READY
3514.mp3,94c6fbcef6f01cfcc1805a4fc85b02fc57af69a9bda90a6eae92ce3ae554c050,48000,2,240000,5.000000000,-17.16,-4.28,-14.88,-5.84,,READY
3515.mp3,95458e9619f0dfe8e96a274072fecc24c3fe7bd9f57ae65b95e11d04ff02d2d2,48000,2,240000,5.000000000,-38.25,-24.28,-15.97,15.25,GAIN_ABOVE_+10_DB,READY
3516.mp3,8eb09bc61fe62cad7dc8c1a4d36a0caff5ff903a109db1208fa37540396f663d,44100,2,220500,5.000000000,-24.98,-8.98,-18.00,1.98,,READY
3517.mp3,4e3d80aa7f9fe8c0560005552d758351b77b3fced8db9805c6804e76aec5d8fd,48000,2,240000,5.000000000,-28.63,-17.22,-13.41,5.63,,READY
3518.mp3,897b687ed361a6069bf44e7a97fb7bdec2fa0ba75d6237ce25fec2852b9102b9,48000,2,240000,5.000000000,-14.93,-2.42,-14.51,-8.07,,READY
3519.mp3,34a5dd80381df2b0e29f52328831b51b59fb7071a53f3e64413c374ec1196446,48000,2,240000,5.000000000,-28.09,-9.56,-20.53,5.09,,READY
3520.mp3,533e9e29442d77424d404d81a050a8a610c77e0c5cb897a4c1302c55b6c63ecf,48000,2,240000,5.000000000,-25.70,-8.09,-19.61,2.70,,READY
3521.mp3,32afde048d5007af97759cadaf5e47f2179b4cdbd7c9528c9d69ceaef686f636,48000,2,240000,5.000000000,-29.61,-3.42,-28.19,6.61,,READY
3522.mp3,66b805a3230aec10b53386c712869f7d208dc02e17563fc6b64d0d1c4b0de055,48000,2,240000,5.000000000,-39.62,-22.37,-19.25,16.62,GAIN_ABOVE_+10_DB,READY
3523.mp3,733a654b41bccf03e59755cc609e7a23c24e2be7096077243066b131a84a852e,48000,2,240000,5.000000000,-25.69,-10.96,-16.73,2.69,,READY
3524.mp3,3431518315948ddc57931aa895020ec8f2dda01fc096fefad6d36d740f6ff884,48000,2,240000,5.000000000,-32.66,-10.87,-23.79,9.66,,READY
3525.mp3,4c7a537ef3f748ae0112aad9a2a7db59bab5b9f4796683bc425db1be3e6e1d24,48000,2,240000,5.000000000,-12.64,-2.71,-11.93,-10.36,ATTENUATION_BELOW_-10_DB,READY
3526.mp3,7d60e49f545cdeeafcc9d869e3513d981520aecd22881f824ff518f40b65560c,48000,2,240000,5.000000000,-27.40,-15.62,-13.78,4.40,,READY
3527.mp3,54f6326328f2993bfb821f904f7fc78697437688211a853441cf3571c5f5f49f,48000,2,240000,5.000000000,-23.02,-11.91,-13.11,0.02,,READY
3528.mp3,29bf9ff80c8774a7e787c6f1d5a15d635c8fd3b8f62180465658482fb4688bb3,48000,2,240000,5.000000000,-17.06,-7.61,-11.45,-5.94,,READY
3529.mp3,0abc85fc13d947968bc3aca3aab1a1c3a7bbf6ea71976117e01b03c9f60775d7,48000,2,240000,5.000000000,-24.29,-13.18,-13.11,1.29,,READY
3530.mp3,f31e8ff5df8836a5aaf9f7349119dbae31e7c2269708a5f431c4803d2670c12b,48000,2,240000,5.000000000,-22.09,-14.52,-9.57,-0.91,,READY
3531.mp3,1929346749f1e3aed1e2bddc3189576cae3fbd061212653fe1ab2241ba5ad796,48000,2,240000,5.000000000,-17.57,-8.07,-11.50,-5.43,,READY
3532.mp3,3fe29243bd6eb23063c74ec4f46431c218a206269a1d92d3b2df1f09dbe7104a,48000,2,240000,5.000000000,-35.58,-22.92,-14.66,12.58,GAIN_ABOVE_+10_DB,READY
3533.mp3,21585ecac730ba46b9cbc60a81cbfef831ffb74fd9d86f5805153a7a2d9b9b90,48000,2,240000,5.000000000,-20.22,-11.07,-11.15,-2.78,,READY
3534.mp3,117d69a8c1fa48269287ba8852f6622e6c72b4e8a97e3fd37762fe987a37b2d4,48000,2,240000,5.000000000,-32.42,-18.97,-15.45,9.42,,READY
3535.mp3,f87c786d9f616a228a19683890a3adc6812905984d363930fd46e57b45418ef9,48000,2,240000,5.000000000,-56.20,-39.17,-19.03,33.20,GAIN_ABOVE_+10_DB,READY
3536.mp3,62eb8768ce04fa265b253816bd03cfa533873efd0f3b8705f502a68facc28e91,48000,2,240000,5.000000000,-29.90,-18.35,-13.55,6.90,,READY
3537.mp3,5384adda0997e23911412bb2c8b60ddd0b316b89f039c88f5e6e61d3644de8d9,48000,2,240000,5.000000000,-34.33,-21.60,-14.73,11.33,GAIN_ABOVE_+10_DB,READY
3538.mp3,b4eb93744f67dbffa02ca9182702f6cee0f9a84a926af7c9d88d19a83e5394aa,48000,2,240000,5.000000000,-46.73,-28.03,-20.70,23.73,GAIN_ABOVE_+10_DB,READY
3539.mp3,775cf2b88f6f56fbcff3e9c6008d36159eb286f0e6c77f6671c5bcbe8c173c7e,48000,2,240000,5.000000000,-22.07,-9.61,-14.46,-0.93,,READY
3540.mp3,74e96f297c776a53f52598e19be9902fe220b23247914a8f54aaa39d679a8a06,48000,2,240000,5.000000000,-36.79,-23.01,-15.78,13.79,GAIN_ABOVE_+10_DB,READY
3541.mp3,bf212f08829ba125ed215927f41a6e80d735e8c4bd7760e617548d9f08b4711f,48000,2,240000,5.000000000,-30.36,-21.28,-11.08,7.36,,READY
3542.mp3,713b3f9fc0243f581c73fa66d5b139df58a41759c4f68d23b2de5afbf9a71f59,48000,2,240000,5.000000000,-33.36,-20.25,-15.11,10.36,GAIN_ABOVE_+10_DB,READY
3543.mp3,ee39f4ce97d90f32565810d73a4612b3ce8aee7942f2cfce76059de2320d18e9,48000,2,240000,5.000000000,-44.89,-25.16,-21.73,21.89,GAIN_ABOVE_+10_DB,READY
3544.mp3,e2dc6f93d84b5ccfe79f2970e1a610dd54b6902fb25e95130b70948e21e2bab5,48000,2,240000,5.000000000,-12.88,-2.28,-12.60,-10.12,ATTENUATION_BELOW_-10_DB,READY
3545.mp3,067df52ba3a87fa1dd07af864e4288ffff733c321ea9513d1a3075203664c772,48000,2,240000,5.000000000,-46.20,-31.69,-16.51,23.20,GAIN_ABOVE_+10_DB,READY
3546.mp3,bb4f4a5a78956bb1627eb74eb6ad10fc0fee39adb78df90481bfb74cc269f864,48000,2,240000,5.000000000,-48.86,-34.10,-16.76,25.86,GAIN_ABOVE_+10_DB,READY
3547.mp3,60ea3920113be51f8a9e051c9a750e7301a2fbaf48c2d766656c5c3b387cc88d,48000,2,240000,5.000000000,-29.00,-16.49,-14.51,6.00,,READY
3548.mp3,14d0bdbb5f4a8552f3944f2703703af7ef476c14fbd3964c676f5322edd75a03,48000,2,240000,5.000000000,-21.64,-5.99,-17.65,-1.36,,READY
3549.mp3,426c207a0da758802594ccec2d75f892a86f533e981253b0d373679b6598b3c2,48000,2,240000,5.000000000,-46.91,-34.72,-14.19,23.91,GAIN_ABOVE_+10_DB,READY
3550.mp3,1d6d8cedf158c431b10e12e9813e265dc9ca7789a79d88c5c304688eae22bf62,48000,2,240000,5.000000000,-22.64,-11.71,-12.93,-0.36,,READY
3551.mp3,2dbd8dae1d2d99b78d3489ffa078f28881687a713d0b4e15b4632220a572b85d,48000,2,240000,5.000000000,-34.95,-24.27,-12.68,11.95,GAIN_ABOVE_+10_DB,READY
3552.mp3,7d40f08e6bfb7db9e7c3e3b46d0e5b6a322821d9bf2044bed07d1781609e1b44,48000,2,240000,5.000000000,-18.00,-7.93,-12.07,-5.00,,READY
3553.mp3,90a771480843d1826f03cc693b9fc5b3c8730fe49ed94e2c3e61388ba280bf2d,48000,2,240000,5.000000000,-37.83,-20.63,-19.20,14.83,GAIN_ABOVE_+10_DB,READY
3554.mp3,99dc839b16e304b85a17fd57b31103d6891db101355f61d6de6ab89a951c4b3f,48000,2,240000,5.000000000,-17.45,0.08,-19.53,-5.55,,READY
3555.mp3,4ea5584d8e74828a46adcc6f23342694ec1d41afb0a2f0fed7d312e98f54132d,44100,2,220500,5.000000000,-67.21,-53.24,-15.97,44.21,GAIN_ABOVE_+10_DB,READY
3556.mp3,2093cad7873cb84d1c5bf78b6d647bb494d18e244906ec2f495549eb73282721,48000,2,240000,5.000000000,-30.00,-16.57,-15.43,7.00,,READY
3557.mp3,5de65a70699b523256f22cd5d9e19f3f84f2e20e3619df391105098965b29280,48000,2,240000,5.000000000,-33.17,-18.60,-16.57,10.17,GAIN_ABOVE_+10_DB,READY
3558.mp3,e5dbf83be43fb6724378ca5b7e3c551a681b613333665c94a2e2fff038a1878b,48000,2,240000,5.000000000,-30.07,-16.19,-15.88,7.07,,READY
3559.mp3,5c9c91c75227fc9d046b93204a2b5cd8a57492dca64837d9bae443e16ad07fd6,48000,2,240000,5.000000000,-41.29,-26.36,-16.93,18.29,GAIN_ABOVE_+10_DB,READY
3560.mp3,4414dcd257ccdd128933770b47d41bbd7c30c05e9e26ca4d946faabb1a98c13f,48000,2,240000,5.000000000,-16.39,-3.95,-14.44,-6.61,,READY
3561.mp3,63e40e13ff37f13f1614ecd19527c6f24727a644377d76025618b80772faa830,44100,2,220500,5.000000000,-35.77,-23.25,-14.52,12.77,GAIN_ABOVE_+10_DB,READY
3562.mp3,817b0b037e02c96357551e1ac1053db75eb7e05315dfc736880a7341a092aa98,48000,2,240000,5.000000000,-23.47,-11.79,-13.68,0.47,,READY
3563.mp3,dde3892ec3d36f4ddd8d12606a252e9feb2562655d801eb3a36980e30ccfa46f,48000,2,240000,5.000000000,-16.90,-3.24,-15.66,-6.10,,READY
3564.mp3,0d4ed5a55c395f37c0903f28770aca798e95a37321ca2376906a80657447b013,48000,2,240000,5.000000000,-47.36,-20.18,-29.18,24.36,GAIN_ABOVE_+10_DB,READY
3565.mp3,769cfc741244aad2434d01b64f6f072d5468d9254cce31edfd0e875cdf320122,48000,2,240000,5.000000000,-23.04,-11.46,-13.58,0.04,,READY
3566.mp3,758c4f08c7785af77bab919ca8e1f0669037d6b3ff77930cf2a258530dcba02e,48000,2,240000,5.000000000,-31.57,-24.22,-9.35,8.57,,READY
3567.mp3,480a89ef595b9e6f0e79cf45b9f369de3593f2cdcd5735393c9f7cc9a46b7c1c,48000,2,240000,5.000000000,-46.79,-28.78,-20.01,23.79,GAIN_ABOVE_+10_DB,READY
3568.mp3,9670ebfc3add731fb3a0ab2c5ff6cf541635ed216c93e1655d61231f3c396060,48000,2,240000,5.000000000,-27.18,-13.64,-15.54,4.18,,READY
3569.mp3,ca28454baf48f1d2f10e411ff458a0b880fd3898fc65b991b709589acebc31e1,48000,2,240000,5.000000000,-39.78,-20.28,-21.50,16.78,GAIN_ABOVE_+10_DB,READY
3570.mp3,c12a0d386c5bc10b73f2fd13e447933a1146510a1e9e548de2c4dd7cfed6ce4c,48000,2,240000,5.000000000,-37.53,-23.14,-16.39,14.53,GAIN_ABOVE_+10_DB,READY
3571.mp3,594b56f9f43967972d4cfa862bd50bf00fa1b016ad919d7c05e5c0ecda75eece,48000,2,240000,5.000000000,-29.07,-15.44,-15.63,6.07,,READY
3572.mp3,4cf41a524f0e62b0a1613dd49d2aee18bb8df87dddda36c3d1acf4bb78039455,44100,2,220500,5.000000000,-23.04,-12.97,-12.07,0.04,,READY
3573.mp3,691f01f844c47b1e90fa997cf82486275facd7e57b472f5ca64643b8d8b4de0f,48000,2,240000,5.000000000,-25.80,-12.36,-15.44,2.80,,READY
3574.mp3,07831d7f2dbf014b08e3b53b4665c57f4eb6f9f7a56dc93bb5e1f2284dc1b364,48000,2,240000,5.000000000,-11.00,-0.39,-12.61,-12.00,ATTENUATION_BELOW_-10_DB,READY
3575.mp3,90ba2d5ad9ebf2ea9d2a7f7271a1dd010f7b1cc2aa642122f1974eb7b1e24c51,48000,2,240000,5.000000000,-36.93,-22.80,-16.13,13.93,GAIN_ABOVE_+10_DB,READY
3576.mp3,0174332bc07913e35ee9140a67c97008acc996722ce8041797211ba615f101f0,48000,2,240000,5.000000000,-37.97,-21.28,-18.69,14.97,GAIN_ABOVE_+10_DB,READY
3577.mp3,4636c8d651115e3b9d6f381274e622f66f5af75eb44af2022c6ea6d2656b2cee,48000,2,240000,5.000000000,-16.83,-0.39,-18.44,-6.17,,READY
3578.mp3,e079231e3b3ffb8a77721b6273a0f0b139d5d121617b6028859659b015672f9e,48000,2,240000,5.000000000,-25.44,-8.97,-18.47,2.44,,READY
3579.mp3,ba93021ba4bfa4b6692050198b54ee4af658bdae6e3e3ffe124131c500b59939,48000,2,240000,5.000000000,-41.01,-26.03,-16.98,18.01,GAIN_ABOVE_+10_DB,READY
3580.mp3,3c598d6eea40427fa95c6d3946248b4871eecd7c37de83dbb8eedb8f96f4144c,48000,2,240000,5.000000000,-23.22,-6.98,-18.24,0.22,,READY
3581.mp3,971fa20be5a9c8ea4d70a4c9215971a1ddf472c318e4d43a5cada2c577be0e86,48000,2,240000,5.000000000,-33.00,-15.64,-19.36,10.00,,READY
3582.mp3,d14008f7fcabc26abb8a25fa5603cd72cec617423b932a47bd89ec3915f7d8e2,44100,2,220500,5.000000000,-52.11,-38.16,-15.95,29.11,GAIN_ABOVE_+10_DB,READY
3583.mp3,11bd88e4cc5666911c775b04a8f4f1574fcf301606a5acaf23ba1b9ce8d3c227,48000,2,240000,5.000000000,-44.49,-25.85,-20.64,21.49,GAIN_ABOVE_+10_DB,READY
3584.mp3,fb8c06da0adf256ebb8ec0506282cc29da0816dbfdda8e3707bedd3dbe6d34b6,48000,2,240000,5.000000000,-36.68,-24.90,-13.78,13.68,GAIN_ABOVE_+10_DB,READY
3585.mp3,feab52efc342dbf9cd7ab3a9a07920b55bdd211b8254814915e5c47134341046,48000,2,240000,5.000000000,-33.01,-19.50,-15.51,10.01,GAIN_ABOVE_+10_DB,READY
3586.mp3,d68b5b26cd5dad64e6a4f61dee9bbcc990f0e12472bad14a2cfe3fbfe69f1caf,48000,2,240000,5.000000000,-18.08,-2.07,-18.01,-4.92,,READY
3587.mp3,9ca62b820410defbaeb0bab208c5657dd6f811e7ae8f07fb02acad16b3b899ed,48000,2,240000,5.000000000,-25.82,-5.56,-22.26,2.82,,READY
3588.mp3,53ae8ffbd54e2bd1bb91a438e6cd11b9fcb6d8eb1cd7918a9154bf803c98af59,48000,2,240000,5.000000000,-12.39,-0.76,-13.63,-10.61,ATTENUATION_BELOW_-10_DB,READY
3589.mp3,bd162bb71fdcc9729ba6fc2826e3c1b5d2d5813a77b501dbb1bec59a241c2b03,48000,2,240000,5.000000000,-20.22,-10.17,-12.05,-2.78,,READY
3590.mp3,6f1c556ca0e2e77665121922578d7f72954ef04b212b75e83d813b58d3ddc036,48000,2,240000,5.000000000,-27.13,-15.42,-13.71,4.13,,READY
3591.mp3,dbc66fd3b821cde098575662ad66521ee056d71b4e8aa5da014aaffcab28ea5d,48000,2,240000,5.000000000,-32.58,-18.33,-16.25,9.58,,READY
3592.mp3,1f7afeec7948bc10feafe40117ff3f708fd1dc3fa5a8e55db9d559efab83a259,48000,2,240000,5.000000000,-24.68,-9.64,-17.04,1.68,,READY
3593.mp3,358eef0707ad57d7cdc2c21cab562dd0ca757e033c13203685c40155a39117dc,48000,2,240000,5.000000000,-28.39,-12.92,-17.47,5.39,,READY
3594.mp3,aa5c7868d90a82488990a4925ee825c0dd301af3c4df57c97b82f07435db224b,48000,2,240000,5.000000000,-42.48,-33.03,-11.45,19.48,GAIN_ABOVE_+10_DB,READY
3595.mp3,8a7ed217a704f809318b2b2fa9349fb785665999d0af72fce41af4fb6d97c4c7,44100,2,220500,5.000000000,-21.77,-1.08,-22.69,-1.23,,READY
3596.mp3,b72962836684d5eb1c199b9d55da0518ffb8ac468a5dbc9e3bf0de3f809e611b,48000,2,240000,5.000000000,-25.60,-9.64,-17.96,2.60,,READY
3597.mp3,0b7e63a681e0902fcab79964e816136656cfc005b792a150f5b3033c25ed5619,48000,2,240000,5.000000000,-15.70,-3.23,-14.47,-7.30,,READY
3598.mp3,bcfd29c58ae71d6ebda6fed5df06bf9c84f40dbdf75c6bbd9a245cfa665e2f70,48000,2,240000,5.000000000,-14.11,-2.12,-13.99,-8.89,,READY
3599.mp3,52b55b85d1f1350bb65f508de54c1d83d1ffa9138c8604e8f5d61c92d323094d,48000,2,240000,5.000000000,-16.41,-3.98,-14.43,-6.59,,READY
3600.mp3,2642ff28b96059f8205084cb1c185e8ccb06398a667b5c762a5e99846826ea1f,48000,2,240000,5.000000000,-23.10,-9.73,-15.37,0.10,,READY
3601.mp3,37df8aa47534c37d5a498303f86a38a2097912fd32e309fb194be1e3718b2eef,48000,2,240000,5.000000000,-18.91,-3.52,-17.39,-4.09,,READY
3602.mp3,ec164825adcb9617964493e3ec0fe73462fa86e953a04eb907691997f94d47de,48000,2,240000,5.000000000,-18.97,-4.42,-16.55,-4.03,,READY
3603.mp3,21138d98f50326119b82f0e4d0d49d6017a0ac7738a7fc9c046563c13e778856,48000,2,240000,5.000000000,-20.45,-7.98,-14.47,-2.55,,READY
3604.mp3,1ee297f043ee06add67a6e889eb02a822b5c45401205b41334176ffd061bcd59,48000,2,240000,5.000000000,-34.40,-16.87,-19.53,11.40,GAIN_ABOVE_+10_DB,READY
3605.mp3,371e919533960cc1fad7ce5f90f6a8350dadcfc1cccf6394b5555d71068cec03,48000,2,240000,5.000000000,-24.50,-12.29,-14.21,1.50,,READY
3606.mp3,c9d0069d4019031f5bca579b108b529666a3f6b16253d314e3e4313d020b6fcb,48000,2,240000,5.000000000,-15.64,-3.02,-14.62,-7.36,,READY
3607.mp3,e4fd7c2b3bc57d94737830b8c5d93a80d2bd7ffdf3e6518081d28f6e546e8905,48000,2,240000,5.000000000,-36.53,-23.09,-15.44,13.53,GAIN_ABOVE_+10_DB,READY
3608.mp3,65a2414398b3ec3e68055d676b3f8f577839160738cba6a2779988d7bcce179f,48000,2,240000,5.000000000,-25.11,-7.70,-19.41,2.11,,READY
3609.mp3,4c6714c7d8efdcea7678aceeeb49bf84968dd94d998d8610a48dba00190d7bd9,48000,2,240000,5.000000000,-28.88,-14.65,-16.23,5.88,,READY
3610.mp3,071433346370f3fd63043a3ae9162fdd531efe73737a7ee3c16905c9ea6aac77,48000,2,240000,5.000000000,-19.37,-7.65,-13.72,-3.63,,READY
3611.mp3,5248ee0bdcf61dd9748dd9ae13fd8bc43aa6751fcf0112e96f222a7a00054da6,44100,2,220500,5.000000000,-28.82,-17.49,-13.33,5.82,,READY
3612.mp3,fe343602d3886aab626e55531ec6545705145a931b4424020f24a5a3a10fd869,48000,2,240000,5.000000000,-39.91,-22.72,-19.19,16.91,GAIN_ABOVE_+10_DB,READY
3613.mp3,62d2f63f8bd012fc4a224a4fdcd22b57a887d0d0f8cd5aa7b4b10ab60cc01d12,48000,2,240000,5.000000000,-29.44,-18.54,-12.90,6.44,,READY
3614.mp3,edce4b5bd6b064ea9a934c749e23db3e5f3f170c91e690fee02034b79dddb68f,48000,2,240000,5.000000000,-14.73,-4.12,-12.61,-8.27,,READY
3615.mp3,93018f8acbb7aac90f88523d7d3bf30a4939b058a22e518d919b6cf90ebfaac3,48000,2,240000,5.000000000,-26.04,-12.25,-15.79,3.04,,READY
3616.mp3,560660464c975971bdb6f89a702d21efb462162a992bd9463ce1d48aed0785c2,48000,2,240000,5.000000000,-15.55,-1.63,-15.92,-7.45,,READY
3617.mp3,b647a3cc50e9e5a03ec8ca12d9aa349182fb425d56998f46bb6502726b80ada0,48000,2,240000,5.000000000,-12.85,0.17,-15.02,-10.15,ATTENUATION_BELOW_-10_DB,READY
3618.mp3,cc6f988a9a9625e0c007f469f42887330bb813a45bf228adfec0c95612b2d897,48000,2,240000,5.000000000,-19.07,-3.48,-17.59,-3.93,,READY
3619.mp3,19147a13c6d91c3aadeab179e83fc7a879041aa8acf16fdf6211084d11bfc0ea,48000,2,240000,5.000000000,-18.41,-5.57,-14.84,-4.59,,READY
3620.mp3,144e29e8231e901082cf2d892b9adfa4904f029677fec1d588ea220636752919,48000,2,240000,5.000000000,-64.60,-50.57,-16.03,41.60,GAIN_ABOVE_+10_DB,READY
3621.mp3,56745f88eb5ef10975ccd4d14039069d19baad261430d28e457641ee606bbb51,48000,2,240000,5.000000000,-49.72,-41.39,-10.33,26.72,GAIN_ABOVE_+10_DB,READY
3622.mp3,e34fee2245ee96ce8990727d7568a79cc9d96d448dd114b13d8d70d041d91c29,44100,2,220500,5.000000000,-11.65,3.48,-17.13,-11.35,ATTENUATION_BELOW_-10_DB,READY
3623.mp3,109efa3c91547a7162e26b33e2f16c5b0e22b65f1f5f5efa050e94640b357cfd,48000,2,240000,5.000000000,-38.41,-26.71,-13.70,15.41,GAIN_ABOVE_+10_DB,READY
3624.mp3,0a53f75e6beadf44247c7bd0957065e4461f7bcbb9b4f93d0d79e0542e02926e,48000,2,240000,5.000000000,-49.20,-33.52,-17.68,26.20,GAIN_ABOVE_+10_DB,READY
3625.mp3,01debd90b47e680a7c922e7d3904f50e0fd1bc487c78cea74053779486ecda08,48000,2,240000,5.000000000,-34.56,-8.90,-27.66,11.56,GAIN_ABOVE_+10_DB,READY
3626.mp3,016b9ccd73050ec9c701c4594874f443d6ad4da06f116e2ad8107299ae731daa,48000,2,240000,5.000000000,-15.82,-1.57,-16.25,-7.18,,READY
3627.mp3,d97c41df23640c15d6e820d1f825634ec14cf5f45da50404c14331dc25c6be5a,48000,2,240000,5.000000000,-16.36,-0.75,-17.61,-6.64,,READY
3628.mp3,1f1c46ec04a335bbc68c6dee37e7a9f0ebb8c93d724c83adc61679f307a920d4,48000,2,240000,5.000000000,-28.39,-14.14,-16.25,5.39,,READY
3629.mp3,fd118bf93fd5ae84499bc90bc015d966a1cdb45c9979d8a3775a4fe389de3c6e,44100,2,220500,5.000000000,-54.61,-41.36,-15.25,31.61,GAIN_ABOVE_+10_DB,READY
3630.mp3,19448022c0bc2ebbad8bc98c1b30263d17924709f621dfead955b2bc8c1176a3,48000,2,240000,5.000000000,-34.10,-22.64,-13.46,11.10,GAIN_ABOVE_+10_DB,READY
3631.mp3,6aa754b0a21332fc8d3670c079821e2769c4df6fdd3899aa8de18b933c2e1f84,44100,2,220500,5.000000000,-11.12,-2.94,-10.18,-11.88,ATTENUATION_BELOW_-10_DB,READY
3632.mp3,3039a600ce48ca2164e7f4b19e5be41cd9fd0c59cec09c60eb81851580b8f5b0,48000,2,240000,5.000000000,-34.92,-18.42,-18.50,11.92,GAIN_ABOVE_+10_DB,READY
3633.mp3,327417b356d5f411e8afcd3775f2d9fd4a0c52daa6c24478635be5ae3174d44b,48000,2,240000,5.000000000,-19.64,-3.64,-18.00,-3.36,,READY
3634.mp3,57af2f622401db9eb2ba8e15a8c92a0e97111601c72251779436c3f5bba44d8e,48000,2,240000,5.000000000,-13.98,-2.09,-13.89,-9.02,,READY
3635.mp3,a065f2aaf6799d434691c9ef4b68dd6ac6feae17709db6a5daf29313dfbec72b,48000,2,240000,5.000000000,-28.89,-15.48,-15.41,5.89,,READY
3636.mp3,4d604aadcb4adfb53ffd7d8a2e5c84994b8fb56cccb967f5e70042cebf0a8c4f,48000,2,240000,5.000000000,-20.60,-4.10,-18.50,-2.40,,READY
3637.mp3,8e2ae1a51cc697f8c3b7bbcf46e84e30a475e38a3789dc127a99ffea057a0e45,48000,2,240000,5.000000000,-47.29,-33.89,-15.40,24.29,GAIN_ABOVE_+10_DB,READY
3638.mp3,c15e7baa570a04a00be568da3e47ff13d512c9f644316b73bbbc25fb9dc5ae16,48000,2,240000,5.000000000,-37.40,-24.84,-14.56,14.40,GAIN_ABOVE_+10_DB,READY
3639.mp3,2a0d7aec01f60367de78e8cc6dd8d5d1f2736e690e0368befe8bcc971f13041d,48000,2,240000,5.000000000,-25.59,-9.00,-18.59,2.59,,READY
3640.mp3,4fd8d6df5094c3ae019409aba2751d80728ccf1cf95ba6c7987be8c27bd5bfa6,48000,2,240000,5.000000000,-22.10,-3.64,-20.46,-0.90,,READY
3641.mp3,953035d415ed386df148a62fda90cc4100a4488a1fc36f7e665a94df62bd2f42,48000,2,240000,5.000000000,-36.67,-25.78,-12.89,13.67,GAIN_ABOVE_+10_DB,READY
3642.mp3,a7c0f98c6a7e46014bcbaaf24ce5f620233059aefe8309442fa7a726376394a1,48000,2,240000,5.000000000,-11.72,-1.16,-12.56,-11.28,ATTENUATION_BELOW_-10_DB,READY
3643.mp3,48d6e7ee192195186e5eb6904c64f1e5ae22e8667f4b9118b4d05540eced934b,48000,2,240000,5.000000000,-48.56,-35.91,-14.65,25.56,GAIN_ABOVE_+10_DB,READY
3644.mp3,05c659e5fc2eca14aa4404a56a3e8b44c6970214b27b083010f50bfc45652888,48000,2,240000,5.000000000,-13.68,-4.54,-11.14,-9.32,,READY
3645.mp3,17ea2c6f98c388fa71d3b48d46acff8aba3fb25bb03672ef45c372a29adb3229,48000,2,240000,5.000000000,-33.77,-19.78,-15.99,10.77,GAIN_ABOVE_+10_DB,READY
3646.mp3,f311bddf9356a5315fa86b34dd19ef6c112ea4502e447b0ba97f82174a8c3f90,48000,2,240000,5.000000000,-27.22,-13.79,-15.43,4.22,,READY
3647.mp3,27bf95977eeefe9cfe0e934a17ae8d0c7841f86111aae5295ec7f12cb9943482,44100,2,220500,5.000000000,-22.64,-5.42,-19.22,-0.36,,READY
3648.mp3,67b5d66cc89807ba475e69fad2c29452c4092e11e418c3937b8f8b93bd905383,48000,2,240000,5.000000000,-22.66,-7.31,-17.35,-0.34,,READY
3649.mp3,ad7a92748e5350772840f45dbf9741b33340c7b84e76090583f78a64e10a99ce,48000,2,240000,5.000000000,-29.12,-14.53,-16.59,6.12,,READY
3650.mp3,c2e074e4bf7dd81ec1ebcd3ff41753235f7fad37ce840c61febf595bb9a4c0ac,48000,2,240000,5.000000000,-27.35,-12.23,-17.12,4.35,,READY
3651.mp3,a4f5e627e526c9c0e72750d5a77bf4c805c1d50f899f3362c23ed9fff96fdb7e,48000,2,240000,5.000000000,-17.38,-4.08,-15.30,-5.62,,READY
3652.mp3,6e0144d9039329a5087b4910605549558dac6be1c9a16943b5c479429bf1bf4f,48000,2,240000,5.000000000,-6.97,0.88,-9.85,-16.03,ATTENUATION_BELOW_-10_DB,READY
3653.mp3,f4931912e091da29e92dbd8b97bb9a341bd93a697708d75dd1c434bb5430c279,48000,2,240000,5.000000000,-18.65,-5.39,-15.26,-4.35,,READY
3654.mp3,7c98901c715cf17847db73175423aff67eebf431c77a49672dc002f6ee5802c9,48000,2,240000,5.000000000,-25.57,-12.70,-14.87,2.57,,READY
3655.mp3,f316ef5b83a4e3e23e90d2128ebbcf862c31521863a1431ea4619471b9b301f1,48000,2,240000,5.000000000,-31.00,-20.00,-13.00,8.00,,READY
3656.mp3,68e1feb8f794af88465535bc6bc54228f29604f65ba10d2b9853e753d0ec6455,48000,2,240000,5.000000000,-25.35,-8.29,-19.06,2.35,,READY
3657.mp3,53f1496b6c072ff198371a5ca6a2d7a1b0fe731b1cf09097b3796672de131d02,48000,2,240000,5.000000000,-27.36,-15.95,-13.41,4.36,,READY
3658.mp3,4e70d507089aa8c50e3b60934f784d76f58974068bab6d81d5f610f8f0367a11,48000,2,240000,5.000000000,-22.08,-11.54,-12.54,-0.92,,READY
3659.mp3,4fa8d6ba0012f2257811f8eac5beca5c151db7f275fddd618edf4cdbf11e4b0d,44100,2,220500,5.000000000,-34.97,-23.82,-13.15,11.97,GAIN_ABOVE_+10_DB,READY
3660.mp3,452842d9c2f27b3a69847157d883db11eb577d61a82f9bdc68e1ed8a223f783f,44100,2,220500,5.000000000,-28.80,-16.04,-14.76,5.80,,READY
3661.mp3,96ded3f9db641a9caee7c204dfe19fd761f2ca6756f546d083a573d4b6f21651,48000,2,240000,5.000000000,-20.97,-8.58,-14.39,-2.03,,READY
3662.mp3,6b9945e6c40da6649ad1317c6d923191f7d949d35507f38da86f7ba8d43125f7,48000,2,240000,5.000000000,-25.27,-12.56,-14.71,2.27,,READY
3663.mp3,8ec19bb755d11eef18d812e2f997d75279a76ad1bfa4c0351d9352bf806c3f29,48000,2,240000,5.000000000,-41.01,-24.20,-18.81,18.01,GAIN_ABOVE_+10_DB,READY
3664.mp3,6477ee2bec673c7a299ae8952da2c757edff60fdaf09353927267d41af2e0a25,48000,2,240000,5.000000000,-34.47,-17.69,-18.78,11.47,GAIN_ABOVE_+10_DB,READY
3665.mp3,c34630d4e0e95d8597f512e98ec284211be7836b1abe973a6a006d07c64c8ea0,48000,2,240000,5.000000000,-29.37,-13.39,-17.98,6.37,,READY
3666.mp3,cad8b4bfa349e8933f2091edb75a88838b45fe19a0567e7fafd2762dd14ba3f1,48000,2,240000,5.000000000,-38.27,-24.69,-15.58,15.27,GAIN_ABOVE_+10_DB,READY
3667.mp3,4680394ada8b858cda72a0e390ee762e2de8cfb6c63e3acb00298a1afe678f6d,48000,2,240000,5.000000000,-33.74,-17.85,-17.89,10.74,GAIN_ABOVE_+10_DB,READY
3668.mp3,443043e993adfa0ece59e43b0241cd99ca69f392c6edb3022c130bdea4277101,48000,2,240000,5.000000000,-24.00,-13.10,-12.90,1.00,,READY
3669.mp3,30b7eb885b06c21629d137e550d9e50de483aeea6fc81ccbcb0fecc680b3d3b7,48000,2,240000,5.000000000,-48.57,-30.82,-19.75,25.57,GAIN_ABOVE_+10_DB,READY
3670.mp3,2ce511d026f3adc2d43dd34320eafbe6d3cf6a29debc42e6a38b530c4fcf3b71,48000,2,240000,5.000000000,-24.77,-11.98,-14.79,1.77,,READY
3671.mp3,194dbfa57c95b4cdaba7c5c7d469bb66e8f32f0da73d39cb7002f66a80ca50d7,48000,2,240000,5.000000000,-15.94,-2.81,-15.13,-7.06,,READY
3672.mp3,924b0375d23b8f82ade91242ebd9167ecec8fd7d341edacfe3d39b87fe8a47c6,48000,2,240000,5.000000000,-25.21,-14.13,-13.08,2.21,,READY
3673.mp3,3ac3b1062ad18f43e9a033cc792b32b90a803f61a6f65e066eb2163464f18b35,48000,2,240000,5.000000000,-27.17,-17.67,-11.50,4.17,,READY
3674.mp3,2831cf5b300f9100d97cd1d652401ab0b17625a88f6c87f29fb431fe93ad2b08,48000,2,240000,5.000000000,-18.55,-0.10,-20.45,-4.45,,READY
3675.mp3,883c788d629d2f43df6a839c4ab67cdb2c407260ec3bf91fbf4bf1ef79a9466f,48000,2,240000,5.000000000,-22.29,-10.43,-13.86,-0.71,,READY
3676.mp3,ed07ad8ea1397e379ac371694359ef6d13c30ae20dff35ae2ed2effa63ab3e7d,48000,2,240000,5.000000000,-21.28,-9.24,-14.04,-1.72,,READY
3677.mp3,a8a2ebff2fb246cb87da185d497c0b271960c42ee1f8d5760d67daa7316aa485,48000,2,240000,5.000000000,-23.56,-12.67,-12.89,0.56,,READY
3678.mp3,e8417f4e27859c474a7b9e936673bf5e105ae8e7c42ad56b412f1bb81003e757,48000,2,240000,5.000000000,-12.47,-0.18,-14.29,-10.53,ATTENUATION_BELOW_-10_DB,READY
3679.mp3,348033c9bb238e51faa6026d3f3d6dc202be422b85081fe1608bc06bdead89a7,48000,2,240000,5.000000000,-14.86,-3.48,-13.38,-8.14,,READY
3680.mp3,ab555850117d6e19c600a2c07ec2ee5c996abd2938ea50ff284ed096c0335f35,48000,2,240000,5.000000000,-29.38,-12.56,-18.82,6.38,,READY
3681.mp3,dbe33db3404314f0ee56ac1a772b2850b2fe0cdde3420deca288ab48f304e2e1,48000,2,240000,5.000000000,-8.78,0.09,-10.87,-14.22,ATTENUATION_BELOW_-10_DB,READY
3682.mp3,295cd7a55bdd9345690f6cdce2963d1f8d5cbae60043b557fbad710b0a40d7ad,44100,2,220500,5.000000000,-11.47,-0.35,-13.12,-11.53,ATTENUATION_BELOW_-10_DB,READY
3683.mp3,a8012f4ffbc10fe0382ffc25c51cfee5a356b0065ca68e570a555ce9f72a2211,48000,2,240000,5.000000000,-25.10,-6.87,-20.23,2.10,,READY
3684.mp3,9dd5900d6e1be2b6f6e45d483d53bd26fc998779eedad68067c10b3283eaa3c3,48000,2,240000,5.000000000,-39.16,-26.85,-14.31,16.16,GAIN_ABOVE_+10_DB,READY
3685.mp3,8b19ecc24c94eff9b3fb9ba19161374c270b3e2a865ec98b10114c8cf91195da,48000,2,240000,5.000000000,-33.28,-21.44,-13.84,10.28,GAIN_ABOVE_+10_DB,READY
3686.mp3,ef8f0fcca6915ce7fbb9a80911cbe4491f5959d0f8c040fb3ef470467e66b658,48000,2,240000,5.000000000,-23.88,-11.21,-14.67,0.88,,READY
3687.mp3,95993612fb832a7a4c1b4f8414900970968e1b302888d6469db08e3d262e21e6,48000,2,240000,5.000000000,-27.66,-11.27,-18.39,4.66,,READY
3688.mp3,6e1caca2179113a4372e951d3eacd594d2247ead8bf184db0c3143e55d91073a,48000,2,240000,5.000000000,-54.61,-39.73,-16.88,31.61,GAIN_ABOVE_+10_DB,READY
3689.mp3,9a0b863d9073a865d16b40d978a5e0395ffa1e18a13fdfebbc24d40cce9c2f1d,48000,2,240000,5.000000000,-30.60,-16.67,-15.93,7.60,,READY
3690.mp3,083ee2342b149f0e67b822b89fd73cb43c6706feb1c3a4be2343200aa99580c5,48000,2,240000,5.000000000,-43.58,-31.29,-14.29,20.58,GAIN_ABOVE_+10_DB,READY
3691.mp3,c172efa14c75828d48a2cde299280d94c01163c26ce4cef065a7f83a9f0ee506,48000,2,240000,5.000000000,-17.07,-7.69,-11.38,-5.93,,READY
3692.mp3,04a57e1dd7433c1a6b09cb66186a97bb867c4f1bb3aeff36b6a76be1cdaa9a63,48000,2,240000,5.000000000,-46.72,-34.26,-14.46,23.72,GAIN_ABOVE_+10_DB,READY
3693.mp3,e3c4cc318428f2b71ac93e3344d53c2fdc12ab495535d0195c9956afe74aeb66,48000,2,240000,5.000000000,-37.36,-21.27,-18.09,14.36,GAIN_ABOVE_+10_DB,READY
3694.mp3,4420441f498b1b75c31e3b8779eb0b75abf60ae89b0c495b7affcfd066067775,48000,2,240000,5.000000000,-9.95,-1.29,-10.66,-13.05,ATTENUATION_BELOW_-10_DB,READY
3695.mp3,da3694517f41e9c01622282c932cdf12a19aebaa29feba9765bb584658a264dc,48000,2,240000,5.000000000,-21.86,-6.42,-17.44,-1.14,,READY
3696.mp3,7cd53e188e3736cbf1d1c073a30ca9a1524b9b9e58d206b8addc92d4d1746548,48000,2,240000,5.000000000,-42.42,-28.44,-15.98,19.42,GAIN_ABOVE_+10_DB,READY
3697.mp3,d2f1f02df7f407f5f56f6d20ff0798ad6bdecc2da8495f21794ca753ebbee540,48000,2,240000,5.000000000,-31.61,-19.87,-13.74,8.61,,READY
3698.mp3,be6e8bcb7c35ae47ff784982d7a9726a8541cab8e737de4875326c052fac07f9,48000,2,240000,5.000000000,-25.40,-12.49,-14.91,2.40,,READY
3699.mp3,192d133887916362768e7b36917b46f0d6beef633f14a727de87fab44915c606,48000,2,240000,5.000000000,-22.94,-5.49,-19.45,-0.06,,READY
3700.mp3,3743ea3cc5d4da3082ac9c9e85ce2d53e032626f0688e688c792950cfc022842,48000,2,240000,5.000000000,-31.79,-20.50,-13.29,8.79,,READY
3701.mp3,979c3a24d4696e65889fbbe0c703ed7aeab3d3cc88761613bc32d3490c00b97c,44100,2,220500,5.000000000,-56.46,-37.17,-21.29,33.46,GAIN_ABOVE_+10_DB,READY
3702.mp3,383f5e3ad7b63687a973f0936a1c1245fbce812dd13e18c1e830dc26e989a057,48000,2,240000,5.000000000,-14.37,-0.52,-15.85,-8.63,,READY
3703.mp3,5a24306869856b8b514a65141bb9d9400ff295a83c03f7e1c66e38a0e55d21ab,48000,2,240000,5.000000000,-12.52,-1.48,-13.04,-10.48,ATTENUATION_BELOW_-10_DB,READY
3704.mp3,37e3afc4949e3b15fb5ba3c0f4127697970e7e57f52413e6a050669821e668ac,48000,2,240000,5.000000000,-30.83,-17.73,-15.10,7.83,,READY
3705.mp3,500a29328250f553535068ff74d806fb7009025f98c46bdb6eb7f85b6fd2648b,44100,2,220500,5.000000000,-35.78,-20.71,-17.07,12.78,GAIN_ABOVE_+10_DB,READY
3706.mp3,39015ef579d794b1d88cbee101968cf1f907649ec12816de4e070b68e6afb89d,48000,2,240000,5.000000000,-16.77,-4.96,-13.81,-6.23,,READY
3707.mp3,7eb0979d93761dd5cb709cf416b79e8c57f46c12c4c837cbd2be38c0b6cdec0c,48000,2,240000,5.000000000,-30.67,-17.29,-15.38,7.67,,READY
3708.mp3,702005d7a9275298fac551a9814adb39f0437694a073e27836cb674b00fdb67a,48000,2,240000,5.000000000,-18.48,-8.12,-12.36,-4.52,,READY
3709.mp3,e295629853c6bb367a7726447dc4c18de1e18c3826d827031bb35c0e282b398c,48000,2,240000,5.000000000,-18.32,-5.00,-15.32,-4.68,,READY
3710.mp3,2f4ffa5e231228b5ecff9896aea1f5d3082295e86074feda6ce0b1f16064b125,44100,2,220500,5.000000000,-37.38,-24.62,-14.76,14.38,GAIN_ABOVE_+10_DB,READY
3711.mp3,dbac13504087d3b5cb0f0692ea54e88b03ca88b7f7be3771c125725a2f72a4e7,48000,2,240000,5.000000000,-28.82,-12.99,-17.83,5.82,,READY
3712.mp3,f312b58a9aa8135a8332cb52cd4e49c9d9d7086116efbeabf44389a387c19405,48000,2,240000,5.000000000,-21.70,-10.94,-12.76,-1.30,,READY
3713.mp3,4b2c0426d74b9210844ad4fdacc70517ed721f1c5ce8aa3147a6d4dc55af5012,48000,2,240000,5.000000000,-30.30,-17.06,-15.24,7.30,,READY
3714.mp3,c745b39e125875c1af35e47f09a845690cb324e5ef2d7bb3f9a07f3a96df5a13,48000,2,240000,5.000000000,-32.82,-19.22,-15.60,9.82,,READY
3715.mp3,15f21a1bbf85faa0a4d8f5f7120a452bad268a7f43112e2597b4379e1fc48fb7,48000,2,240000,5.000000000,-47.94,-36.23,-13.71,24.94,GAIN_ABOVE_+10_DB,READY
3716.mp3,785975109d6ebefdbae299fd0d05127a9be4c2226a52d1960f54dfd9921e2935,48000,2,240000,5.000000000,-23.56,-13.96,-11.60,0.56,,READY
3717.mp3,3bf1c9a266dc9faa2eece70db03736b6cc84e01d69548f997782acc14e346643,44100,2,220500,5.000000000,-68.31,-50.72,-19.59,45.31,GAIN_ABOVE_+10_DB,READY
3718.mp3,aac26b08514a13c0914e1f8d133d690e96fc78368e1b6ba3aaa5cfa1e1c6909d,48000,2,240000,5.000000000,-30.65,-14.79,-17.86,7.65,,READY
3719.mp3,2847f8cbc95c2e42ac36353a142c3477fb14500cb89e8c9cfa09ab62cecc81db,48000,2,240000,5.000000000,-22.18,-7.01,-17.17,-0.82,,READY
3720.mp3,7f62962a822b1e85ce10ac7eb006f6132a9177a74c18a0e964e2ed12ba5f3200,48000,2,240000,5.000000000,-35.66,-23.35,-14.31,12.66,GAIN_ABOVE_+10_DB,READY
3721.mp3,405dcb637974edc520c77d6a7656db273ab92e8624fcbdc5926f1b97b209e45a,48000,2,240000,5.000000000,-15.78,-0.72,-17.06,-7.22,,READY
3722.mp3,aa020a6a7825107fd48b8206640948afbe020af11b6a80677286723f470abe6f,48000,2,240000,5.000000000,-25.83,-13.94,-13.89,2.83,,READY
3723.mp3,8dad68823668f2cdf9fb554f3705c390b53fe68f814902cfb5f6be7e60868b93,48000,2,240000,5.000000000,-40.80,-28.09,-14.71,17.80,GAIN_ABOVE_+10_DB,READY
3724.mp3,75c134838b70e85feed36c94ca61e2fff36917f92e46710878b510d2094ff5e0,48000,2,240000,5.000000000,-23.35,-15.12,-10.23,0.35,,READY
3725.mp3,535d8e2573e090e927f8a642b71d322d027b1e42eb75abe753c7367af649223b,48000,2,240000,5.000000000,-7.70,0.00,-9.70,-15.30,ATTENUATION_BELOW_-10_DB,READY
3726.mp3,0c1641e322153a7e0bbb5f5f6af99c2fdb5a91d2f850dd247e5400eae4f35894,44100,2,220500,5.000000000,-28.07,-18.25,-11.82,5.07,,READY
3727.mp3,ae1165bac859bc5decb94186dbc177c983c53cc51250ffa7070ae70e9531f9c1,48000,2,240000,5.000000000,-26.91,-14.93,-13.98,3.91,,READY
3728.mp3,d43e037c67c5a5c198e756c5353ac2128be6bbe7cea19e8dc6ee1ae3c04c32fc,48000,2,240000,5.000000000,-16.80,-6.82,-11.98,-6.20,,READY
3729.mp3,80e622c1406ff0a22a48fd301599b8ffbddd52abacd5784b583e8745e54ed177,48000,2,240000,5.000000000,-18.82,-3.77,-17.05,-4.18,,READY
3730.mp3,81e9c5693d4e2c552955b0667186a86aa7aff9f9906716c4b75b619b555f5344,48000,2,240000,5.000000000,-18.03,-4.51,-15.52,-4.97,,READY
3731.mp3,89b3ce9e4b4fc7ab61b7e1ef04bd789848f2e2a4bcdb3b99677258caa1755d09,48000,2,240000,5.000000000,-19.89,-7.04,-14.85,-3.11,,READY
3732.mp3,dfe141df6d1c9eb57d74d83360905b3e299223fe016af5e9607bdad908f6f667,48000,2,240000,5.000000000,-22.45,-7.88,-16.57,-0.55,,READY
3733.mp3,46dc84ccc9d4f7b732c13f3db3615b3bc90334cf74c68ad8a424ad2f4d7b16b2,48000,2,240000,5.000000000,-34.14,-24.28,-11.86,11.14,GAIN_ABOVE_+10_DB,READY
3734.mp3,47a188d185ca395d9a65c0328aa140b20dd3f7d7b1b68773ad92d78e47b3246f,48000,2,240000,5.000000000,-40.94,-28.94,-14.00,17.94,GAIN_ABOVE_+10_DB,READY
3735.mp3,673463d421272aa73861cf96828261c3c12797d2d4685cfb01159f149bdb79ff,44100,2,220500,5.000000000,-20.97,-10.64,-12.33,-2.03,,READY
3736.mp3,832f839acc51f262234d35e94f82b6a414c4e5545fef767c90a62bfd456ca62d,48000,2,240000,5.000000000,-34.21,-22.49,-13.72,11.21,GAIN_ABOVE_+10_DB,READY
3737.mp3,49942839ed3ed5addfeca9d1cc8fdd51d66e66e5e1db433e275f0e39185e6e61,48000,2,240000,5.000000000,-14.59,-2.54,-14.05,-8.41,,READY
3738.mp3,469054c7829dce56295b679c84e34b11609e9f0c4dc5b18ed17b87b664c6c86d,48000,2,240000,5.000000000,-32.30,-16.95,-17.35,9.30,,READY
3739.mp3,3a5890624d498fc717c3be344aeb96f27f7b03d645e80d2f686b2bf98d494c93,48000,2,240000,5.000000000,-21.53,-7.33,-16.20,-1.47,,READY
3740.mp3,5bead6b7f6c60aac3a7c90c84e468709c2d5fe7d352e7be00e031ffd597f8c19,44100,2,220500,5.000000000,-42.58,-30.53,-14.05,19.58,GAIN_ABOVE_+10_DB,READY
3741.mp3,48c50e8284db70946002410ba657ff81d8044be6fb63b4bad71dfc1e74782579,48000,2,240000,5.000000000,-18.71,-0.08,-20.63,-4.29,,READY
3742.mp3,36d07287b74cb1a37f10d1e793df961ae9ebec26cf400993ef72177612ced485,48000,2,240000,5.000000000,-18.12,-2.21,-17.91,-4.88,,READY
3743.mp3,bf032ad3f97a1c611f57b072d58929301cdcb787e946a8ffb9145ea1049b96ef,48000,2,240000,5.000000000,-18.24,-5.47,-14.77,-4.76,,READY
3744.mp3,5c89591a150490dbb80ac1999f3671b144daf40a24a40075278564c015c850fa,48000,2,240000,5.000000000,-30.93,-12.31,-20.62,7.93,,READY
3745.mp3,8e4a689466b1296b722034e4f309b0dd42582e3e0737321c758b64f75db62684,48000,2,240000,5.000000000,-14.13,0.85,-16.98,-8.87,,READY
3746.mp3,51920adf51e0704f9942ec33d7d2610ce5a4281f09a1c7d1d69fbf971e7734c9,48000,2,240000,5.000000000,-16.10,-1.87,-16.23,-6.90,,READY
3747.mp3,18cda5851e196997d7f5ef4dbff2d0ffb5fe0845f88c730a2749ef54d022ec17,48000,2,240000,5.000000000,-49.92,-36.23,-15.69,26.92,GAIN_ABOVE_+10_DB,READY
3748.mp3,932cab0d8136400910bf07dbaaecd2330b624bbb3c5b07f92b9afa796edcec33,48000,2,240000,5.000000000,-30.49,-16.58,-15.91,7.49,,READY
3749.mp3,e1918c64d345d65eeb9ff41bf0f7d552d1ac1b28d4e912f2cdbb3c393e472ab6,48000,2,240000,5.000000000,-7.40,0.23,-9.63,-15.60,ATTENUATION_BELOW_-10_DB,READY
3750.mp3,d895ed1321a27b1890ae48e0f6b05db1f46d6bffb86fc56d6f773cf1efcec987,48000,2,240000,5.000000000,-18.11,-3.59,-16.52,-4.89,,READY
3751.mp3,c0a15b96fd75d3eff658cf5b15b9f6da57a6de35c35a1cf7579e1006afd573aa,48000,2,240000,5.000000000,-38.24,-26.04,-14.20,15.24,GAIN_ABOVE_+10_DB,READY
3752.mp3,ea98acfad3b570f56d157e9d6c9a94833b5234f36f3503c13f9ab9283d28e9cb,48000,2,240000,5.000000000,-14.27,-4.60,-11.67,-8.73,,READY
3753.mp3,aa4555b7ab3a4ba2b41763ce50f28e04fa976c28c6f00fdbce8e8a6ca4d8adc4,48000,2,240000,5.000000000,-21.19,-9.25,-13.94,-1.81,,READY
3754.mp3,22e50105e875488402ed20809b8722215ecf473a62c900b3a5cdd7ea4f01415f,48000,2,240000,5.000000000,-17.24,-2.30,-16.94,-5.76,,READY
3755.mp3,efa4b7627c527b3f9726c48d057101ba373dfeb2e31513712c0b7935e1d527bf,48000,2,240000,5.000000000,-36.85,-20.76,-18.09,13.85,GAIN_ABOVE_+10_DB,READY
3756.mp3,4755fb2700693d87992fb43c9cc4ca0c207977fedb51bcd6ca4b5da3597771f3,48000,2,240000,5.000000000,-22.23,-7.65,-16.58,-0.77,,READY
3757.mp3,273f299c3ffebd8c641aaa4335ff3e3dae20e1936d18934569221b1dc08b29a1,48000,2,240000,5.000000000,-30.77,-17.63,-15.14,7.77,,READY
3758.mp3,7af458d92980912e947701200c01277dd373ee8b977abecdf49062fd828a1b7d,48000,2,240000,5.000000000,-24.50,-9.17,-17.33,1.50,,READY
3759.mp3,6d2f3eba3f475708a7ead815fa9105251eaac939d9cd0be5d03a3b3b0eae8b48,48000,2,240000,5.000000000,-18.66,-4.88,-15.78,-4.34,,READY
3760.mp3,55838c6a5f4e4988d7faa9503bfa97d0a442536094e9cbb102e513c808793abe,48000,2,240000,5.000000000,-28.97,-15.38,-15.59,5.97,,READY
3761.mp3,587bc3c6e7aacf0644ad80831cca3dd4bb86c27bddeca2f407d5eca8a231a5d4,48000,2,240000,5.000000000,-14.23,0.07,-16.30,-8.77,,READY
3762.mp3,08e620d41b68fd608e1c7bb83bd304091395e97db35f9c1bea3108a836c1e418,48000,2,240000,5.000000000,-32.66,-17.21,-17.45,9.66,,READY
3763.mp3,f0f47ec228fb2e2f1e50ed85d335df6183ba1066485ef0eaaf24c43c02607f06,48000,2,240000,5.000000000,-52.87,-40.14,-14.73,29.87,GAIN_ABOVE_+10_DB,READY
3764.mp3,550cecac60021acd30be391515b5fac9b0eb8870920473bed09d1278ed0eb6df,48000,2,240000,5.000000000,-32.90,-15.40,-19.50,9.90,,READY
3765.mp3,5f53ef7b7b8cd7d43773af737773e53132bbd483fb75cadb355ff3bf72c39ca3,44100,2,220500,5.000000000,-34.58,-25.23,-11.35,11.58,GAIN_ABOVE_+10_DB,READY
3766.mp3,0a65c3f022f33cf5d6f5e5946763a02f744754aee72620dc48a2c953e809a1e1,48000,2,240000,5.000000000,-11.26,0.00,-13.26,-11.74,ATTENUATION_BELOW_-10_DB,READY
3767.mp3,3e45217dbcd1e9bf79382cdb2a0ebae0811f67c934ab55c11d6b50ce538a06e9,48000,2,240000,5.000000000,-15.34,-4.51,-12.83,-7.66,,READY
3768.mp3,611e7104ee15d926dcb44f2d64eca4edd116d1610ae02f05e98436f9324e74be,48000,2,240000,5.000000000,-18.64,-4.81,-15.83,-4.36,,READY
3769.mp3,f9982fd2fc2fd9246962f1055ba6c83c77b4a9a4473a0df97e2db1c59bd6011d,48000,2,240000,5.000000000,-19.01,-6.33,-14.68,-3.99,,READY
3770.mp3,2f6d11fa04d441f2881c0694954ae3ae4849f9616dbe33ceac871432334e9437,44100,2,220500,5.000000000,-38.57,-23.67,-16.90,15.57,GAIN_ABOVE_+10_DB,READY
3771.mp3,049688d4dba1da824ef297e5080c7e64a1d39b85a181a25dad5c351018796c6d,48000,2,240000,5.000000000,-27.11,-13.81,-15.30,4.11,,READY
3772.mp3,2e6ce15e3b788533d8cb8045f6fd89c08f8f0f92d4528f65a160e4fccd83d887,48000,2,240000,5.000000000,-26.80,-11.60,-17.20,3.80,,READY
3773.mp3,8202f16aa42e3f4562263cc8f18beeed96183d14134687a3f3c7be1d4fdb18eb,44100,2,220500,5.000000000,-20.55,-9.28,-13.27,-2.45,,READY
3774.mp3,35c546a9b489d843ef762ab807b456973bbe207f91716536a5cb56bb8e224333,44100,2,220500,5.000000000,-28.34,-15.39,-14.95,5.34,,READY
3775.mp3,2409f87701c43a5a734a77a56f9ae3057244dd5595e5444b624e5e9ff0da097c,44100,2,220500,5.000000000,-32.82,-21.46,-13.36,9.82,,READY
3776.mp3,05ef5577f777431c01c49529fb76f9c7059dda3b9fe29601027ec886bd30a261,48000,2,240000,5.000000000,-19.13,-5.17,-15.96,-3.87,,READY
3777.mp3,bc793e3082488e8aa058c14f3762b544011f69783e8794d147dc52e52c124dd9,48000,2,240000,5.000000000,-27.60,-15.91,-13.69,4.60,,READY
3778.mp3,13497fcdd6f41d191e34ba6e28c85755c7d44123a021f1b177e7352f2d8c8092,48000,2,240000,5.000000000,-21.84,-9.73,-14.11,-1.16,,READY
3779.mp3,551774c961916f67c3b817eb4d57f6310a7964420021793499c68e534e878136,48000,2,240000,5.000000000,-25.36,-16.93,-10.43,2.36,,READY
3780.mp3,5e4c8ba04cbc8fb1383323b097169aab61d26f1a98c139cd153f316424d78df1,48000,2,240000,5.000000000,-22.36,-7.02,-17.34,-0.64,,READY
3781.mp3,d91ea4efdb5d294aca5b06c4394a14962a1d35e70472a816a512aa9f87c4fe9f,48000,2,240000,5.000000000,-33.20,-21.00,-14.20,10.20,GAIN_ABOVE_+10_DB,READY
3782.mp3,948f16c4afa804090b71e6702766ad76c79221ddd1ecc93cd0c0dcc96c51160f,48000,2,240000,5.000000000,-22.77,-9.51,-15.26,-0.23,,READY
3783.mp3,0c54ae4d4d0e819ffb3b90fc3365315cda91dccb07bfb83aca162881e3761b1a,48000,2,240000,5.000000000,-25.06,-6.53,-20.53,2.06,,READY
3784.mp3,600080592c7cd039257da89bd4413860d4f87735e2a718723970db18a68ee3b7,48000,2,240000,5.000000000,-11.74,-0.84,-12.90,-11.26,ATTENUATION_BELOW_-10_DB,READY
3785.mp3,fc949516b2ca9b79f8ba76f0930772717922029ac5662ddeff187c89e32e4c9f,48000,2,240000,5.000000000,-22.46,-10.14,-14.32,-0.54,,READY
3786.mp3,b43efec1cef65acd15233512d5730a7b18c3188b5e8e80a9fa8c2bf074dee1d1,48000,2,240000,5.000000000,-19.63,-8.71,-12.92,-3.37,,READY
3787.mp3,3fe4b62f5d728b7ba883272238bb51867000cd8e7dcbc723dd411a7fa5d14837,48000,2,240000,5.000000000,-15.34,-4.08,-13.26,-7.66,,READY
3788.mp3,1d948ec705aff96b103f01b743114b9e09fef6fb35e221c2a0ead29967a2ac48,48000,2,240000,5.000000000,-20.68,-7.90,-14.78,-2.32,,READY
3789.mp3,2972a4cfe88f05e43b2cdfc319c5c856b109c689a10d055e11f304c60137d5f3,48000,2,240000,5.000000000,-22.29,-6.44,-17.85,-0.71,,READY
3790.mp3,36441e7a246af70974b6118c6cfa6bd0e6db708b50d8cdd3e8d00ffa252a813e,48000,2,240000,5.000000000,-25.52,-9.47,-18.05,2.52,,READY
3791.mp3,c0786dc2a5e6de5739f869477d95811dabae6a607539ff444eda00aa99f58f12,48000,2,240000,5.000000000,-21.77,-12.54,-11.23,-1.23,,READY
3792.mp3,9281bad254f5edad1a0fb503fc628dd01381369f682ee76abe8a53ac1daa9321,48000,2,240000,5.000000000,-18.27,-5.80,-14.47,-4.73,,READY
3793.mp3,df19e9f5c0f6f6f780c4565d26c39b6d9deaeb0c46f762477d69a238c3ab04aa,48000,2,240000,5.000000000,-23.81,-15.64,-10.17,0.81,,READY
3794.mp3,13b00ed4123bd851ac3c86095570d897b559042547713346b6fd0dab593640c2,48000,2,240000,5.000000000,-16.67,-1.93,-16.74,-6.33,,READY
3795.mp3,1dd0fa6dab42c71ff8723387f9505a789b6a78f48792240f5e2fe1f30a5a745c,48000,2,240000,5.000000000,-14.74,-3.83,-12.91,-8.26,,READY
3796.mp3,7126d5132ccebdc62bad2a5501dd93eeba2fa5f58893e97a20f9b9d98d65658a,44100,2,220500,5.000000000,-44.42,-23.42,-23.00,21.42,GAIN_ABOVE_+10_DB,READY
3797.mp3,bd097007725347733afc5c460e0e4122054c821a8b117881dd251cf717427a60,48000,2,240000,5.000000000,-18.68,-4.66,-16.02,-4.32,,READY
3798.mp3,6a00765a61bbeca42ad77cc2094f411dd9a28c2ab8d211e375210671799970e5,48000,2,240000,5.000000000,-25.76,-12.59,-15.17,2.76,,READY
3799.mp3,225fd1a6dbf2d1f6ff2e73d4f35f14b449fd1e5b76de8f2b2c944addeb6bc731,48000,2,240000,5.000000000,-26.40,-13.81,-14.59,3.40,,READY
3800.mp3,e82da716ce691f5c6cfb05b0f8746648bd3fefd82cc6816a2935a1e14cfe9c80,48000,2,240000,5.000000000,-16.05,-3.76,-14.29,-6.95,,READY
3801.mp3,ae95a49574da76e876eced74727c066e68763226120a0d4d5a2444351fd432e9,44100,2,220500,5.000000000,-13.43,-1.93,-13.50,-9.57,,READY
3802.mp3,ad08626a977d9bfbbc1e2db766dcbf690e24deeb8af0b37f4c9531c9b3751ab3,48000,2,240000,5.000000000,-17.18,-2.41,-16.77,-5.82,,READY
3803.mp3,c9f1ed1ed2ca05a447259b1bab00dc78c01e9f829811fb1b90d044eb20e6a9e9,48000,2,240000,5.000000000,-30.41,-16.43,-15.98,7.41,,READY
3804.mp3,9bed2aeefbc6308d221579677deb55bb5b047e68e54162485b92758b902078fb,44100,2,220500,5.000000000,-33.04,-19.47,-15.57,10.04,GAIN_ABOVE_+10_DB,READY
3805.mp3,8426cf04c4e909c84c4e8da83589f9fa13ac2e75ce9d210929f1ea4fa99e0e3b,48000,2,240000,5.000000000,-17.91,-2.83,-17.08,-5.09,,READY
3806.mp3,5f0b1d839b754dae05e85437c748446f8c7bb84a646d7a45572019d44d8bc013,48000,2,240000,5.000000000,-29.01,-16.50,-14.51,6.01,,READY
3807.mp3,23cc52556886dfd11c6d65d8d02f56871a5b1aeefbfdd5f4c2057fbbbcf42ac3,48000,2,240000,5.000000000,-27.82,-14.94,-14.88,4.82,,READY
3808.mp3,505eacd28e8d55455ffd156b55e0aeac4415ecd2edbf1bf2f2d8a022b5175870,48000,2,240000,5.000000000,-16.67,-6.04,-12.63,-6.33,,READY
3809.mp3,64e7c040e69cbaaf13b00e4466c05f46189d9b4fa655a316c24d489e3ac4a007,44100,2,220500,5.000000000,-22.76,-8.33,-16.43,-0.24,,READY
3810.mp3,c5011e788eb5c0f53044b54c4d5e241cb9b35ada451541b3afa97bfcf9fac418,48000,2,240000,5.000000000,-20.07,-10.25,-11.82,-2.93,,READY
3811.mp3,905932045ecf0801d4f2dd18e51da2bd0b2b61ba93014f60cba372eb2bc705e2,48000,2,240000,5.000000000,-15.57,-2.35,-15.22,-7.43,,READY
3812.mp3,8babfc082eee4f3adba50fbd292bf18b1fe75833b96632520b18f0e3faa0646a,48000,2,240000,5.000000000,-26.76,-14.12,-14.64,3.76,,READY
3813.mp3,282112334ecca6335c564bb2be9e07056b9de4032c7d0393e98c9af520a58a1b,48000,2,240000,5.000000000,-32.37,-22.60,-11.77,9.37,,READY
3814.mp3,c9b847be18ec8907446dcfdc90a873e44887a828c5d200d1209b49f0a134bfeb,48000,2,240000,5.000000000,-40.99,-25.48,-17.51,17.99,GAIN_ABOVE_+10_DB,READY
3815.mp3,369742b75dcde8f187f5792bd006c6921e41f440d99b9900baf5591b048a76fa,48000,2,240000,5.000000000,-38.19,-24.29,-15.90,15.19,GAIN_ABOVE_+10_DB,READY
3816.mp3,1afa4649e54b2150bde7238e79ab86953285cbf38c9e1298b4484a1d5ecc98ba,48000,2,240000,5.000000000,-38.27,-23.81,-16.46,15.27,GAIN_ABOVE_+10_DB,READY
3817.mp3,2865e5933629d75fcf192c7804013799f8297f30a10fb3291b839709a0f10b42,48000,2,240000,5.000000000,-10.84,-0.78,-12.06,-12.16,ATTENUATION_BELOW_-10_DB,READY
3818.mp3,1aaaa96c10ff3cf3e36a3b604e8aa2cf5982828d73750db5415e45b163db12af,48000,2,240000,5.000000000,-29.19,-14.80,-16.39,6.19,,READY
3819.mp3,2d1eff2a36f9aafa4c51853338663469f363d0044b272b0efd6b9f9be96e13b4,48000,2,240000,5.000000000,-35.09,-21.60,-15.49,12.09,GAIN_ABOVE_+10_DB,READY
3820.mp3,d0da154721982b0f29c64f17f21515ca89ed03b85864f6f15fed3833e29c37f1,48000,2,240000,5.000000000,-23.79,-11.44,-14.35,0.79,,READY
3821.mp3,bbfcee7cfc77cf68bdf1d9d0aefe709fe3f5519622b1a01a8c1cded8543d073b,48000,2,240000,5.000000000,-26.85,-12.32,-16.53,3.85,,READY
3822.mp3,4abc6d3f65861d4e0eca0b8fb4a8bef06811f01a44ab8dda1cb3edadea7a5bfd,48000,2,240000,5.000000000,-28.10,-16.21,-13.89,5.10,,READY
3823.mp3,94ad822ed51e9d69fdb6623ce57ea3893fef0c7a858806f0431596a79aaf6942,48000,2,240000,5.000000000,-24.95,-15.92,-11.03,1.95,,READY
3824.mp3,3a7afbcb9a574488142013c678577c4ea9e334b4393a606e55c75749ae616877,44100,2,220500,5.000000000,-15.62,-0.69,-16.93,-7.38,,READY
3825.mp3,b936f97b45eb308cc5126734c3c607308706d100500c52fc5a320cd281a82daa,48000,2,240000,5.000000000,-27.22,-8.47,-20.75,4.22,,READY
3826.mp3,0c2364d84e5cf7b954c8be1af0d08940eb1066ed2709d174093b4aa6c9e44eb6,48000,2,240000,5.000000000,-21.75,-11.01,-12.74,-1.25,,READY
3827.mp3,4c211ef3e1b060fa752321150d478595902d2e9a86c91d1f62101fd61485f0f3,44100,2,220500,5.000000000,-40.29,-18.42,-23.87,17.29,GAIN_ABOVE_+10_DB,READY
3828.mp3,ce298d9bd7dfa200bfb159498f80aa0429f16428806c79de6d1b80f211ebb513,48000,2,240000,5.000000000,-29.51,-10.59,-20.92,6.51,,READY
3829.mp3,0a043ed0f44a4fe08ae9625fdb9c328d21bc6bf4e5d03e261e67025e8ee62f17,48000,2,240000,5.000000000,-14.80,-1.56,-15.24,-8.20,,READY
3830.mp3,cba3c2d97a3dedcad13238036f218aeb688546e2adfca326ff75e5b5481a024e,48000,2,240000,5.000000000,-20.23,-7.61,-14.62,-2.77,,READY
3831.mp3,012758f17ccfcbce37d4b1654f7027e4cb7d9ddcfcd3eb525c07ebbd6860f4f5,48000,2,240000,5.000000000,-31.42,-19.89,-13.53,8.42,,READY
3832.mp3,f02834f9905c40b15054125351e1098d8861ca6af50ae517fc8548af86fe26c8,48000,2,240000,5.000000000,-30.91,-16.73,-16.18,7.91,,READY
3833.mp3,2ee8d53eb08dc9df279f0cca2c8ac51dcefb3087cf353476fe3ec8b71968bc50,48000,2,240000,5.000000000,-30.52,-21.51,-11.01,7.52,,READY
3834.mp3,ef41b5f55c36b20d9e8935c382fa6d5d89385e70de50cba328cfc4187bd507ae,48000,2,240000,5.000000000,-30.52,-17.56,-14.96,7.52,,READY
3835.mp3,c1b33c46bac622fb761195df622ead71e5698d79ab10ef3092c1fe214fd29b46,48000,2,240000,5.000000000,-11.16,-0.18,-12.98,-11.84,ATTENUATION_BELOW_-10_DB,READY
3836.mp3,ae3f4532f648300ff8371855b84ca122a70617822d6cf3db5b29b9e87fbedd82,48000,2,240000,5.000000000,-13.57,-4.54,-11.03,-9.43,,READY
3837.mp3,666fe4c35a0d589fa1ab961dc7e9d3e5b43e73b754c061adf48078e955a76f06,44100,2,220500,5.000000000,-24.07,-14.01,-12.06,1.07,,READY
3838.mp3,13c6be03a19f706b06154c00e1580072398cd2bc2f441a98211cff70400fcf05,48000,2,240000,5.000000000,-30.71,-16.51,-16.20,7.71,,READY
3839.mp3,fc328941ada072ec442165def7a7eccd5bb86998d8b65e39ad8e79f179c6e5c8,48000,2,240000,5.000000000,-53.92,-39.72,-16.20,30.92,GAIN_ABOVE_+10_DB,READY
3840.mp3,352b87ec9add61ff063fcc0ca6b7d97f2fb0efc3f73b310d8de890e7137c4cd7,48000,2,240000,5.000000000,-8.08,0.30,-10.38,-14.92,ATTENUATION_BELOW_-10_DB,READY
3841.mp3,27fc653f9846880e6e75d157defa9f3647689ca5573e07e173315cae954ffe4e,48000,2,240000,5.000000000,-23.70,-13.25,-12.45,0.70,,READY
3842.mp3,f12c3c5a07add647428cf2ef690383a3d7938e32bc6a397035147214c4942bd6,48000,2,240000,5.000000000,-19.27,-7.77,-13.50,-3.73,,READY
3843.mp3,dc2bbd7032c70447694bc8614f70d55165fcff078bf3a6223e04bd8c4ccf5398,48000,2,240000,5.000000000,-21.71,-4.29,-19.42,-1.29,,READY
3844.mp3,2bdb861ce984ad27c52af0d80a96f548c3abd2885cf6a479efa05c4a1fbf9cb7,44100,2,220500,5.000000000,-18.48,-1.40,-19.08,-4.52,,READY
3845.mp3,553745450b08106c6a36763d0203fb31930c56cfb5163192a28d33f60ee2866b,48000,2,240000,5.000000000,-16.94,-6.22,-12.72,-6.06,,READY
3846.mp3,40ebcbbe0a1c0ce825be5b75f7c0289efacb849ef9913438a6f82d933ccf412e,48000,2,240000,5.000000000,-22.53,-10.62,-13.91,-0.47,,READY
3847.mp3,f1849c734b8e0b29d7a5cffc87cf5fa0237b4b6f10ed50df8bf6e8e573803268,48000,2,240000,5.000000000,-14.55,-2.31,-14.24,-8.45,,READY
3848.mp3,130c0dcf877ff29b013246f2cc11be8afe939f7c399609b3e4e0a166df2b232b,48000,2,240000,5.000000000,-31.34,-18.10,-15.24,8.34,,READY
3849.mp3,3ec5df08a6315d463aa9f377d4225e6c1dc367b44d631d7268b28f5466072a96,48000,2,240000,5.000000000,-20.63,-7.90,-14.73,-2.37,,READY
3850.mp3,33deb359f5289cc77c7adf1a041c7fb6a139e1cc5e70420005c489eddd94aa10,48000,2,240000,5.000000000,-19.74,-3.32,-18.42,-3.26,,READY
3851.mp3,f70b669d9ac881ff20eb38b9d8bd7f6de5ab7f207c1775007ef72f8726d06917,48000,2,240000,5.000000000,-34.45,-21.66,-14.79,11.45,GAIN_ABOVE_+10_DB,READY
3852.mp3,686158956382d80f84436453e756840845d64c4e428fa0adbaeb0919f301e994,48000,2,240000,5.000000000,-20.74,-4.85,-17.89,-2.26,,READY
3853.mp3,0e6a2f45cb8555a3e98ac3881ebef2f14159de7c53c23a7cff91a88fc2a3ff6f,44100,2,220500,5.000000000,-31.59,-12.07,-21.52,8.59,,READY
3854.mp3,9b8e60266fd0b5cc61341fdbe6696d1e4e77137d78aeddd41de8574ccb2c5711,48000,2,240000,5.000000000,-31.82,-19.49,-14.33,8.82,,READY
3855.mp3,1d604589b2d002fc0806e9060b084d0c65d9df4e956d64f6ea8a7389342d638e,48000,2,240000,5.000000000,-21.29,-10.60,-12.69,-1.71,,READY
3856.mp3,327dc6dd64b68674af31e848bb64647b70dfcf6780d057a7d01aacb3b2f73fe8,48000,2,240000,5.000000000,-32.72,-18.42,-16.30,9.72,,READY
3857.mp3,e65ee056edb14e8e62f96fd7db670a90a213f6eb28e18680b6e1c87769a643b9,48000,2,240000,5.000000000,-21.50,-12.26,-11.24,-1.50,,READY
3858.mp3,6990125235aeef31a000bc4b04b1e1058f535213d77157a0dd637e9a17703257,48000,2,240000,5.000000000,-19.78,-10.20,-11.58,-3.22,,READY
3859.mp3,250b94d9a93ab59c38c0014b8d5b82da796d385f8cc801588523cb79fa67f0a7,48000,2,240000,5.000000000,-15.65,-8.06,-9.59,-7.35,,READY
3860.mp3,3a7b8851e496ae7572b34e34cda6b65aa348e31b26a38877b719a60e34592e7b,48000,2,240000,5.000000000,-16.08,-3.68,-14.40,-6.92,,READY
3861.mp3,f4c5c70e0ed1ac3be11279afd80db666177304ff61b03c8469d3d6156741480f,48000,2,240000,5.000000000,-40.64,-25.27,-17.37,17.64,GAIN_ABOVE_+10_DB,READY
3862.mp3,2086e4571cc674b55f5aa40a239753dd32ae25feccd5a00e2f3e5a9d00bcf748,48000,2,240000,5.000000000,-42.38,-29.96,-14.42,19.38,GAIN_ABOVE_+10_DB,READY
3863.mp3,ea1a89bfcf73c7840c1f96fc44055e34904235890760dae29db4b5a7b120c57a,48000,2,240000,5.000000000,-56.06,-37.31,-20.75,33.06,GAIN_ABOVE_+10_DB,READY
3864.mp3,3cf8a17e47b2793b47140823cafbcbc775161a28ae4da7bf400d3e390e060de4,48000,2,240000,5.000000000,-17.67,-4.15,-15.52,-5.33,,READY
3865.mp3,702b4358d136666d2282747fd497a2cf4afa58d52600cd4f40b4220737a819e8,48000,2,240000,5.000000000,-18.57,-8.22,-12.35,-4.43,,READY
3866.mp3,6a8c3d365f4b5671999dd1e3b24b919d0bd11147f760da2bf0ae6082f1ce453f,48000,2,240000,5.000000000,-15.86,-5.49,-12.37,-7.14,,READY
3867.mp3,6899336b4c38a5b6d90cfd4189b11668be6e43da7090d0cf8c43cca131f14fab,48000,2,240000,5.000000000,-13.44,-3.27,-12.17,-9.56,,READY
3868.mp3,bf93fceb93def7eca8bd1d13657de600634e1aeb3d802275414f14bb606f6660,48000,2,240000,5.000000000,-25.43,-10.31,-17.12,2.43,,READY
3869.mp3,4ac5097044069e6760fcbfa641f3f23d5b6cb2c155bea79c7005802add875a1a,48000,2,240000,5.000000000,-24.96,-12.58,-14.38,1.96,,READY
3870.mp3,b5fdd066601de795a8387e31483774833eac6757808d4aadc85730f01cad7fd4,48000,2,240000,5.000000000,-16.31,-4.67,-13.64,-6.69,,READY
3871.mp3,e50d4b1770ebdcd3ac9058ade89d3dd0cb4831a943c8d181c21d73e01fd577b8,48000,2,240000,5.000000000,-20.30,-7.35,-14.95,-2.70,,READY
3872.mp3,149a213de0b33f0c532476d12dc9c0b27d08f0809a8e3a5c486dc10d24964b05,48000,2,240000,5.000000000,-12.73,-1.50,-13.23,-10.27,ATTENUATION_BELOW_-10_DB,READY
3873.mp3,e38262cdcc420b4348d20ebe9c2b558db24d3b01690f6ea1cc8a8b467e816d1c,48000,2,240000,5.000000000,-10.18,-1.62,-10.56,-12.82,ATTENUATION_BELOW_-10_DB,READY
3874.mp3,a32c94b31ff82f8c3220fb23a09f0f2a19b1ec717abfdbf2783a7aa296671256,44100,2,220500,5.000000000,-21.40,-7.79,-15.61,-1.60,,READY
3875.mp3,c4e3f7766e6d87bc370410366116fd653d30b18c10833c42321394db44a34483,48000,2,240000,5.000000000,-17.73,-3.27,-16.46,-5.27,,READY
3876.mp3,d79db21c9308695d4045d5500bb35817fbaa16b3936d921f887d536650145ae6,48000,2,240000,5.000000000,-20.71,-4.78,-17.93,-2.29,,READY
3877.mp3,8868f0a9d9cdda75135bc420526b23f07d7a3d195923d500ae345b4e051db495,48000,2,240000,5.000000000,-42.14,-30.25,-13.89,19.14,GAIN_ABOVE_+10_DB,READY
3878.mp3,04af2757c69467b6e07e8d6af9dc0527614c5d6f01ddbcd5b986cc1f85d268e4,48000,2,240000,5.000000000,-32.86,-16.92,-17.94,9.86,,READY
3879.mp3,248dd08725687e0ee9da6d928301aefd8693a69f7fb11ffb0c40fab90db9b21e,48000,2,240000,5.000000000,-15.78,-0.08,-17.70,-7.22,,READY
3880.mp3,c27424a2e85fa26946ad013a8c877c30acb0f79ca3df546e114f4b04d2992011,48000,2,240000,5.000000000,-29.55,-13.48,-18.07,6.55,,READY
3881.mp3,5784996153f61209292d3d50f3cd8c3880885b1073fbd7689be4b09f9046bf53,48000,2,240000,5.000000000,-22.71,-7.46,-17.25,-0.29,,READY
3882.mp3,c3030b9f5de82c04aa820c8906b389cb18a2ea75ed2226fe01cf24d87783f072,48000,2,240000,5.000000000,-24.61,-12.39,-14.22,1.61,,READY
3883.mp3,4ba3a106929de0d8b04b4ae167529e29d72113af8c4d2cc5b50172294c1db7c5,48000,2,240000,5.000000000,-49.22,-32.98,-18.24,26.22,GAIN_ABOVE_+10_DB,READY
3884.mp3,5fc79b3e63ffb58d3bdd73432a09d8dda0b03a8926f1f34dc09a50d397c8698d,48000,2,240000,5.000000000,-20.54,-6.52,-16.02,-2.46,,READY
3885.mp3,136f4040b341c37241335b646c2d15783bf785d7d0ab6f768f0542060a7cd301,48000,2,240000,5.000000000,-11.68,-0.25,-13.43,-11.32,ATTENUATION_BELOW_-10_DB,READY
3886.mp3,10a1b03213dd5f1579b86aafa9f523f69d6bf6fef156767559274126f92a5745,48000,2,240000,5.000000000,-25.05,-13.65,-13.40,2.05,,READY
3887.mp3,8e3e7456d45b08cac87d0221e74393fe6a61f4bd469c34e64f353d46d4825841,48000,2,240000,5.000000000,-27.30,-13.95,-15.35,4.30,,READY
3888.mp3,ca41c18974fc447c2fea7ca3b6e97b761c39cb9b7c1045c8f52debc1af9c9323,48000,2,240000,5.000000000,-20.91,-12.02,-10.89,-2.09,,READY
3889.mp3,b38e779dcc2d0733697227f62d2425cafa1071829cac6f183ae3067ef1e3e82b,48000,2,240000,5.000000000,-22.04,-8.43,-15.61,-0.96,,READY
3890.mp3,7fe3da1f9b02e604817c286ead03db54a5e653d6a07f59346f536b628ef7ccef,48000,2,240000,5.000000000,-19.66,-8.30,-13.36,-3.34,,READY
3891.mp3,20a73e299f4d297998b919cb3e52c9e11bbf8c37a4ec8fb1ecba04d26396283c,48000,2,240000,5.000000000,-13.62,-5.17,-10.45,-9.38,,READY
3892.mp3,b3995df467c733fd6e6d3bcb3b92168aaf3d4cacd849fae0cbce2fdc4ea1e9a3,48000,2,240000,5.000000000,-29.64,-14.97,-16.67,6.64,,READY
3893.mp3,411a3d60c19be1cc7478f76e1071347cef483b56fecb2de0e424305aa26462ec,48000,2,240000,5.000000000,-25.37,-15.08,-12.29,2.37,,READY
3894.mp3,050abda8b09440e147df83fc2a7eba5726c0ff556377f4bebae98a9b2a821bc0,48000,2,240000,5.000000000,-28.37,-20.21,-10.16,5.37,,READY
3895.mp3,bd8778f381b29655f922dba1b3388f2bb7756b5f204de3106bcf1642795e8d94,48000,2,240000,5.000000000,-17.60,-0.13,-19.47,-5.40,,READY
3896.mp3,3f6c352b8e718d11e5800af5d111a9061059d3619791919d36ca01269ede5b3c,48000,2,240000,5.000000000,-53.82,-39.23,-16.59,30.82,GAIN_ABOVE_+10_DB,READY
3897.mp3,5a6d505276f3f3b5681b062718293cea9cd09545e5b071f693e6a5873fa6cd4f,48000,2,240000,5.000000000,-26.76,-14.74,-14.02,3.76,,READY
3898.mp3,49d389c14f04f47a9769e27b964c304842d4c1882b9f8f7398db396ef73ec94b,48000,2,240000,5.000000000,-29.99,-14.70,-17.29,6.99,,READY
3899.mp3,e85bc9b04c24e6922c9e7434364177baa9120d05dbeedae856f460e7130e5091,48000,2,240000,5.000000000,-28.93,-17.03,-13.90,5.93,,READY
3900.mp3,74799d24e73b3e01e178dea77632e4593986a45fafb02f72d340e9726ed761bd,48000,2,240000,5.000000000,-21.26,-7.57,-15.69,-1.74,,READY
3901.mp3,c2614f2a4251c1895e7a68a79d4d0056255f04841f97864dc2760f7a5d815ed9,48000,2,240000,5.000000000,-28.20,-16.25,-13.95,5.20,,READY
3902.mp3,9a81b938a0e4141fe05ef7eb8ea96350220550c232cdf44846bff560f4b77d21,44100,2,220500,5.000000000,-17.60,-5.22,-14.38,-5.40,,READY
3903.mp3,0d154deafc1fc594813cc189aece366a64c5c18cd26c4de2d3fec9bdd55d46f2,48000,2,240000,5.000000000,-32.20,-15.34,-18.86,9.20,,READY
3904.mp3,1ac6fd532db5e56a9100c9455ecb2d5eb34aa2830fc60ae8cdf5735b5dd8fab5,48000,2,240000,5.000000000,-13.19,-3.55,-11.64,-9.81,,READY
3905.mp3,4287962a7586f45138968abf880ee86dcbe4b61131325a8b89c8f621f18a0626,48000,2,240000,5.000000000,-16.70,-4.15,-14.55,-6.30,,READY
3906.mp3,a53009015325f14af5b5f6e72e676dca3ab7a1b34d773691230e8a3bddf87bb7,48000,2,240000,5.000000000,-34.96,-22.36,-14.60,11.96,GAIN_ABOVE_+10_DB,READY
3907.mp3,f97b3f4333150e3f3e5307d5a424800fef858d111782cfe53d875884e4d2a420,48000,2,240000,5.000000000,-17.20,-6.02,-13.18,-5.80,,READY
3908.mp3,2ae38bcfa86364ec8573c03e1315d6ff92130c07740e122ad461583a5de9ec4f,48000,2,240000,5.000000000,-32.27,-17.85,-16.42,9.27,,READY
3909.mp3,50987cd4edc3d6da58eb6b80e62bb536213ce2e2823037adff5f8d59d4a70efb,48000,2,240000,5.000000000,-10.80,-1.06,-11.74,-12.20,ATTENUATION_BELOW_-10_DB,READY
3910.mp3,1f133d186182ff5fa5cd5e42409153282812c04f9c50d4ac86249cdd08e73781,44100,2,220500,5.000000000,-21.40,-2.78,-20.62,-1.60,,READY
3911.mp3,0c455ccf5d053b8de6af30a8411406b8b0a7a57c622de567ef06438b3b512994,48000,2,240000,5.000000000,-43.03,-24.93,-20.10,20.03,GAIN_ABOVE_+10_DB,READY
3912.mp3,ec1a4c05ae4d17d2ca01a8b6cb4d69be2979cee0ccfe25a0926a82ff20cd02df,48000,2,240000,5.000000000,-25.62,-11.80,-15.82,2.62,,READY
3913.mp3,b4a27cee73cc2bec706cd1299f683f8879f6f0571a30cb20c36c071f7cd205a6,44100,2,220500,5.000000000,-41.55,-23.81,-19.74,18.55,GAIN_ABOVE_+10_DB,READY
3914.mp3,4c05a84d1ca95396555aa2deb90ea73cc1aab02023cbf5fa87a4588431de2881,48000,2,240000,5.000000000,-29.49,-14.27,-17.22,6.49,,READY
3915.mp3,036de0c6d70db9ec5dbcd90ba40701e459f4101372acdbabf4b31bb6b0ccf0cf,48000,2,240000,5.000000000,-14.71,-0.98,-15.73,-8.29,,READY
3916.mp3,cd14bdf209d98cd357b0268c8745a39a5d33aff6ba67838347960ccef27fc963,48000,2,240000,5.000000000,-22.91,-7.89,-17.02,-0.09,,READY
3917.mp3,18fd651f7c2820c002603a247fa1299b952cf9282837cf32e00cb287f415fcb1,48000,2,240000,5.000000000,-29.50,-12.82,-18.68,6.50,,READY
3918.mp3,626a7a99b23829c3b595f65755ab527786c8e52f08465a3dd0281c0accf5600d,44100,2,220500,5.000000000,-53.69,-33.28,-22.41,30.69,GAIN_ABOVE_+10_DB,READY
3919.mp3,d5fb883846a41466b74aca58aadebd4fcf6039343a411c59928bcd5705606799,48000,2,240000,5.000000000,-29.19,-10.81,-20.38,6.19,,READY
3920.mp3,48131d1b3053e81004780a0033a0e218c8bf2fad847f3d158fc16602e708f2f3,48000,2,240000,5.000000000,-34.63,-22.35,-14.28,11.63,GAIN_ABOVE_+10_DB,READY
3921.mp3,00ba97ee85321998fb5b4c34916c2ae96db0cb1036cf391db41fc83c84d121cd,48000,2,240000,5.000000000,-25.44,-10.00,-17.44,2.44,,READY
3922.mp3,e15f3bf852ce42ed35f388700e820dffe2c85e43d337697044e17ba18ffba5e9,48000,2,240000,5.000000000,-51.98,-34.66,-19.32,28.98,GAIN_ABOVE_+10_DB,READY
3923.mp3,7bded1f2a35f5670f1baecbda8484a8406875d1bd19073d5dd92328a759f4828,48000,2,240000,5.000000000,-23.72,-8.54,-17.18,0.72,,READY
3924.mp3,d17c4dfd63158d613e4ca3bdb788f4fdd558dfbd8810ca835f6ea4278173f297,48000,2,240000,5.000000000,-37.14,-23.67,-15.47,14.14,GAIN_ABOVE_+10_DB,READY
3925.mp3,56cc9c2ff4ad517863142d3d36b30d5dbafccdde9251c1cf5f0d2b65482eb994,48000,2,240000,5.000000000,-29.76,-17.86,-13.90,6.76,,READY
3926.mp3,249ae2e4bbea7d3518dad046c0f8abe903ac5197525eaea4b69844afbd28d39d,48000,2,240000,5.000000000,-34.57,-20.97,-15.60,11.57,GAIN_ABOVE_+10_DB,READY
3927.mp3,1e5566675fd4b0601d24266f85483ab5f324c0024eb1e1eebb8b06d19b61f5cf,48000,2,240000,5.000000000,-26.53,-13.03,-15.50,3.53,,READY
3928.mp3,adabfea471571fc4144d69587879a34a1022a8d972c204f4bf61a1b23314d858,48000,2,240000,5.000000000,-35.63,-24.25,-13.38,12.63,GAIN_ABOVE_+10_DB,READY
3929.mp3,e210fdc615b92f317aacb57cf96dd284c3bcf24936b0da0dac66078afdb952a2,48000,2,240000,5.000000000,-65.67,-44.35,-23.32,42.67,GAIN_ABOVE_+10_DB,READY
3930.mp3,a5cf7ca83b5c6bd15db2151213586bc9cb68f5d1388cd4c1a94f6e5a18449cb4,48000,2,240000,5.000000000,-12.67,-0.05,-14.62,-10.33,ATTENUATION_BELOW_-10_DB,READY
3931.mp3,a38c58d8ad3e00129b40b07f58b1e9a96a6d09e2c7836594e3586b96fadf57f4,48000,2,240000,5.000000000,-24.97,-12.60,-14.37,1.97,,READY
3932.mp3,99ccfaf171d21f7c32a5985c961bc63953975fc403e52801b52104fec851ded6,48000,2,240000,5.000000000,-24.79,-15.98,-10.81,1.79,,READY
3933.mp3,d52b7332c13fbec1e07d4963fce7d77ba80f6333dd7f265eb5c1cc6853c8424d,48000,2,240000,5.000000000,-21.68,-12.89,-10.79,-1.32,,READY
3934.mp3,26b7a268148f3d7635efca7d813b818007fef6ba8dc047f37e3bcfc09f71603b,48000,2,240000,5.000000000,-34.13,-23.06,-13.07,11.13,GAIN_ABOVE_+10_DB,READY
3935.mp3,759f12dd1dddb6d2ff1c176cdf912a174b28e30e333c064a8161bf4cd13c10c4,48000,2,240000,5.000000000,-41.68,-27.18,-16.50,18.68,GAIN_ABOVE_+10_DB,READY
3936.mp3,6465ed4619897ee49af69a0a6457f4f68c9a59add6c9ef2e39689c68e2c20550,48000,2,240000,5.000000000,-15.06,-5.90,-11.16,-7.94,,READY
3937.mp3,856ef60fb2c9cdf2c25af350f53d8aa3666a3ae90cce73ad486d2ffa2ea6b69c,48000,2,240000,5.000000000,-26.42,-16.27,-12.15,3.42,,READY
3938.mp3,e70baf1667063606aa5a2841432ce59b7ef1f1bc5285918009a69cdeba07d152,48000,2,240000,5.000000000,-40.97,-29.47,-13.50,17.97,GAIN_ABOVE_+10_DB,READY
3939.mp3,3a3b037359fb20fbfbc7e3c7986c414c83c6ce44f81b1a3c618f26d33044b01c,48000,2,240000,5.000000000,-13.45,-3.72,-11.73,-9.55,,READY
3940.mp3,1d9f9a136db5997eb8a58e2f6b2e73643465fac9ba3f34e9ff69e8f73f0aea3c,48000,2,240000,5.000000000,-26.11,-12.45,-15.66,3.11,,READY
3941.mp3,bdbd11ce7a5711960e676dc183e24c370902fdd92e44b980fe2b4c02cb618ff0,48000,2,240000,5.000000000,-21.37,-8.76,-14.61,-1.63,,READY
3942.mp3,e0a179bba4243e0aede9f307d96435d509330e40bfa9ba4c8e95da7e4e94b7a6,48000,2,240000,5.000000000,-21.20,-7.11,-16.09,-1.80,,READY
3943.mp3,fbb0c6b472c6e1c1af9ba3755cf9b8cc4d4386bd6d9e2d7ebe95ebbac9212e0e,48000,2,240000,5.000000000,-20.72,-9.86,-12.86,-2.28,,READY
3944.mp3,d36719ff3865eb6c9160d0f7be89e5eb5a0c5381bcd612b33d881c131f18278b,48000,2,240000,5.000000000,-34.89,-22.59,-14.30,11.89,GAIN_ABOVE_+10_DB,READY
3945.mp3,d9e4b74f9a497b320d6385756d12329be665d7a455cfd693f1487e0f5f76ceb6,48000,2,240000,5.000000000,-19.49,-9.06,-12.43,-3.51,,READY
3946.mp3,5428337fadd6947d1722a5c5afaff73ff02bda178367264a7e42d6a5a1cff0df,48000,2,240000,5.000000000,-23.94,-11.53,-14.41,0.94,,READY
3947.mp3,331720670fdda7cc4db1155fc03de5c60c63d21e0e0f855b856d5e938525915b,48000,2,240000,5.000000000,-25.89,-10.33,-17.56,2.89,,READY
3948.mp3,d3480a4363be20abf6441ae942e7a9e778bb3b0e089cc941dc6c0834e161902c,48000,2,240000,5.000000000,-27.42,-14.48,-14.94,4.42,,READY
3949.mp3,2a3856e9fa9c4e78bcf88491c11f4ccf0175d34ba394cdf714fc488d9f25a79d,48000,2,240000,5.000000000,-24.13,-8.62,-17.51,1.13,,READY
3950.mp3,95daaba34504fe4e75209242273a860234c0f809bb3d47b6f4b9a23aa713c9a5,48000,2,240000,5.000000000,-15.95,-0.98,-16.97,-7.05,,READY
3951.mp3,a266662a3956a955ff6005ba04e881cf66a5b7947456ff0bfb57d47e6720c646,48000,2,240000,5.000000000,-17.21,-4.25,-14.96,-5.79,,READY
3952.mp3,4ac3f0bf53706d47b42d921160a942d35f3451600c16429fc888cb8cb3cf4acb,48000,2,240000,5.000000000,-31.54,-17.73,-15.81,8.54,,READY
3953.mp3,41bc0911435d803521336f72a28857a7a060ef5694473df3a8747d65beae4d4d,48000,2,240000,5.000000000,-28.96,-15.14,-15.82,5.96,,READY
3954.mp3,e926e4ed80d3808a1a9bf49a718dc6cd1231405c02fc4ab89111aa62a930862e,48000,2,240000,5.000000000,-19.95,-5.96,-15.99,-3.05,,READY
3955.mp3,79f7a43472ba3e4439a194d45c7871456d5366f0c5c868e6517f1f2068f2e13a,48000,2,240000,5.000000000,-14.00,-4.91,-11.09,-9.00,,READY
3956.mp3,1e799d835401a5beee9b6273325bada53bf646628f47ddfd3385ca8fbb097b80,44100,2,220500,5.000000000,-24.14,-5.11,-21.03,1.14,,READY
3957.mp3,b18e03e77aa3596ec130386a2bca0e1d65ddb2c0024f73b182942891819ac3e5,48000,2,240000,5.000000000,-16.89,-4.83,-14.06,-6.11,,READY
3958.mp3,6c8c3fc8542e45dbeea7247788220362b59d31834b70abfdd78691deaa1fcc27,48000,2,240000,5.000000000,-22.69,-10.51,-14.18,-0.31,,READY
3959.mp3,67dee91a4d48b88b6610059cb8e14b2ddd05f6deb49458f6d1a8d48f68663f91,48000,2,240000,5.000000000,-19.11,-6.01,-15.10,-3.89,,READY
3960.mp3,14bb57b014e98573487846add0fa044aa2156c1122b5c2957105f6ee22091a3a,48000,2,240000,5.000000000,-27.84,-8.68,-21.16,4.84,,READY
3961.mp3,66ba9e41d824d82643d75e5beeae2bf04ba4bfceaec81e3635d134bb25a5080a,48000,2,240000,5.000000000,-29.05,-16.09,-14.96,6.05,,READY
3962.mp3,5d7ccc55ffca2d9fcded5774138de9d5ceaaa8b27956ba5a4b274148cd4fa14d,48000,2,240000,5.000000000,-23.22,-2.35,-22.87,0.22,,READY
3963.mp3,8df90891f7ce8b50e398e1d1371ff2ba34d342badc9266bf21e47066908eeccf,48000,2,240000,5.000000000,-19.94,-6.83,-15.11,-3.06,,READY
3964.mp3,ef4ed65f4d3a6447dcdcfdbe03ad46993f2bc08856ab2f40154751f41fc132ce,48000,2,240000,5.000000000,-29.41,-16.70,-14.71,6.41,,READY
3965.mp3,7f043a0c2db8006fcb03e1de39f66ae87114b1726cbfe1de21f3ac8c20a50b22,44100,2,220500,5.000000000,-13.88,-3.34,-12.54,-9.12,,READY
3966.mp3,3273cfb78809889fc69c5c3406e55a4fc891d220b3ca6ce69c68f44e527adcad,48000,2,240000,5.000000000,-25.09,-10.14,-16.95,2.09,,READY
3967.mp3,a140d9edc5039b4bf037fd841abe6c803113e378013c7c06bc447b153c795c98,48000,2,240000,5.000000000,-18.91,-3.18,-17.73,-4.09,,READY
3968.mp3,60be9e818efb53d8a7936d826fbecfc2ff36f8f41037cc854168c6d213c28e1e,48000,2,240000,5.000000000,-10.74,-1.87,-10.87,-12.26,ATTENUATION_BELOW_-10_DB,READY
3969.mp3,511b186a06f18dcdef36876b34d46448689950d86954f25e452dc64f87b63ac6,48000,2,240000,5.000000000,-34.48,-18.48,-18.00,11.48,GAIN_ABOVE_+10_DB,READY
3970.mp3,72f5333c590f7c9fec0c8f24805a0b724d3e4830e4b31fb30e64c5ff2de3b0a8,48000,2,240000,5.000000000,-50.88,-33.95,-18.93,27.88,GAIN_ABOVE_+10_DB,READY
3971.mp3,c234e3ad1c763467ce4398e4e131ea4e093fe885d7399de0d7fbc0ee33f0692d,48000,2,240000,5.000000000,-18.45,-4.77,-15.68,-4.55,,READY
3972.mp3,896362a627f26f2fe5563eb71990c1761614f51dd2acca056def8d227ea4a3b8,48000,2,240000,5.000000000,-30.19,-19.66,-12.53,7.19,,READY
3973.mp3,13a23609b41380d3b7cef459ee9fb8323130053598ebd1f0d9e3f5617393c740,48000,2,240000,5.000000000,-17.80,-0.28,-19.52,-5.20,,READY
3974.mp3,e5a419f6e9091078711ca2d209ca99feb699002620a3541e9e4b674b17d8dfcb,48000,2,240000,5.000000000,-39.07,-23.05,-18.02,16.07,GAIN_ABOVE_+10_DB,READY
3975.mp3,7c21acacbc3a5f975b6445dd3e6cc45014f94f404987ea58fd726976ae171fa2,48000,2,240000,5.000000000,-17.47,0.03,-19.50,-5.53,,READY
3976.mp3,661c4de212413e0a38bc6eea5f4145c2a68748d59125d3e8545a8d3222f81333,48000,2,240000,5.000000000,-24.59,-10.82,-15.77,1.59,,READY
3977.mp3,aede999fc1999a272ff7d1f095c7928656cafc2d64c5b797e68ca79cb1b58372,48000,2,240000,5.000000000,-18.14,-5.62,-14.52,-4.86,,READY
3978.mp3,2a03d0947f89b22027da99d47952f54eb27e76123010577d00b7850ea075a76e,48000,2,240000,5.000000000,-37.38,-19.71,-19.67,14.38,GAIN_ABOVE_+10_DB,READY
3979.mp3,9c0b32e4d2b7a1151fa97783a36548278fcdadf8f14a5a5db18d2e204890a12a,48000,2,240000,5.000000000,-15.96,-0.32,-17.64,-7.04,,READY
3980.mp3,1543b3187282b4e44490d86d0c4483cebdbb499a6688958858cce9397b13997b,48000,2,240000,5.000000000,-28.87,-12.60,-18.27,5.87,,READY
3981.mp3,3982478128433801de5a1f573b16946bca6ecffa1140aeab77d4b309ff0cc73e,48000,2,240000,5.000000000,-40.18,-27.13,-15.05,17.18,GAIN_ABOVE_+10_DB,READY
3982.mp3,f039d52237a474ee9786ea7a61e7de15f20bf4f61495d6ef1bdacf95751c2d4f,48000,2,240000,5.000000000,-20.85,-9.65,-13.20,-2.15,,READY
3983.mp3,2cecaafaed06b7d8b6c9fac48537fd0f18f9c32dfc3cfba1c68065afdded2b3b,48000,2,240000,5.000000000,-52.27,-35.36,-18.91,29.27,GAIN_ABOVE_+10_DB,READY
3984.mp3,39ffe0711a0f4ed6b0d21db01d775c93a282c29bbbda55c038b4992024612a39,48000,2,240000,5.000000000,-18.81,-7.05,-13.76,-4.19,,READY
3985.mp3,039c6adc8f4de1464eafe2f475840899c6bbf5532c379e42169ce47e9aecde6d,48000,2,240000,5.000000000,-27.55,-10.45,-19.10,4.55,,READY
3986.mp3,c65a7fa19861acf61899f007a4d21c3bbc4589ba5808856ad5eb1239915573d8,48000,2,240000,5.000000000,-21.91,-10.16,-13.75,-1.09,,READY
3987.mp3,7e90553c5c9b2efbc8d4155e35960dd86aa773e6e9af60a4186fa84c00eac849,48000,2,240000,5.000000000,-52.75,-38.02,-16.73,29.75,GAIN_ABOVE_+10_DB,READY
3988.mp3,11dc2fd1d6eb82e0b69becdedd247ce3adecbaa59c0fa1c079efc492da95379a,48000,2,240000,5.000000000,-18.93,-10.43,-10.50,-4.07,,READY
3989.mp3,8b5b58acbcea534353fd04714012ca12a58ad6e1da11b1464d6090dca277cd57,44100,2,220500,5.000000000,-12.03,0.10,-14.13,-10.97,ATTENUATION_BELOW_-10_DB,READY
3990.mp3,b3651459c33213863b5c377c8fd6ae82e82d5539946cb8139bb6dcd438319fe8,48000,2,240000,5.000000000,-31.69,-20.58,-13.11,8.69,,READY
3991.mp3,3595f0e4043eeb6c5a7e1c9b0d760a68889271e85da5294b293be54a802c452b,44100,2,220500,5.000000000,-45.44,-34.11,-13.33,22.44,GAIN_ABOVE_+10_DB,READY
3992.mp3,70ad651b69da8952a2bea3d5ce1ce509abc2602739b30d3f8a6e4bc29e830079,48000,2,240000,5.000000000,-39.85,-21.65,-20.20,16.85,GAIN_ABOVE_+10_DB,READY
3993.mp3,598720584c79316f9659eb0b817aabf53c1206af61634404bcff1c3d588532d8,48000,2,240000,5.000000000,-36.13,-14.01,-24.12,13.13,GAIN_ABOVE_+10_DB,READY
3994.mp3,18454dbbfd2a83764b43a23a02e89d016bc737fa3c7c5ab0b234fbd117c218c2,48000,2,240000,5.000000000,-16.91,-5.44,-13.47,-6.09,,READY
3995.mp3,79dba51e3bafcf236b08dd223c8f0b47cc8e39d58a31499a10d7b4ba600e70c4,48000,2,240000,5.000000000,-38.17,-27.92,-12.25,15.17,GAIN_ABOVE_+10_DB,READY
3996.mp3,7ea8c37e0050a7e57431239cc298bdfa278b08b3c3251d910b4bab85937f7568,48000,2,240000,5.000000000,-69.35,-53.75,-17.60,46.35,GAIN_ABOVE_+10_DB,READY
3997.mp3,cabc0e76175b148c2381a684137a35fc4e07177c2381f1cbe1cfc01cf93e75d7,48000,2,240000,5.000000000,-16.29,-3.75,-14.54,-6.71,,READY
3998.mp3,982f832a8a9dfec95ac9858c582fdf345b582cdc36e730378677ee14863bd06a,44100,2,220500,5.000000000,-33.14,-15.88,-19.26,10.14,GAIN_ABOVE_+10_DB,READY
3999.mp3,9f7530a78032ddb488e6138aaf01b2b484e5e12edc5bd2a42f4832cc5bccd71f,48000,2,240000,5.000000000,-11.47,-1.99,-11.48,-11.53,ATTENUATION_BELOW_-10_DB,READY
4000.mp3,2543610b9c994b0a3e57d70e090600de765684a9547d48e3b741e6e5e223d8b6,48000,2,240000,5.000000000,-16.93,0.33,-19.26,-6.07,,READY
4001.mp3,2f80f951e23bddba6233dd956bd420a2dae30cfeb8ce54cb523208f688e655f2,48000,2,240000,5.000000000,-10.62,-0.06,-12.56,-12.38,ATTENUATION_BELOW_-10_DB,READY
4002.mp3,1fb939f5bb238242bc4b3f31470919dfb0170fb2b90acf8909125b1c338d066c,48000,2,240000,5.000000000,-27.76,-13.46,-16.30,4.76,,READY
4003.mp3,bdf2296387f3c5d1dee94a079ead1349df32af43321421a755a09d70e9ce3c94,48000,2,240000,5.000000000,-21.82,-5.30,-18.52,-1.18,,READY
4004.mp3,3fe988cdb9174f204b189f8badfa8d839dbafafb81ba70ff663d3cd12081e574,48000,2,240000,5.000000000,-20.31,-7.22,-15.09,-2.69,,READY
4005.mp3,1df2ea93d1aa98ce707fefddfb3c6c4eeff9efe7bb028762139e1838e336de27,48000,2,240000,5.000000000,-20.99,-7.04,-15.95,-2.01,,READY
4006.mp3,a48fd80363b583e3740bd5574d25479aa593f670ee4ae7561143a4d94ff3c34c,48000,2,240000,5.000000000,-26.05,-10.87,-17.18,3.05,,READY
4007.mp3,cd6ecc2906edcfa0f6803bcd352c6c046079b372d7c7fbb44bdb0a4cad27d93a,48000,2,240000,5.000000000,-19.02,-7.75,-13.27,-3.98,,READY
4008.mp3,15400ce4d7c835b1ef657990542ff66649a0d7966e3c67ecbc190dec19bad2c6,48000,2,240000,5.000000000,-24.45,-3.92,-22.53,1.45,,READY
4009.mp3,e492cfb2996644657dfebbfb208897d2336fc7c39bfea07ee4187e4a795a797f,48000,2,240000,5.000000000,-19.00,-6.12,-14.88,-4.00,,READY
4010.mp3,57d4074a4fed5cd170dbb039976503a23d6bf816cc8c5575889278dbb934ae2c,48000,2,240000,5.000000000,-23.00,-15.87,-9.13,0.00,,READY
4011.mp3,f648c14ddca467b9d9f6737a747a031ed472690915d68bd07dd2cc5fc98c52fd,48000,2,240000,5.000000000,-26.61,-10.26,-18.35,3.61,,READY
4012.mp3,474ecfb34eca06c5e38ae594a3fe8e6ebf9fa3ff2307124472d10c09a084c67a,48000,2,240000,5.000000000,-18.56,-5.83,-14.73,-4.44,,READY
4013.mp3,67339b7a3f39d735785a3c4140022fc82f9e9144f1c3af92cc48f45185fb0576,48000,2,240000,5.000000000,-41.54,-29.21,-14.33,18.54,GAIN_ABOVE_+10_DB,READY
4014.mp3,a642645ff8b4037a8630d2d7d56887000a5e6ebcbc809d20a9434772a1d4e1c7,48000,2,240000,5.000000000,-24.86,-16.02,-10.84,1.86,,READY
4015.mp3,26414f56bf2f3f1656295650392ff0574e3a20be3f4138a6d9cfd8a64c780c82,48000,2,240000,5.000000000,-27.71,-17.07,-12.64,4.71,,READY
4016.mp3,ede2d8032ca27b4eae30097c6514bb01717d474d59ff101bd905fc19d0d4d6e0,48000,2,240000,5.000000000,-34.75,-22.70,-14.05,11.75,GAIN_ABOVE_+10_DB,READY
4017.mp3,5b9cae0f7aef1383b879ad8907a106a55360414e36dac152b706afaf509811e1,48000,2,240000,5.000000000,-44.75,-30.01,-16.74,21.75,GAIN_ABOVE_+10_DB,READY
4018.mp3,52e3dfb8648da176cca63ee829d6511d5fe0dcfb7ccfcad7c5a5bde33fbb7f34,48000,2,240000,5.000000000,-41.57,-28.25,-15.32,18.57,GAIN_ABOVE_+10_DB,READY
4019.mp3,95e7064ccda9f03cff9ba1945e2eaddb146bc1c832a919116053f0a863d0f22f,48000,2,240000,5.000000000,-30.03,-15.82,-16.21,7.03,,READY
4020.mp3,bdb2b7559634e7b1aaf46783bde0f0ef9c87c072c499d69a4fc538b78ccd3b56,48000,2,240000,5.000000000,-9.87,-1.92,-9.95,-13.13,ATTENUATION_BELOW_-10_DB,READY
4021.mp3,2959e612860faf5de19b4a14cf563e037317c4fad891f0782405748ac20bbf26,48000,2,240000,5.000000000,-41.90,-22.82,-21.08,18.90,GAIN_ABOVE_+10_DB,READY
4022.mp3,9cccd4de95e5d3f5b2fe11ef36d707ae755499cfc7590643ef13f5a3b03e1c8b,48000,2,240000,5.000000000,-16.38,-4.93,-13.45,-6.62,,READY
4023.mp3,112f9f16b1e6cbdb80e72f607f74b595adea61b3fd98a39faa6d68e85d66983b,48000,2,240000,5.000000000,-16.91,-1.32,-17.59,-6.09,,READY
4024.mp3,ed80b48b78b7b150165c7a21ab84a9ad43de7d044ad18231169499ea2c4f6bf1,44100,2,220500,5.000000000,-25.95,-4.04,-23.91,2.95,,READY
4025.mp3,5d7c6a8013ba25f067c21b9c9500ee9f8b2e6a508c319842ad5b242c3c2a3f9b,48000,2,240000,5.000000000,-25.55,-12.72,-14.83,2.55,,READY
4026.mp3,f05c1eb6c640013627fbde486ac5942feef4eb8bd5b97e1574fe1cab031d5c6f,48000,2,240000,5.000000000,-22.04,-7.35,-16.69,-0.96,,READY
4027.mp3,97b66016c5cfec1a28da2f98fcb74f9e012ba25970bcb9c760343249eff3a6ff,48000,2,240000,5.000000000,-24.88,-12.69,-14.19,1.88,,READY
4028.mp3,26c4d95bbf6be11dce13b099d71c881436edf4c759dde74bcf8ec67cb530349a,48000,2,240000,5.000000000,-38.56,-26.39,-14.17,15.56,GAIN_ABOVE_+10_DB,READY
4029.mp3,0f6201410424961e22620b71237504a807b550998c03a820bf7d1bd1df74dc9b,48000,2,240000,5.000000000,-13.30,-1.21,-14.09,-9.70,,READY
4030.mp3,87613e1ec8885ebfac79d18d91399af708846447620bdc84ffbddca8cf6675fe,48000,2,240000,5.000000000,-31.41,-14.93,-18.48,8.41,,READY
4031.mp3,92a09157efe3efaf089da71084db3f149adfef08972c2040c22a6840afc86bdb,48000,2,240000,5.000000000,-14.71,-0.74,-15.97,-8.29,,READY
4032.mp3,219b14510fd3da4b4cf943b4d71dd1318131177259753f3b4ae1ce1b6df92eb3,48000,2,240000,5.000000000,-22.28,-3.69,-20.59,-0.72,,READY
4033.mp3,190ef0312c10c9e82ce4106df6d43e15950276a470e7de03fe259ce8e9795523,48000,2,240000,5.000000000,-38.87,-19.48,-21.39,15.87,GAIN_ABOVE_+10_DB,READY
4034.mp3,30da19dca53f6e1627d5934ff4d289892d46002e4e32e1dba609ced06be1a0c2,48000,2,240000,5.000000000,-25.29,-10.40,-16.89,2.29,,READY
4035.mp3,71b1621d7695bb58975f158a42f9fbec12a17a5ba52bc86fa54f8cace1e74885,48000,2,240000,5.000000000,-19.95,-4.68,-17.27,-3.05,,READY
4036.mp3,4ed69b16b1784f6ca63cdb1319527c33532b3202e645792246ab998edbd615d4,48000,2,240000,5.000000000,-23.79,-10.34,-15.45,0.79,,READY
4037.mp3,51d973e28ac091420afd538a04803b40179607b956dedf1255e0b22431e9ac1b,48000,2,240000,5.000000000,-20.91,-3.51,-19.40,-2.09,,READY
4038.mp3,2beca20d7219755b156f72d6743ed8530164012651dc014893771715a562fa49,48000,2,240000,5.000000000,-11.68,0.11,-13.79,-11.32,ATTENUATION_BELOW_-10_DB,READY
4039.mp3,ff3231197b352a5425822432393d0d983f35dd2254747022bdf7199c51c877db,48000,2,240000,5.000000000,-24.39,-7.40,-18.99,1.39,,READY
4040.mp3,f86c38d6f1e36e5219bc1151b0ebddae46c833b70aa0a71c3b6d76268dad8fed,48000,2,240000,5.000000000,-36.53,-17.91,-20.62,13.53,GAIN_ABOVE_+10_DB,READY
4041.mp3,4fdfe6554aee14f395ce3b0dcc912fcc5860bcb21827ad5cbcfb10ae1e88c0f8,48000,2,240000,5.000000000,-27.60,-17.03,-12.57,4.60,,READY
4042.mp3,f7a3213343dd68932aa73f49fb77b247d0367c4262fdad013576de8e9bc0df2d,44100,2,220500,5.000000000,-17.36,-5.51,-13.85,-5.64,,READY
4043.mp3,d33bd153de43333f950fa5ab6e9708ee1f73a4f0129a8f3acf37bb53af5749f7,48000,2,240000,5.000000000,-24.88,-14.70,-12.18,1.88,,READY
4044.mp3,1f94b58d93be3020e9486c6a8383fcbd1733e407c7f9117405675b5c0f5d1069,48000,2,240000,5.000000000,-28.01,-18.40,-11.61,5.01,,READY
4045.mp3,9c8a162e8851bdb7465599e46752e7043b6977e4d0e835aad457a435c8ce6bfd,48000,2,240000,5.000000000,-55.08,-37.93,-19.15,32.08,GAIN_ABOVE_+10_DB,READY
4046.mp3,a8b04a36a20073f40052a1bff321e4b0e709d50bad76d9900c021cd0d8eb2c6f,48000,2,240000,5.000000000,-19.51,-8.48,-13.03,-3.49,,READY
4047.mp3,db0fae1616cc29d8601338453983b52f692d29c79494c84385b81d89f317905b,48000,2,240000,5.000000000,-26.42,-15.61,-12.81,3.42,,READY
4048.mp3,a1b82821e54888c8ad4b4412f4af38f716acee48bd60e827b74bab98a4edce97,48000,2,240000,5.000000000,-28.67,-16.42,-14.25,5.67,,READY
4049.mp3,e2bdbfe703231c774deafae7d79f7fd1f6b7b545af3035812e80220f950dde4f,48000,2,240000,5.000000000,-44.34,-36.06,-10.28,21.34,GAIN_ABOVE_+10_DB,READY
4050.mp3,b5a021a304fd552059b6c718aa54bbb5b2108fef514cbf531af196a557b254f3,48000,2,240000,5.000000000,-24.50,-12.09,-14.41,1.50,,READY
4051.mp3,ef431a2f9fc91477af0c295c40c57a84e6fb70cd5fef6f540db9613bbc30da69,48000,2,240000,5.000000000,-34.91,-18.60,-18.31,11.91,GAIN_ABOVE_+10_DB,READY
4052.mp3,62092b4eaaf69d51c6ed79e0366709f9a364daab75e604acce2534526efa1962,44100,2,220500,5.000000000,-21.26,-4.18,-19.08,-1.74,,READY
4053.mp3,722ae937ed45e59034cec84c3c7d86c4c8941ee0c50f4536da1b04af16058ecd,48000,2,240000,5.000000000,-29.53,-16.75,-14.78,6.53,,READY
4054.mp3,4d8f495a07aa9afdc4fb0efc020de23a208cbf52d4ef270a96cb345b3066854b,48000,2,240000,5.000000000,-22.04,-6.98,-17.06,-0.96,,READY
4055.mp3,195188fc25eadfd264d4d94861bf7f61fcdbe443b6c052f6cb29351f620c613f,48000,2,240000,5.000000000,-14.57,-2.26,-14.31,-8.43,,READY
4056.mp3,ce1359a60ab3f471a0f32fdc426fdb8a1141ca6a7cbd30566f38fdfdf37411c4,48000,2,240000,5.000000000,-39.04,-31.85,-9.19,16.04,GAIN_ABOVE_+10_DB,READY
4057.mp3,3e408a6e64f6b1e8fef752afc2e9a7defbd5ffd50ab7c676c452d9f6f50bfa9c,48000,2,240000,5.000000000,-34.24,-22.58,-13.66,11.24,GAIN_ABOVE_+10_DB,READY
4058.mp3,faabde61f08c42d4cd7f34a133fa48abe58faa32119be113659e5bb701ff1e34,48000,2,240000,5.000000000,-33.55,-18.91,-16.64,10.55,GAIN_ABOVE_+10_DB,READY
4059.mp3,8da199b231b353807e3a246705fd14e92971ca7eaa545b090c2638f7ab38e4ba,48000,2,240000,5.000000000,-27.60,-14.20,-15.40,4.60,,READY
4060.mp3,59b67b245b671d87e8ba9e58239f96f6504eb512799c4d2eb483a2508f27ae68,48000,2,240000,5.000000000,-42.13,-26.78,-17.35,19.13,GAIN_ABOVE_+10_DB,READY
4061.mp3,2047d8bc6ac1201d570bcac3bf44de20df2e527257e015628b96891867171bcb,48000,2,240000,5.000000000,-25.52,-13.68,-13.84,2.52,,READY
4062.mp3,07748d90acc585a34d09cafe04ff32dee33bf9d874df000c186ea9f18e49ba24,44100,2,220500,5.000000000,-37.27,-21.68,-17.59,14.27,GAIN_ABOVE_+10_DB,READY
4063.mp3,411b763a30471d58607d038e504d3c566da87631d681e4e4272f80b0831b53b9,48000,2,240000,5.000000000,-20.48,-5.75,-16.73,-2.52,,READY
4064.mp3,cd25a4c3b27a3779c6aa6abdf33506fd2e36fca3e35bebc63d51b40cdb58f164,48000,2,240000,5.000000000,-21.99,-11.21,-12.78,-1.01,,READY
4065.mp3,92cd1e7740231f89f85a27b85656325f2fd6c7be9eb18d2abec801bfb95ce0a4,48000,2,240000,5.000000000,-17.61,-3.87,-15.74,-5.39,,READY
4066.mp3,3f4025fbdc08aba4852800668e3daedb3bb594b351e8ecfa69df69c8c6077024,48000,2,240000,5.000000000,-16.42,-3.26,-15.16,-6.58,,READY
4067.mp3,6dcc1845dc64296477be2a278633e742a2b2fb597461aaa08d46c8e3e0c2a013,48000,2,240000,5.000000000,-27.59,-12.60,-16.99,4.59,,READY
4068.mp3,e7bdf246ef85a220cf6665ae6d815893dc80defba25fb168dc755984d97e55b4,48000,2,240000,5.000000000,-22.96,-9.47,-15.49,-0.04,,READY
4069.mp3,920dd45ac6e2752b363fbbd722eb952bb99cfe3ef0633d3d0399b26ebd0b8cb0,48000,2,240000,5.000000000,-27.80,-21.09,-8.71,4.80,,READY
4070.mp3,b190da68847575a736a0f642325edd1ec802b4b106275beeea51a739b36cd43b,48000,2,240000,5.000000000,-19.22,-4.49,-16.73,-3.78,,READY
4071.mp3,fe13398030af1af7b90061896d8088b70322f283ef8933ea8289f289cf00b103,48000,2,240000,5.000000000,-24.13,-11.46,-14.67,1.13,,READY
4072.mp3,ddee489c234405037e3c251c43d4b0224d0d64308b1c4409bc5ce8a34a223b18,48000,2,240000,5.000000000,-52.15,-43.09,-11.06,29.15,GAIN_ABOVE_+10_DB,READY
4073.mp3,6e2a08d5c6453125865195562e6a92eae757142b5a01515b11a706d8e8c1f3ae,48000,2,240000,5.000000000,-23.59,-8.47,-17.12,0.59,,READY
4074.mp3,0f1af00211d116cd2e114520057d705d0c8260cb0d5713f73794807209992336,48000,2,240000,5.000000000,-34.52,-11.25,-25.27,11.52,GAIN_ABOVE_+10_DB,READY
4075.mp3,7b95e4b0c5ab08478f78ecb9889a895f2804f995924c026c4e67910b2312d639,48000,2,240000,5.000000000,-49.21,-32.75,-18.46,26.21,GAIN_ABOVE_+10_DB,READY
4076.mp3,2a15eabe13bfcd39643a043e55d15d30cb9bb4670b07bcd361b432f416899996,48000,2,240000,5.000000000,-41.26,-20.15,-23.11,18.26,GAIN_ABOVE_+10_DB,READY
4077.mp3,38c44c9a3b802050d6b7acf97deba1e6abb63f00a55ef6c72392a41b46137a4d,48000,2,240000,5.000000000,-35.95,-26.67,-11.28,12.95,GAIN_ABOVE_+10_DB,READY
4078.mp3,4225ac930d0b26be5fa5253d214156f3ff1eeec06e84c787d3495bd60a312b6d,48000,2,240000,5.000000000,-16.87,-5.71,-13.16,-6.13,,READY
4079.mp3,eaf016bdfd1b3de1b400faa3285336b5114e29fc188a6fac9bbb5690d1e2b32b,48000,2,240000,5.000000000,-36.36,-21.91,-16.45,13.36,GAIN_ABOVE_+10_DB,READY
4080.mp3,9aa91c894ec41b452caa1c6d51ec9084165610863a0aba819201ff93ee46334a,48000,2,240000,5.000000000,-16.05,-2.45,-15.60,-6.95,,READY
4081.mp3,f1fc5bcc69a9eb385a6a14f42a0cb1b060878c586d0c70f58a9db571d94a29dd,48000,2,240000,5.000000000,-16.89,-2.72,-16.17,-6.11,,READY
4082.mp3,19c163509a83f0a92afced9e68f84b5804a25da5f58801f037b91b2bea2cab6e,48000,2,240000,5.000000000,-14.02,-1.45,-14.57,-8.98,,READY
4083.mp3,31e491cf43f6820c3d48c5c6b96eb1ab195be5ad02408f04c72390abc7a91121,48000,2,240000,5.000000000,-52.02,-38.91,-15.11,29.02,GAIN_ABOVE_+10_DB,READY
4084.mp3,e32e265485d89b924470eeb1737df3de08c20c1bd816437a5eb783b9aeeeb1ef,48000,2,240000,5.000000000,-22.67,-10.50,-14.17,-0.33,,READY
4085.mp3,1fd97009954251e106d5d7cf68e86181b94b45f0b095949c127ffe117f357b9b,48000,2,240000,5.000000000,-48.74,-28.71,-22.03,25.74,GAIN_ABOVE_+10_DB,READY
4086.mp3,aa8b65eb0256b4a55e4cf2847a9d3039def362a7e6e0026c8caf71940dde7bcb,48000,2,240000,5.000000000,-39.39,-24.81,-16.58,16.39,GAIN_ABOVE_+10_DB,READY
4087.mp3,440c4e2627e03aa8fc7f3bc0fd4bfca80b8c8c9a01542396f420db4a7c5785c0,48000,2,240000,5.000000000,-22.26,-5.81,-18.45,-0.74,,READY
4088.mp3,4082c6731329c7fb0cf7ba6ad6852d05324ed84d2b8fb14ffe69d88a8624f93d,48000,2,240000,5.000000000,-19.23,-3.57,-17.66,-3.77,,READY
4089.mp3,110983d302412c0403c63c9425f363db060c7d143496ad45a253978159b82d92,48000,2,240000,5.000000000,-17.57,-8.28,-11.29,-5.43,,READY
4090.mp3,b0c019861406d322dbfdd4bf1fee6ec5dfd75191b2c962f2e72a5c98dec32666,48000,2,240000,5.000000000,-41.59,-28.61,-14.98,18.59,GAIN_ABOVE_+10_DB,READY
4091.mp3,de6592ca27870e77f0911397d4ca645a6cba08133654422f61a03de8a8f2cf9f,48000,2,240000,5.000000000,-16.06,-8.59,-9.47,-6.94,,READY
4092.mp3,f35b9f9eec9c9034c1865437d9810c11f831a949699504c817f0f89833ba6735,48000,2,240000,5.000000000,-46.04,-36.23,-11.81,23.04,GAIN_ABOVE_+10_DB,READY
4093.mp3,2f5354e461559e6eb3ded8339bfc29c3baf650e2989713f6866dcdcc07718224,48000,2,240000,5.000000000,-18.63,-7.05,-13.58,-4.37,,READY
4094.mp3,9fac298974ba88f53f9e08dd449070002fd02fceb1e8e71cfcb345ccef944d6e,48000,2,240000,5.000000000,-31.52,-16.04,-17.48,8.52,,READY
4095.mp3,9ed501936fa31ab7f6acd5cc3aa226822039836ea6c79ea492b96097ba915d02,48000,2,240000,5.000000000,-22.02,-7.66,-16.36,-0.98,,READY
4096.mp3,2b30388f5a0d059e0944410de8da64ee018b3f931b01bf69a79a35f18b12c1fa,48000,2,240000,5.000000000,-54.69,-43.62,-13.07,31.69,GAIN_ABOVE_+10_DB,READY
4097.mp3,ede4300c8c2fdd6305a717716e135437ebf9df82d4d13c9905ff5f24374903de,48000,2,240000,5.000000000,-18.04,-5.08,-14.96,-4.96,,READY
4098.mp3,e0e6dc8b4b0bec1fb47a679b2b0097b4b7178ecad307d60dbba61897bfa10e25,48000,2,240000,5.000000000,-15.45,-4.02,-13.43,-7.55,,READY
4099.mp3,84612e560f3ae229fd0e9af0d55217ec3abcafb172ab919509a41ff453d1a320,48000,2,240000,5.000000000,-22.12,-5.02,-19.10,-0.88,,READY
4100.mp3,f6db71dee8531a61165a424a3b0a589a4af54a03845f36e95e1753e43ad04713,48000,2,240000,5.000000000,-33.37,-21.70,-13.67,10.37,GAIN_ABOVE_+10_DB,READY
4101.mp3,e0edba018989154a95303a914b98d3b9e8eb0acf7282ef10d162099bbce919fb,48000,2,240000,5.000000000,-18.14,-0.01,-20.13,-4.86,,READY
4102.mp3,4c8c5dfe5b757c441b04bad75d2c36b336f32900443779d16763bfe48bfa1133,48000,2,240000,5.000000000,-19.49,-6.13,-15.36,-3.51,,READY
4103.mp3,d97572fbfe6a0537dcee4f689fd9c1c9c8cb339065462ea544c046eec881a902,44100,2,220500,5.000000000,-18.94,-4.77,-16.17,-4.06,,READY
4104.mp3,f41f6f30d1795375e7011c2f2e5273b9af0d316365e9f9955831eb1c46560078,48000,2,240000,5.000000000,-31.30,-14.37,-18.93,8.30,,READY
4105.mp3,d7c50e32e30f37b9c343a03c64bb1892b69334b71663d18862df04cef8a2ed38,48000,2,240000,5.000000000,-30.88,-18.78,-14.10,7.88,,READY
4106.mp3,5cbe9804570ad612bedef1ca735f0dea42db9cec2ac197dfd2eaa031a2e54051,44100,2,220500,5.000000000,-20.89,-5.84,-17.05,-2.11,,READY
4107.mp3,9bb4d2ce0b01e4f090ec9ce65c8c4eb1eca178ee4e721e62d4cb59e1502beafb,48000,2,240000,5.000000000,-12.89,0.20,-15.09,-10.11,ATTENUATION_BELOW_-10_DB,READY
4108.mp3,d80ab84001dc901baf806ecdfcdaabebe03ac4680202b444020165313544232d,48000,2,240000,5.000000000,-35.08,-20.59,-16.49,12.08,GAIN_ABOVE_+10_DB,READY
4109.mp3,4360850a81b5ca72734a3d6b0bb54fe746e05a708c7fa37eb3e316f83b0bf06f,48000,2,240000,5.000000000,-14.03,-1.76,-14.27,-8.97,,READY
4110.mp3,54ab8c3d9a42b83f76349b2470d9b9ef66242071ac911df70cecca38dfc270d0,48000,2,240000,5.000000000,-31.49,-3.15,-30.34,8.49,,READY
4111.mp3,b6c8b3e60b9998bcb3e9947cd49eb9c259fc4281e84731e4c6124b7445a866e4,48000,2,240000,5.000000000,-30.35,-13.00,-19.35,7.35,,READY
4112.mp3,84c1623af6d8af2427d702ecf1f063b2613d5789ed554104054fb9ec4f215859,44100,2,220500,5.000000000,-22.13,-11.20,-12.93,-0.87,,READY
4113.mp3,cb2855ba4fee1fe1d25f45b3ef560a89c312198b5ddd8242cf389106d5c18763,48000,2,240000,5.000000000,-29.41,-18.85,-12.56,6.41,,READY
4114.mp3,016d69c87081dab82f40b5c733184f4ae0eaa412b1c2e112097e886aaef92325,48000,2,240000,5.000000000,-20.32,-8.79,-13.53,-2.68,,READY
4115.mp3,431ae264f8527545ed2af4d06789c543b1373a1aa29913413d3ee516ecfe09a9,48000,2,240000,5.000000000,-53.72,-41.43,-14.29,30.72,GAIN_ABOVE_+10_DB,READY
4116.mp3,212a70bc876716f51c23eaa878b1f450316cb153f4d85d942c9a76dd556ba314,48000,2,240000,5.000000000,-28.42,-15.37,-15.05,5.42,,READY
4117.mp3,48a5752d5c2ebdef531e28b6ed6dbaaa792f974d0109c374b3cbbb65d14584b2,48000,2,240000,5.000000000,-28.73,-16.24,-14.49,5.73,,READY
4118.mp3,38d9ad80f8c30ed812446f8e9b79279a5362021853f08c7955138cecf3221d8f,48000,2,240000,5.000000000,-16.64,-5.92,-12.72,-6.36,,READY
4119.mp3,066cd22e40c78006a95eb6045b16126f60ec1fc33c6596ecb7f7a7112c0e0eed,48000,2,240000,5.000000000,-15.57,-5.89,-11.68,-7.43,,READY
4120.mp3,2a1c7c2cb91fbab4889e7eb4e7d73392cb42b7829928c6842744634cd6c83bf3,48000,2,240000,5.000000000,-23.83,-12.53,-13.30,0.83,,READY
4121.mp3,a563c9e383ba625201c4d15610c514d2bbf65049bb852a0633526353cf557f5e,48000,2,240000,5.000000000,-23.80,-11.47,-14.33,0.80,,READY
4122.mp3,e45060255166b2618f08dfdeea1fb8f817302006948c4121559764f03f1a3d0a,48000,2,240000,5.000000000,-28.86,-19.15,-11.71,5.86,,READY
4123.mp3,e9bf3d392b7f37d391f61891e6d932de85e0404f03e12021c71ce41470ff0b38,48000,2,240000,5.000000000,-23.59,-10.31,-15.28,0.59,,READY
4124.mp3,59655fd1dd486f9b2478a3f15bae57e6c2a94cd8a7492c4938f593cb9c6dec52,48000,2,240000,5.000000000,-25.90,-6.98,-20.92,2.90,,READY
4125.mp3,83754f3947d68d7f3040eb9036ad8aae52fecb0d1fd1a73e43bc8a7f3723ebbc,48000,2,240000,5.000000000,-46.70,-32.58,-16.12,23.70,GAIN_ABOVE_+10_DB,READY
4126.mp3,576886079621f6acd1c0d60f1503ddd69d121f9f392dece9f00e8aa55058d554,48000,2,240000,5.000000000,-28.90,-21.97,-8.93,5.90,,READY
4127.mp3,60c39e9bcc81f8c2c68c734032baa635b166d76eb19c6596bd53a74237abc446,48000,2,240000,5.000000000,-23.56,-9.87,-15.69,0.56,,READY
4128.mp3,7da6cdbb525ed09d06d9f92f5ba3122f3f46b563c5edc466bd8e506379ab5cbc,44100,2,220500,5.000000000,-11.65,-0.74,-12.91,-11.35,ATTENUATION_BELOW_-10_DB,READY
4129.mp3,70a054f2d3c0b4e77b96fb10ef642bb2b73b3c8162366392c57e2667e7e3881e,48000,2,240000,5.000000000,-19.00,-1.86,-19.14,-4.00,,READY
4130.mp3,a75300f2c789f77aa8f66727c44f23bf92cb152114ead9f10186f8a35da02c81,48000,2,240000,5.000000000,-16.14,-0.35,-17.79,-6.86,,READY
4131.mp3,ccc76ed13bb28c18130a6524d3f0d7d5aaa016082762be1b47167f3609b503f3,48000,2,240000,5.000000000,-13.33,0.34,-15.67,-9.67,,READY
4132.mp3,700b6594e2ff225e4aa32567c386afbc5deb9888b71fa67d86e5ea2400e602d3,48000,2,240000,5.000000000,-36.33,-22.40,-15.93,13.33,GAIN_ABOVE_+10_DB,READY
4133.mp3,919749ace9edfc10a56e0d8a662f981c1ccf58e2a20ee7733173c92a127a2af0,48000,2,240000,5.000000000,-41.66,-24.78,-18.88,18.66,GAIN_ABOVE_+10_DB,READY
4134.mp3,1d35c2a36ffa6c26aa65316b2f3bfcedab707b40c69b64587bc371433fc360ca,48000,2,240000,5.000000000,-9.46,-0.14,-11.32,-13.54,ATTENUATION_BELOW_-10_DB,READY
4135.mp3,8fc0f7ff872bbea456c10c84e2a60a9020e9d9ed04113a37572e29e62a5a1ea0,44100,2,220500,5.000000000,-10.50,0.24,-12.74,-12.50,ATTENUATION_BELOW_-10_DB,READY
4136.mp3,5e6764f4d2887b0bfec868671585ff341b80ae914c7d6af005b6912bf9bcb770,48000,2,240000,5.000000000,-23.48,-6.75,-18.73,0.48,,READY
4137.mp3,bd3d8b199a9ae00ae2143acb01e6b84bd55b897a4120ce2ef1cab81ec3485acd,48000,2,240000,5.000000000,-23.13,-7.67,-17.46,0.13,,READY
4138.mp3,44c40561f03b8eb474fc9a8f7ad494e77eb4806a16d5642684a6194a0c0eac79,48000,2,240000,5.000000000,-34.50,-19.91,-16.59,11.50,GAIN_ABOVE_+10_DB,READY
4139.mp3,309f9f5acd27954a33c6d02b1870d4fdcb0afe209fa4786bea07820c0ae4d9bc,48000,2,240000,5.000000000,-22.70,-10.36,-14.34,-0.30,,READY
4140.mp3,8acde5783ddb5209ebc34bf8f4696751748da92dc12207cce10ec5a2d67eb260,48000,2,240000,5.000000000,-40.65,-25.01,-17.64,17.65,GAIN_ABOVE_+10_DB,READY
4141.mp3,1fbf567127a3a47dc8c3e7108745b1c3b06ca67a7de5265bf70450c3ab4cfd1e,44100,2,220500,5.000000000,-37.68,-22.64,-17.04,14.68,GAIN_ABOVE_+10_DB,READY
4142.mp3,990d664cd69b90127ccfde01eac153abc1da69b67094a0c9d498382f66d8b0e8,48000,2,240000,5.000000000,-23.43,-11.77,-13.66,0.43,,READY
4143.mp3,c47886813a5920c7a5826207146a33bda13c8a3f84920bc1c19a81476f986fe9,48000,2,240000,5.000000000,-15.83,-2.82,-15.01,-7.17,,READY
4144.mp3,4d76ce33f7445664b6c83a1d7702e2caad03f30dcef9474223441bd57201f8e5,48000,2,240000,5.000000000,-27.55,-8.80,-20.75,4.55,,READY
4145.mp3,dc9caf76b01545ff05739bf5f6abdaca7103102bf2c11fa5df8b5fc63bdce9b0,48000,2,240000,5.000000000,-33.56,-18.17,-17.39,10.56,GAIN_ABOVE_+10_DB,READY
4146.mp3,7a974473bc872f25c76cfc04430517144840d447472f10ecdde0e5efca60b2f2,48000,2,240000,5.000000000,-38.50,-26.42,-14.08,15.50,GAIN_ABOVE_+10_DB,READY
4147.mp3,4595ca75119fc8d795aa68fa2a64acb43c4ef3a23dd4ba1d273b7d7e78151a50,48000,2,240000,5.000000000,-27.66,-14.54,-15.12,4.66,,READY
4148.mp3,ad1f3823fdf5b58f1a80a0d82ca2607a4cd8e67cdcf34a98d4d677504898798f,48000,2,240000,5.000000000,-19.95,-7.37,-14.58,-3.05,,READY
4149.mp3,69d7b05bd7fb691342993587006bfcb284d0695df3c9ce9aac55c2ce6d2a1da1,48000,2,240000,5.000000000,-37.68,-27.60,-12.08,14.68,GAIN_ABOVE_+10_DB,READY
4150.mp3,ea2fae05496009c04f76eae28a1a71484fd29a74547aa58bf31be4170bb27646,48000,2,240000,5.000000000,-49.46,-39.48,-11.98,26.46,GAIN_ABOVE_+10_DB,READY
4151.mp3,b7bca9a31666f3c9d24a1e0c88f9f175bceeb8b20498d327a067fffdf91230eb,48000,2,240000,5.000000000,-15.68,-1.88,-15.80,-7.32,,READY
4152.mp3,930a52d369a078a6bf0c544ef760e78637cfa011ead98fca003f3b6c97cbba3c,48000,2,240000,5.000000000,-23.60,-7.98,-17.62,0.60,,READY
4153.mp3,411de5afb8dfcbcb9cbadd57382460b157dd11b6f9a7c8e52711bd9992b329ac,48000,2,240000,5.000000000,-39.91,-26.45,-15.46,16.91,GAIN_ABOVE_+10_DB,READY
4154.mp3,a23b52bd4ce4952150ed496e11332b252ed3d747a5f22ee2dbf0abcc36b6ff9b,48000,2,240000,5.000000000,-47.09,-35.75,-13.34,24.09,GAIN_ABOVE_+10_DB,READY
4155.mp3,2758f429f6d0f78114f108901aa8cd6b807783e8f6c4dae1a36b41aca26389b8,48000,2,240000,5.000000000,-22.48,-7.00,-17.48,-0.52,,READY
4156.mp3,45ea7ac2bb56d7402b24d72f1af8def11743e017362183d4274c334fc6e71100,48000,2,240000,5.000000000,-26.46,-15.01,-13.45,3.46,,READY
4157.mp3,28226c351b66cf061cc9ecd879f1b0023c62fb3d4e5c21afdf9017437d832c9a,48000,2,240000,5.000000000,-10.41,-0.04,-12.37,-12.59,ATTENUATION_BELOW_-10_DB,READY
4158.mp3,4f7e3eb67a2b87128a46b50eafd0cfc7403cbad3d9cf3b835da0267bb417cbb6,48000,2,240000,5.000000000,-26.97,-11.16,-17.81,3.97,,READY
4159.mp3,df41c98276c87981fa131278a9780a9c5b5533203f2802fccbccd3d97a99b538,48000,2,240000,5.000000000,-22.98,-11.39,-13.59,-0.02,,READY
4160.mp3,6d3d754a3082fb5f6b8f42d3c5b23a04c0db4f7f43c3c14cdb7d6f848f375c80,48000,2,240000,5.000000000,-37.14,-29.18,-9.96,14.14,GAIN_ABOVE_+10_DB,READY
4161.mp3,15ac96a3da6a8a0c53f8def7d584a9be86061310d385981d5669dc8575cc87e0,48000,2,240000,5.000000000,-32.32,-19.45,-14.87,9.32,,READY
4162.mp3,8b347c1d0f46e6f5b8a344558511c7ee271b0f4a95523315887a381e9bc95dc5,48000,2,240000,5.000000000,-24.58,-17.15,-9.43,1.58,,READY
4163.mp3,91d3c7b9f5efd530f493f820a9c1b056e7c14aa19d265cce6444991f0e85de38,48000,2,240000,5.000000000,-25.77,-11.38,-16.39,2.77,,READY
4164.mp3,09753a1e81402b2a76f1ddec4727e58bcb1838c4b6e0b1c8d1d8d26ef27097b6,48000,2,240000,5.000000000,-16.39,-1.12,-17.27,-6.61,,READY
4165.mp3,720a3ca437154ecf8ea3f57eb9adae2abc4d3e2bf2e0ba9961a90a1e7cc790f6,48000,2,240000,5.000000000,-36.68,-22.39,-16.29,13.68,GAIN_ABOVE_+10_DB,READY
4166.mp3,494f142bdab9fcd33176b2beeaff50a82abfaac508ac4307b157ee6577eb539b,48000,2,240000,5.000000000,-28.76,-17.16,-13.60,5.76,,READY
4167.mp3,b11a9182030a8bbc82a437e9b064a740d5dfbf204581f1ba1922a7b10b93e63a,48000,2,240000,5.000000000,-21.84,-5.50,-18.34,-1.16,,READY
4168.mp3,b7de9b5bac614cfe713eb211569bfa1ce82f28b306c994377a3c9269bb23123c,44100,2,220500,5.000000000,-33.95,-23.27,-12.68,10.95,GAIN_ABOVE_+10_DB,READY
4169.mp3,c5df7d7a3a42c3a19e9bdc1fbc83f1e6b6c4f7a7b43dff20286dae9d126ccfdf,48000,2,240000,5.000000000,-27.05,-12.04,-17.01,4.05,,READY
4170.mp3,43da6b0a200587adff9454d33b86bc8593c496ff5d8d84934edacffc02c32e48,48000,2,240000,5.000000000,-24.54,-13.70,-12.84,1.54,,READY
4171.mp3,804fd195c9113d5c9cd8f0a4de7ed7b79746f69f3b03e7c0d4a789489621ca8a,48000,2,240000,5.000000000,-29.59,-16.24,-15.35,6.59,,READY
4172.mp3,7a0a10b147df71853adfa3d68b27a7f77c750247a372e5b063f042dc67f1102d,48000,2,240000,5.000000000,-67.92,-52.09,-17.83,44.92,GAIN_ABOVE_+10_DB,READY
4173.mp3,9789fd46a6b67a842571e5fae51f26d1654e8a8ebf07e7b39b9309d5a7d093fb,48000,2,240000,5.000000000,-19.46,-2.82,-18.64,-3.54,,READY
4174.mp3,f02c483bea039a134de447d55e1e3efc9d3bd4940ad65801bdad5a700348ef9f,48000,2,240000,5.000000000,-20.24,-6.24,-16.00,-2.76,,READY
4175.mp3,a5f6e9e4cf5ab5327cacd4f88066633f05777f82ee15408a53dadf08233a130e,48000,2,240000,5.000000000,-34.73,-21.64,-15.09,11.73,GAIN_ABOVE_+10_DB,READY
4176.mp3,0b2d8287ba71f828345328db2ef424089c4354a39c5b37dd814e92a067589146,48000,2,240000,5.000000000,-19.62,-7.05,-14.57,-3.38,,READY
4177.mp3,254b7ea3bfeb72dbb76eaf038631ce7736e07b232b680d059cf1e3806748c841,48000,2,240000,5.000000000,-45.69,-31.56,-16.13,22.69,GAIN_ABOVE_+10_DB,READY
4178.mp3,6cb94477bf9e393d9dc2971dff598d3592c3f920e6609d540ab539474931e85e,48000,2,240000,5.000000000,-19.79,-5.77,-16.02,-3.21,,READY
4179.mp3,681b643b78a863cb47297c27bcddcf4b5b31ba84cf2a6a8ffca9312ee0fd154d,48000,2,240000,5.000000000,-45.51,-24.54,-22.97,22.51,GAIN_ABOVE_+10_DB,READY
4180.mp3,a65d2ac94825e75ea1aa68d2a68dd3d90f439368cecb14eda432340ad4d8dae0,48000,2,240000,5.000000000,-32.42,-22.78,-11.64,9.42,,READY
4181.mp3,711956d13bdabfa979c2ef776168e006bbb41c5b42a69111ad739872ed181b1e,48000,2,240000,5.000000000,-36.63,-16.41,-22.22,13.63,GAIN_ABOVE_+10_DB,READY
4182.mp3,4ed376862eda650dafc3574d8b4e2690b4c84a3f0b49b116f657df5dc9595390,48000,2,240000,5.000000000,-23.37,-11.29,-14.08,0.37,,READY
4183.mp3,cdd5f32969bdc39048776a00374a984a204127b742a1f93684f87891df68d04f,48000,2,240000,5.000000000,-33.07,-19.71,-15.36,10.07,GAIN_ABOVE_+10_DB,READY
4184.mp3,31957f1c1673488d9e8d0825dcdc4a06f15981b93f53ee06aab6b9b8904c5e87,48000,2,240000,5.000000000,-14.81,-5.16,-11.65,-8.19,,READY
4185.mp3,9759aac1b9ef98061aa7426ea8ca7391226db048ec2a9c166c8bdae179d35683,48000,2,240000,5.000000000,-47.99,-36.03,-13.96,24.99,GAIN_ABOVE_+10_DB,READY
4186.mp3,2f28e77e9a249756317b7d4b7f8d6d0f5e95de47700dcfa82731bd481f758c45,48000,2,240000,5.000000000,-13.26,-0.01,-15.25,-9.74,,READY
4187.mp3,c2269be2e67f995bc20d70b2178ba8254eb9e114b428f9a76a6fed9882a10deb,48000,2,240000,5.000000000,-47.64,-28.76,-20.88,24.64,GAIN_ABOVE_+10_DB,READY
4188.mp3,f98c411af75c2b2f69dbdca92a3ba4b8d2ea52b4282c7c5cab2a17f7160e6117,48000,2,240000,5.000000000,-17.47,-7.32,-12.15,-5.53,,READY
4189.mp3,abada82194eceeff4c809a17df504b660f6a21d90ec5004c5e83d7c283363151,48000,2,240000,5.000000000,-16.02,-3.13,-14.89,-6.98,,READY
4190.mp3,c6cfdbe91779dc4f03fbb5bab2fd5fdd1a0285e7b3c24303b488f3f3069fa7e1,48000,2,240000,5.000000000,-35.41,-19.55,-17.86,12.41,GAIN_ABOVE_+10_DB,READY
4191.mp3,e247e83af61ae9c9fa259e700627a7110289ed1c7430b128fe8d9b9b6a90b7f7,48000,2,240000,5.000000000,-26.44,-17.00,-11.44,3.44,,READY
4192.mp3,55d93487258a2809f0fbc1c274bfb8dadc544a59461365469b398d764612d58b,48000,2,240000,5.000000000,-31.80,-20.30,-13.50,8.80,,READY
4193.mp3,0b2393d2782ed509716b995e5d385e1181eb9d8f13ec8d13270f280ab183896a,48000,2,240000,5.000000000,-15.18,-7.56,-9.62,-7.82,,READY
4194.mp3,f7900fea0f7fa738c67b1138ccc544661e674270d5bde48c6d8139932549ae30,44100,2,220500,5.000000000,-23.40,-13.92,-11.48,0.40,,READY
4195.mp3,761cf226364690c87e485285752a3f4c31c9d2cff3f0b8a6c527a44b77d0e27f,48000,2,240000,5.000000000,-42.68,-26.70,-17.98,19.68,GAIN_ABOVE_+10_DB,READY
4196.mp3,80b52fcbe1d64e382d0ac218e0a76035116b5c027d1261ca33b73221f314e14b,48000,2,240000,5.000000000,-18.77,-6.88,-13.89,-4.23,,READY
4197.mp3,d4c39fe9cb1d072235c86c784b66b558a9a213269adeb621c414e91e6fd7cb52,48000,2,240000,5.000000000,-29.55,-9.65,-21.90,6.55,,READY
4198.mp3,8818aa68463ead33a353c7d3cb3f4515cceaf46651ef32784845e4e3b1a8c5f9,48000,2,240000,5.000000000,-23.88,-5.01,-20.87,0.88,,READY
4199.mp3,9201de3a14d2064f2aae0d0b52a922e10d6b2ae1c719d9c11302af84efdaf6c9,48000,2,240000,5.000000000,-18.45,-1.08,-19.37,-4.55,,READY
4200.mp3,4ad7cc056a6fe20461d94abd284f7ae9162e9bc60b4cdb48291b7f487376e121,48000,2,240000,5.000000000,-21.96,-4.01,-19.95,-1.04,,READY
4201.mp3,53a623691f79f0cbca4b768a07dc1135dcbbb240ff2fbecb065b22670f6ba8e2,48000,2,240000,5.000000000,-49.95,-40.07,-11.88,26.95,GAIN_ABOVE_+10_DB,READY
4202.mp3,64f84be6206e02cfe1f629b4a9fd7f95e422448418dfa6429e5ac5d0aaff4e8e,44100,2,220500,5.000000000,-16.46,-2.95,-15.51,-6.54,,READY
4203.mp3,3f3e354db16786e6555c05817eeee3cdb299cf490facd09064f965700116e75a,48000,2,240000,5.000000000,-52.52,-36.47,-18.05,29.52,GAIN_ABOVE_+10_DB,READY
4204.mp3,d1a7649faa7fa834041e8129ab7d309c62bd01236c7ff4c97698b6a66f56664f,48000,2,240000,5.000000000,-39.67,-25.26,-16.41,16.67,GAIN_ABOVE_+10_DB,READY
4205.mp3,899963875bda679e8cd00d4a23d827fdcf063529a5985e58922ad3431f54f7e4,44100,2,220500,5.000000000,-14.88,-1.66,-15.22,-8.12,,READY
4206.mp3,3a5359206c2e1889e5fcc36d20576da2a98561bfde053aef1b0286de3af202e2,44100,2,220500,5.000000000,-42.35,-25.90,-18.45,19.35,GAIN_ABOVE_+10_DB,READY
4207.mp3,4043833eda186457318d9a1b26da02856f4bf8ae0f5cd87d3f3fde5df4736b9d,48000,2,240000,5.000000000,-19.27,-4.30,-16.97,-3.73,,READY
4208.mp3,f765bc2c73c06f1c1911bb5667832d4ee9f7a3b8b7e25056a2cc917981d07595,48000,2,240000,5.000000000,-49.16,-37.14,-14.02,26.16,GAIN_ABOVE_+10_DB,READY
4209.mp3,e8a976b461edbf3f562c689d30586503cb05f37b3efd18c837ea8e403ca3c8f1,48000,2,240000,5.000000000,-23.44,-9.58,-15.86,0.44,,READY
4210.mp3,1cee0d2261cf6dee8624495b5e9f4c824414894e57322829477e632be14e4982,48000,2,240000,5.000000000,-16.08,-3.98,-14.10,-6.92,,READY
4211.mp3,e9df9c4176d99a25a5df4913607c17e644b136edce9d730f2cd836967a08e93e,48000,2,240000,5.000000000,-37.74,-30.71,-9.03,14.74,GAIN_ABOVE_+10_DB,READY
4212.mp3,e1223ca062a3684d047034331334bcb71d38169c8cbe00971fa92c38df811ab5,48000,2,240000,5.000000000,-24.66,-13.02,-13.64,1.66,,READY
4213.mp3,4db0a0afc2ef0fe8f793cd75292194c8321b9496b91fb8fff9d363f2cf0415ee,48000,2,240000,5.000000000,-33.81,-21.05,-14.76,10.81,GAIN_ABOVE_+10_DB,READY
4214.mp3,aa68ca9568ecb40733c97d54b3a4125202c68ee0bab27b1ce6308b3f1840376b,48000,2,240000,5.000000000,-22.34,-12.36,-11.98,-0.66,,READY
4215.mp3,420e86abf3751abdc6f540cfbbb7b0c352a7e4aa97c550101babdc1b3bb935e0,48000,2,240000,5.000000000,-42.30,-28.72,-15.58,19.30,GAIN_ABOVE_+10_DB,READY
4216.mp3,b7d35adf3428f9ce9009cc47aded1a1d898b3b6e6e525e343813df7c9aace98c,48000,2,240000,5.000000000,-24.64,-11.91,-14.73,1.64,,READY
4217.mp3,ca610ac04d567689f4c8b255a22372cf875424b71c9590fbcfe76d9fc14b977b,48000,2,240000,5.000000000,-40.26,-26.54,-15.72,17.26,GAIN_ABOVE_+10_DB,READY
4218.mp3,2d2f716b774260aa680fdf18ddcb72c9d4ab394b0de2e43c1477c3e856ff98ae,48000,2,240000,5.000000000,-29.09,-13.16,-17.93,6.09,,READY
4219.mp3,4cb6b3e82678bcc6e683917a05f9aff4cc76df6b11c583617f463861e70d0890,48000,2,240000,5.000000000,-46.68,-31.69,-16.99,23.68,GAIN_ABOVE_+10_DB,READY
4220.mp3,235d8f03ee0a48f9f7fbea565e309cd916617a0b7e6a2a016c8571995034a44c,48000,2,240000,5.000000000,-39.63,-28.02,-13.61,16.63,GAIN_ABOVE_+10_DB,READY
4221.mp3,cf9cc8e65f00ace14da369d05877696ad176befddc385924e156f24fbd600df1,48000,2,240000,5.000000000,-19.03,-0.62,-20.41,-3.97,,READY
4222.mp3,43165dc1bda9a02a75694124881dfc911c0b32d9b449a5bebc7c59f559967152,48000,2,240000,5.000000000,-62.77,-49.47,-15.30,39.77,GAIN_ABOVE_+10_DB,READY
4223.mp3,5c31c3bff82b7de01fc174a0bd8a5495f4dc4ce18c49f4c3af550f5c297a796b,48000,2,240000,5.000000000,-50.02,-38.08,-13.94,27.02,GAIN_ABOVE_+10_DB,READY
4224.mp3,c90b623d1e312818a78abcd507379d160c2bd050307b5ec031f7e2b9d879cd4a,48000,2,240000,5.000000000,-17.80,-1.92,-17.88,-5.20,,READY
4225.mp3,04d0a6bea83d0e4ea28d38c753860132d1a370933e492aeaffffeecc04800f95,48000,2,240000,5.000000000,-31.99,-16.61,-17.38,8.99,,READY
4226.mp3,bfd5c24eb1fddd428978354509eb564a61fdbd80cd00be41884889ed0a3b088e,48000,2,240000,5.000000000,-27.67,-15.29,-14.38,4.67,,READY
4227.mp3,f2b462777acfc7c9f28e6d8d82366752efc591371c6097cb833d0ba4b352a40d,48000,2,240000,5.000000000,-13.91,-0.75,-15.16,-9.09,,READY
4228.mp3,0f5f143f6dc21906acc04f593d5164b8468169831c0492580aa7f393eb8229f3,48000,2,240000,5.000000000,-28.02,-11.88,-18.14,5.02,,READY
4229.mp3,ae3bbcd22d3884d1f046a641eb9c6ca21cc75bc2c75f748b2bba0d0210a55669,44100,2,220500,5.000000000,-19.69,-3.22,-18.47,-3.31,,READY
4230.mp3,f591a4eef139c68b1c0e751ba7352c39cc517ddeecc98a29dd818148942dd755,48000,2,240000,5.000000000,-21.21,-3.58,-19.63,-1.79,,READY
4231.mp3,3375e1eda0bc45d507ef4a1b908cb71b058fac8c393161225ba14f05914724ca,48000,2,240000,5.000000000,-26.33,-11.14,-17.19,3.33,,READY
4232.mp3,8f3c6217558bded87a650af85d3f26cf937775f245b747bc5fe591723b285d77,48000,2,240000,5.000000000,-14.19,-7.70,-8.49,-8.81,,READY
4233.mp3,af20ca963ad429444aec6c1c70d3296c0e6aec3aa68f5373662fffab1aaacded,48000,2,240000,5.000000000,-21.43,-6.68,-16.75,-1.57,,READY
4234.mp3,fe3e7b8a0018a35957149b4a68341e40e08d558226fb6fe0ce2cc07c07217858,48000,2,240000,5.000000000,-29.59,-17.20,-14.39,6.59,,READY
4235.mp3,63aef05c9064b6e6426715bcc6bc73c04b0279d706885bc2c7091a09d0d7b603,48000,2,240000,5.000000000,-21.51,-0.52,-22.99,-1.49,,READY
4236.mp3,3d80e9249c7c5898cb17035f82f3a706d4062f021a98cd5a67b5dc275c2c3a6a,48000,2,240000,5.000000000,-14.18,-1.53,-14.65,-8.82,,READY
4237.mp3,5f89875944fc22f9f791fd3464c07a3a3f5056ede3a34491a2a07b95dff7e4b6,48000,2,240000,5.000000000,-26.10,-11.40,-16.70,3.10,,READY
4238.mp3,aa50f507d37b3b82b8855d303e009c5ed0f6a92d7568ae6cee1d902c1f72f0f1,48000,2,240000,5.000000000,-22.01,-4.03,-19.98,-0.99,,READY
4239.mp3,47eddc18169b9004393a3fd2ca7b4849d341d1b802be16560826df7602f74d21,48000,2,240000,5.000000000,-12.16,1.23,-15.39,-10.84,ATTENUATION_BELOW_-10_DB,READY
4240.mp3,270582797e1f7b602783e140ad80dd2fd062a6ba98497870e39540b06ff8b282,48000,2,240000,5.000000000,-16.29,-2.43,-15.86,-6.71,,READY
4241.mp3,3d64fa6782c781482deaf3b277e4dcfb5a17b236d2a59a40926aaacd75fb9a98,48000,2,240000,5.000000000,-25.15,-4.96,-22.19,2.15,,READY
4242.mp3,bd702b4dabce3a9eddce8f926f2de21aee3543b0f2698a926a1743d0e487fab2,48000,2,240000,5.000000000,-41.23,-28.12,-15.11,18.23,GAIN_ABOVE_+10_DB,READY
4243.mp3,d25cd6461cbb06ecddd4525dc10bf83fb33717b4f7afaac4715527233bcbbc52,48000,2,240000,5.000000000,-26.58,-13.54,-15.04,3.58,,READY
4244.mp3,d1b8f0b1697d0b4d5ee42a1f5b3a9931a897b1d4b38da4f9ac30d38b8ea43ee8,48000,2,240000,5.000000000,-19.25,-2.28,-18.97,-3.75,,READY
4245.mp3,8ce70fc3f31136e291e8a62c3e5319fe7e3fd1d415450df9873ae0fc090e488c,48000,2,240000,5.000000000,-45.96,-27.63,-20.33,22.96,GAIN_ABOVE_+10_DB,READY
4246.mp3,7621c9f4032ed210ea00d8bbdd4dcde6af7659db3e5435a631a2745d3e67c319,48000,2,240000,5.000000000,-16.55,-1.59,-16.96,-6.45,,READY
4247.mp3,bc8b88308b342be33ec2b3118ed26751f55aacc5871377472af3a70bc6e7c2e2,48000,2,240000,5.000000000,-26.84,-12.90,-15.94,3.84,,READY
4248.mp3,c67870a8ba9d5b75806b1ccf19a1dbc984e64c8cb33551b9fb42ac29b5d770dd,48000,2,240000,5.000000000,-41.19,-31.13,-12.06,18.19,GAIN_ABOVE_+10_DB,READY
4249.mp3,3c0ca8fc48ac38d2ec129e40ff144ca108d9db686ee973b0194ae2fb86c19bd8,48000,2,240000,5.000000000,-32.16,-17.65,-16.51,9.16,,READY
4250.mp3,59df86f69ad102d778bd0f5a69c963491b5195f9ee7260a1d41597d90e7f270e,48000,2,240000,5.000000000,-33.90,-21.81,-14.09,10.90,GAIN_ABOVE_+10_DB,READY
4251.mp3,5877f2fdae1494e2c3106aba908f3570ca145288b93367cd0fbdf5373100d178,48000,2,240000,5.000000000,-13.55,-0.92,-14.63,-9.45,,READY
4252.mp3,d8fbe3dc2b1e63c3db02a8277bf95b3da8c9433c2d44462dd3232e369c9a3a8c,48000,2,240000,5.000000000,-37.49,-23.56,-15.93,14.49,GAIN_ABOVE_+10_DB,READY
4253.mp3,63bec8902b37d7ab520cf5a0aeca8a71c4b98903550a50718bb0bf7bccc65993,48000,2,240000,5.000000000,-25.79,-7.27,-20.52,2.79,,READY
4254.mp3,ec714a1ee988ad12c02c9588d1d2fe0c43643f0adeb2a10e31f5c3f80127418f,48000,2,240000,5.000000000,-39.64,-14.28,-27.36,16.64,GAIN_ABOVE_+10_DB,READY
4255.mp3,bbde0eedba4813f6884d9d61c0b1dfb2f6b95bd8a0cd2adca35b27acf91716ff,48000,2,240000,5.000000000,-33.12,-15.28,-19.84,10.12,GAIN_ABOVE_+10_DB,READY
4256.mp3,73bfbd9e995274e71f0827b1e7d98aa75d96cfd95667107fdd06aace76656369,44100,2,220500,5.000000000,-22.56,-8.48,-16.08,-0.44,,READY
4257.mp3,a7c7266656c401427c32c15915a984262edccaa9ac382b52ade63ca23ad387ad,48000,2,240000,5.000000000,-28.73,-13.65,-17.08,5.73,,READY
4258.mp3,7b2ee0f301f09d71e92c50acf968a4f569de73fe5d967276ec331f700bcfcb8f,48000,2,240000,5.000000000,-19.24,-6.02,-15.22,-3.76,,READY
4259.mp3,ca441ce3c36342172a3c90a381d803e5ff869619ed400f10913fa461605fd3c0,48000,2,240000,5.000000000,-37.07,-24.68,-14.39,14.07,GAIN_ABOVE_+10_DB,READY
4260.mp3,c20e2afd6a415b6fbc8b5f61f7093bf70995e2ffe486bb8c6d21644350dbb564,48000,2,240000,5.000000000,-16.13,-4.40,-13.73,-6.87,,READY
4261.mp3,f7a269ab976c661e16ed620a682ae2b9e3825fb38adca083a3195e77a678c5d2,48000,2,240000,5.000000000,-21.12,-5.87,-17.25,-1.88,,READY
4262.mp3,f6fcd0b7cccc67d9e5523b6bb0b00f8d4021f48ae96e249a6484c453860148ee,48000,2,240000,5.000000000,-20.86,-10.34,-12.52,-2.14,,READY
4263.mp3,296ef9fd377393530d46c8a169e574639d40e0c2d0747b22c06f973ff699fffd,48000,2,240000,5.000000000,-20.42,-8.62,-13.80,-2.58,,READY
4264.mp3,b4357f9cb7a6b5524202e51cc11aef6c04edacbdcca847cf8c4c37a9f0507d5b,48000,2,240000,5.000000000,-31.90,-14.63,-19.27,8.90,,READY
4265.mp3,f6480225c3c82f950eee179f6d4119ac5cc0ebddccb653c6b0f9635b85e2d7c0,48000,2,240000,5.000000000,-23.88,-10.33,-15.55,0.88,,READY
4266.mp3,aa396d7b80df4f4a63301da8cd07aa36954b6dab4b3ffa850540de064b20d4c5,48000,2,240000,5.000000000,-26.71,-8.98,-19.73,3.71,,READY
4267.mp3,dcd9ac6dc74fd9b892488f83b1f05c1e46d149a088449b2e74e1717c3f3ab365,48000,2,240000,5.000000000,-48.18,-36.24,-13.94,25.18,GAIN_ABOVE_+10_DB,READY
4268.mp3,dcf8e92cf11c196d84631de32c69d958f818f5bdceaea691f165f451316b9a18,48000,2,240000,5.000000000,-42.36,-33.48,-10.88,19.36,GAIN_ABOVE_+10_DB,READY
4269.mp3,7d378b17627d86ae4d2122ae19e63475cc5c23e5b0d4602abb6079b4aee332c4,48000,2,240000,5.000000000,-32.57,-20.48,-14.09,9.57,,READY
4270.mp3,7b7c7c8a4d3d8b41156014cc91ce3c41dcff13272db92d5dc1bf29cc4057a388,48000,2,240000,5.000000000,-56.41,-38.31,-20.10,33.41,GAIN_ABOVE_+10_DB,READY
4271.mp3,3bfb09dca7d7f5c7bd4012412d8c738d198e4016049f495ba34be541323469f2,44100,2,220500,5.000000000,-24.29,-11.28,-15.01,1.29,,READY
4272.mp3,c514186388eed96101a2c986c72cdde649f9a91d3c1c10b315dac8dcdaf09c9b,48000,2,240000,5.000000000,-20.83,-3.94,-18.89,-2.17,,READY
4273.mp3,eff804abe797061e009550b1624ec11dc152c896f43b649a941f0c8e4e301b8d,48000,2,240000,5.000000000,-14.98,0.69,-17.67,-8.02,,READY
4274.mp3,349d99472aef934c9a454d03f225ef5084b14fa1d66f04898de47f43f1e8561c,48000,2,240000,5.000000000,-10.96,0.45,-13.41,-12.04,ATTENUATION_BELOW_-10_DB,READY
4275.mp3,47c85d1d52b0494673e9ee26013b6d781e8ddcafa64b92fc50f3f28fba4ddf81,48000,2,240000,5.000000000,-30.62,-12.83,-19.79,7.62,,READY
4276.mp3,ea1b041bafc3c0765643ac5ef15313898815b083450ad175d83816b33a769bb5,48000,2,240000,5.000000000,-16.30,-2.96,-15.34,-6.70,,READY
4277.mp3,85b1b82e4a29592e33e245dcc2e88603bed5de7758133524b05344745b3e94db,48000,2,240000,5.000000000,-24.12,-1.38,-24.74,1.12,,READY
4278.mp3,6647d9670505a5164ddf27f2b60de1a6a933afd03094c2a76fe797cfe24e3cbd,48000,2,240000,5.000000000,-29.48,-15.24,-16.24,6.48,,READY
4279.mp3,39883b07d12dc4af34d97311378d3f6d917c48a1d609a834450441e1547d9186,48000,2,240000,5.000000000,-30.68,-19.01,-13.67,7.68,,READY
4280.mp3,9fab6c52d03bdb15bf84a4d2c7b222accbb89e10331679bdb1736ccaad8573e4,48000,2,240000,5.000000000,-21.96,-8.92,-15.04,-1.04,,READY
4281.mp3,aa0103cb7ab54b644e63d670f4b3c5b578b724ee518622c0c8fa7c7544293baa,48000,2,240000,5.000000000,-28.43,-15.11,-15.32,5.43,,READY
4282.mp3,0b5439a85152126c56492b4a7eb421013ef2514357dc7114a1b91847a8d4cfbb,48000,2,240000,5.000000000,-12.42,-2.45,-11.97,-10.58,ATTENUATION_BELOW_-10_DB,READY
4283.mp3,f845244b695af0c2880bf0290a53c72f6efc08f3eccd0c9be06fd617b970279e,44100,2,220500,5.000000000,-16.28,-2.70,-15.58,-6.72,,READY
4284.mp3,7f3e550d507dcffddea759e102ba6a01169e1f0d2d67313b05bfcab5f53d37eb,48000,2,240000,5.000000000,-21.75,-7.60,-16.15,-1.25,,READY
4285.mp3,51a483b77e73d521c8713bf862e46eb9ba0c98ebf907087f26cb1faef6ce6607,44100,2,220500,5.000000000,-21.51,-8.20,-15.31,-1.49,,READY
4286.mp3,9588fc86fb489084c4369ce281708619eec2ca93e8f24e87bba8cd990655a8a9,48000,2,240000,5.000000000,-27.45,-14.79,-14.66,4.45,,READY
4287.mp3,ba4837ef92e8256ef541784c4831ed9d755d667094e11676cfb6e09ae9c0aac0,44100,2,220500,5.000000000,-33.45,-18.81,-16.64,10.45,GAIN_ABOVE_+10_DB,READY
4288.mp3,77a3b0b82039fcbef06a339e9858793829226838212da7a555aca87e4bbbbc29,48000,2,240000,5.000000000,-30.44,-11.85,-20.59,7.44,,READY
4289.mp3,2d5b2f637100ab33648f134657df32e8f0fb713b50cd565859ab7b5ea4929f95,48000,2,240000,5.000000000,-27.78,-10.72,-19.06,4.78,,READY
4290.mp3,40cb84ce9ae79bb5814ae4a76017071e14fc08f9e04757e08b948deba62f46fa,48000,2,240000,5.000000000,-14.75,-1.92,-14.83,-8.25,,READY
4291.mp3,3b825da834545bc5de56f7459eab8bc170cc489720a555910ea52d4b7720b242,48000,2,240000,5.000000000,-22.44,-8.67,-15.77,-0.56,,READY
4292.mp3,86b11cdbbbbc780f79e56c238fc1253ccc0ed737bc5e843a7c7f01731c880cbe,44100,2,220500,5.000000000,-18.75,-7.79,-12.96,-4.25,,READY
4293.mp3,dd35b52b66fbb1f3cb892c58ca11537790601ee983187c091d343533a4999cf6,48000,2,240000,5.000000000,-20.99,-7.52,-15.47,-2.01,,READY
4294.mp3,67c13781b72ad9ccd42346a10f6404eb37450093c9e5cabda69564bf4e3b3211,48000,2,240000,5.000000000,-16.44,-1.20,-17.24,-6.56,,READY
4295.mp3,8778dad81650bd6e85ce0956125995ed487c245ec5175664e45d0661f15127e4,48000,2,240000,5.000000000,-21.91,-4.91,-19.00,-1.09,,READY
4296.mp3,9aa51d7876b786fa388d94448ba8bc1f8c057473bc8e40db720ca2eaa2462333,48000,2,240000,5.000000000,-27.55,-15.69,-13.86,4.55,,READY
4297.mp3,fd6cb051d9d78d0813fe7843419bc0c4861f83c0526af5a3a2adb5f93ab4bacc,48000,2,240000,5.000000000,-45.54,-31.22,-16.32,22.54,GAIN_ABOVE_+10_DB,READY
4298.mp3,219ba5dece61adcf1ef42ba12c691f79b5d984ecfcdf77ba55395a0e28f3817d,48000,2,240000,5.000000000,-37.59,-25.77,-13.82,14.59,GAIN_ABOVE_+10_DB,READY
4299.mp3,bfc0b49e51315e8640505240ba23e4fc33d4e3541f6c041a3a0b6d352022695d,48000,2,240000,5.000000000,-29.59,-16.05,-15.54,6.59,,READY
4300.mp3,8c41763ab302855939611e58b2788694bd00a35bfbf59d491ef39212ad7d8948,44100,2,220500,5.000000000,-39.19,-30.46,-10.73,16.19,GAIN_ABOVE_+10_DB,READY
4301.mp3,86bfe6a8d90a5dc576324315cb7e03608e089e3e950fc7ec90fc4389348575b0,48000,2,240000,5.000000000,-15.53,-1.98,-15.55,-7.47,,READY
4302.mp3,c99af717123eb7727b6fd47e704d587aeac73fd8977d9f9a033ca24befb68235,48000,2,240000,5.000000000,-59.94,-46.71,-15.23,36.94,GAIN_ABOVE_+10_DB,READY
4303.mp3,33efe8d95d7721171f7c974314ce0399fad7107c8ee469de8799a1b46e396251,48000,2,240000,5.000000000,-23.84,-10.28,-15.56,0.84,,READY
4304.mp3,89d53037ee4319ea733bb671d130fc9b5766740d851261f70c47509c86b7f89c,48000,2,240000,5.000000000,-31.06,-17.39,-15.67,8.06,,READY
4305.mp3,f7a2a448ca4ed211286c1a38b9b49d7cf5e6b0aa68a90e226774b69b917f2883,48000,2,240000,5.000000000,-58.11,-45.29,-14.82,35.11,GAIN_ABOVE_+10_DB,READY
4306.mp3,4c737570f630da14d841a26064689899b841302352864b3b98e16df0648ef8fb,48000,2,240000,5.000000000,-20.88,-4.64,-18.24,-2.12,,READY
4307.mp3,db3d89ea91ca1cbc213e47ea469f6416745e65c1a3b4c41f5751c996ef1a6ed4,48000,2,240000,5.000000000,-30.23,-15.40,-16.83,7.23,,READY
4308.mp3,2d1274c63058e88621d1006407130d4b4477cb5338be42a86b94fc532c4929ee,48000,2,240000,5.000000000,-13.69,-4.51,-11.18,-9.31,,READY
4309.mp3,6f9dbd3d36ceeaa486856675292d912aac9a978781aebb4b92341b9a68973358,48000,2,240000,5.000000000,-32.91,-11.93,-22.98,9.91,,READY
4310.mp3,7d99640952eb29e87762f32005363e3b5a0cf38731537184bf2a8668b47f406d,44100,2,220500,5.000000000,-13.45,-2.14,-13.31,-9.55,,READY
4311.mp3,5d2fc151ff0d89e68bc2d677f7fcdb0415dccc51553327002bea6fbed61696df,48000,2,240000,5.000000000,-30.88,-12.63,-20.25,7.88,,READY
4312.mp3,9a13002c904559da6c938357b26cf9b484b5f987976cab45d7a541df4befcfa1,48000,2,240000,5.000000000,-36.86,-21.23,-17.63,13.86,GAIN_ABOVE_+10_DB,READY
4313.mp3,a30ad60f5222b8e65d1c2934c4d3d67db24b8f7d1f742e7725ba695f970d5bc7,44100,2,220500,5.000000000,-33.41,-19.32,-16.09,10.41,GAIN_ABOVE_+10_DB,READY
4314.mp3,1c6687cd3b2ed16a69fc57b8544bb2a406ab657ea669c61db4a7232d3f902a6e,48000,2,240000,5.000000000,-60.06,-40.55,-21.51,37.06,GAIN_ABOVE_+10_DB,READY
4315.mp3,c8db756b303a992d6ba710b48c5334c4eb08a1c653bf143b2c5ba12e3e414ea8,48000,2,240000,5.000000000,-46.63,-31.65,-16.98,23.63,GAIN_ABOVE_+10_DB,READY
4316.mp3,a5d9f62ce1511330d7d6b74eaa9e27b350a98f150ef37903e92786bc0eb59612,48000,2,240000,5.000000000,-42.41,-28.57,-15.84,19.41,GAIN_ABOVE_+10_DB,READY
4317.mp3,e42fdf309c59ec0ec0bfbf46ab1f03f541eb5616fbcdc62ac0691b8d3143870c,48000,2,240000,5.000000000,-22.12,-5.33,-18.79,-0.88,,READY
4318.mp3,61388195c506bd308ff80ad3e14f96f1049f58af3ec3e32b92224124a7ca1638,48000,2,240000,5.000000000,-18.02,-4.48,-15.54,-4.98,,READY
4319.mp3,3264a69f70bbeb1d0b80830b5149e32db5a1bdff7a1bf0a77a25585016ffe092,48000,2,240000,5.000000000,-22.81,-8.56,-16.25,-0.19,,READY
4320.mp3,6827d5f7a01d5fb19e4de08e8b03a5167fba305825dad9094537b22750ccdb66,48000,2,240000,5.000000000,-27.45,-13.37,-16.08,4.45,,READY
4321.mp3,7233a4d8bcc038bd44970db92bfab11ff2c66d0e017c8f72732184049ff45a7e,48000,2,240000,5.000000000,-44.20,-30.75,-15.45,21.20,GAIN_ABOVE_+10_DB,READY
4322.mp3,586570eb46a8aaf84f1bd94d1b3a286ab26aaaa237ee9ab4dfb9e1935a8077be,44100,2,220500,5.000000000,-38.95,-18.14,-22.81,15.95,GAIN_ABOVE_+10_DB,READY
4323.mp3,679172cc3b9f577c63904d518712acc2daeed4ee5d27e3a2880fde6dfb971d35,48000,2,240000,5.000000000,-50.61,-37.68,-14.93,27.61,GAIN_ABOVE_+10_DB,READY
4324.mp3,a744931599138cbbf44f01b4ddfb4ed154ae64c0ff0ca2577c3ed7126c91cab2,48000,2,240000,5.000000000,-11.73,-0.41,-13.32,-11.27,ATTENUATION_BELOW_-10_DB,READY
4325.mp3,865c0ffa3319041ed90cb1a23c7de1af20a32b9137416043eeb8602b845e4309,48000,2,240000,5.000000000,-12.94,-0.10,-14.84,-10.06,ATTENUATION_BELOW_-10_DB,READY
4326.mp3,fddaa32fac46fa82c48c5cb06647d323c4028406306c75bab89aba1e86e47684,48000,2,240000,5.000000000,-27.57,-15.51,-14.06,4.57,,READY
4327.mp3,f1eae47bcdc13cb4750dad041477d58be4ac615ebbcdfaa9a493ec5103cda30f,48000,2,240000,5.000000000,-18.85,-6.64,-14.21,-4.15,,READY
4328.mp3,4af3c55a2f78fab176e0abb122823137e945e09549f1aafdf38237d262f022d4,48000,2,240000,5.000000000,-16.31,-4.50,-13.81,-6.69,,READY
4329.mp3,665667889d7391056b17181138c92e36d889cb90cdc74a93347f6395f0694979,48000,2,240000,5.000000000,-19.01,-4.57,-16.44,-3.99,,READY
4330.mp3,d3befc4dcfc97b8c056d74e8d0bb6d67050196f66a1dfcf92395253ac5b9ea78,48000,2,240000,5.000000000,-17.21,-5.79,-13.42,-5.79,,READY
4331.mp3,772fd52a4cbfb0bc25a219146e7e3de10a5783a0279bcf7361441ac3eb878483,48000,2,240000,5.000000000,-24.12,-9.48,-16.64,1.12,,READY
4332.mp3,d4696e2bd09f4c809beec774c6b8af3b3789988ada0801c6f6bb10c693a189f9,48000,2,240000,5.000000000,-14.29,-2.20,-14.09,-8.71,,READY
4333.mp3,ea57ee543f0a6e6f076473b294ba6d00a1c80f588294aac3cd88161e4718a22b,48000,2,240000,5.000000000,-14.77,-3.75,-13.02,-8.23,,READY
4334.mp3,14d1452da97462d68019974ccfc5d4efaec0870f0f1ca822974daddc575cb837,48000,2,240000,5.000000000,-53.64,-39.68,-15.96,30.64,GAIN_ABOVE_+10_DB,READY
4335.mp3,a756512ff5b86a8753ddf40cca0c87647dd0b9799f0b2b93778b49099688d561,48000,2,240000,5.000000000,-22.60,-7.12,-17.48,-0.40,,READY
4336.mp3,28fdb2f0b0e02addf004dce64a11602aeea6c83e13ef15c0baf7be6f65162fd7,48000,2,240000,5.000000000,-32.96,-19.48,-15.48,9.96,,READY
4337.mp3,f6d4180fffd5f09b5604807d541948bb4a45967c0605c5a0b759b8ebf0ac7898,48000,2,240000,5.000000000,-29.68,-13.52,-18.16,6.68,,READY
4338.mp3,f9196c77e4586721f66843184609f485d189d778a087b3d5961c0cd167390638,44100,2,220500,5.000000000,-8.27,0.61,-10.88,-14.73,ATTENUATION_BELOW_-10_DB,READY
4339.mp3,fa21877990a674d98d4f22c5421450121bafd5908fba670892816035d47c070e,48000,2,240000,5.000000000,-18.59,-1.32,-19.27,-4.41,,READY
4340.mp3,0587fda10ba9ff5140485b86b03e361fad198fd2612a8fdd35b891c507959203,44100,2,220500,5.000000000,-25.58,-12.51,-15.07,2.58,,READY
4341.mp3,d264cb2839fc2e9e36f591d16143ab55d0c7ac589e0218049cf4abb1c7dae42e,44100,2,220500,5.000000000,-30.45,-16.02,-16.43,7.45,,READY
4342.mp3,8562a6eae99c3d26ae82c640aa0fdcf270e04f2aed7aafb0af5d0158ff560de8,48000,2,240000,5.000000000,-25.83,-11.51,-16.32,2.83,,READY
4343.mp3,6675fff76f2a7589c90ab5635802aa9f9c1bda94aa76571354dd68c0ff8fa49f,48000,2,240000,5.000000000,-16.97,-4.58,-14.39,-6.03,,READY
4344.mp3,9885a6bfe9fd2de0075e8314121b2b8a1c5c2642854186ee3c2ff85008ed0a60,48000,2,240000,5.000000000,-28.38,-17.04,-13.34,5.38,,READY
4345.mp3,c464d106e0cb54a8f6cc23c18d299c56d13c43e150b812d4e53b41f7da160a32,48000,2,240000,5.000000000,-63.32,-46.76,-18.56,40.32,GAIN_ABOVE_+10_DB,READY
4346.mp3,6c8ec7e72c2d2ddd4bc2134459305b326aa77c5dd6976b58633a6d325220e2c0,48000,2,240000,5.000000000,-18.94,-4.53,-16.41,-4.06,,READY
4347.mp3,611b763cec71273f577e5d649473c00cdf2f424f2eb35e4bbdfcecb62368f121,48000,2,240000,5.000000000,-41.70,-30.05,-13.65,18.70,GAIN_ABOVE_+10_DB,READY
4348.mp3,7f9ed369f4b6bc9d73f1624eecdeccb9213b3a75869a1dcbf7c5745956d4b501,48000,2,240000,5.000000000,-12.92,0.18,-15.10,-10.08,ATTENUATION_BELOW_-10_DB,READY
4349.mp3,9ea62e58cd755c9b2302f2b90b40ab040da1c15e05871f317229cf6bd64034bf,48000,2,240000,5.000000000,-25.65,-5.78,-21.87,2.65,,READY
4350.mp3,3072bb4ab05d8f39f062174f0085d900c94768b3cf77fc4e4109d96a66cb7ce1,48000,2,240000,5.000000000,-14.78,-1.01,-15.77,-8.22,,READY
4351.mp3,16fd98111d7e85e5478773592c7c4a49d525ef8c83949bcd2444f22139b844d8,48000,2,240000,5.000000000,-19.02,-5.77,-15.25,-3.98,,READY
4352.mp3,6c9f7858f961b594cd2d83f31351bad4ed6b48318e2b601e447fd2d70c73723f,48000,2,240000,5.000000000,-49.54,-36.39,-15.15,26.54,GAIN_ABOVE_+10_DB,READY
4353.mp3,3e599337ffffd2bbade8523df4cbf4caebb19bca4b15b5d7836ac1763ef55556,48000,2,240000,5.000000000,-31.69,-20.63,-13.06,8.69,,READY
4354.mp3,0c25a4ffefe8382ce54fa557e9ce61bea89395a7dccaa5dc526614cf0218cdf6,48000,2,240000,5.000000000,-44.52,-30.69,-15.83,21.52,GAIN_ABOVE_+10_DB,READY
4355.mp3,7aa57d57d1efa55962a692babd34a01bfc32fc3ddf933e5d303ad9d60bed99c6,48000,2,240000,5.000000000,-32.97,-18.37,-16.60,9.97,,READY
4356.mp3,8a8bb417efb08eb7231adacae4008a38d16c1ac848b282e5ff80ec483e45bfaf,48000,2,240000,5.000000000,-18.63,-6.66,-13.97,-4.37,,READY
4357.mp3,97354ffc8d5c7f20e951e5222075d8c736263ca3e509c1419430383273ecd54f,48000,2,240000,5.000000000,-30.42,-14.44,-17.98,7.42,,READY
4358.mp3,3e89de3b1b6e4da3bcdd7203c927283563f45c5e53ef4a71a2e1d4dd655fae9e,48000,2,240000,5.000000000,-15.28,-0.22,-17.06,-7.72,,READY
4359.mp3,75cf2792093a5b2955597982a28312017b4a6e39c627135780dffb5d8b771853,48000,2,240000,5.000000000,-20.80,-7.98,-14.82,-2.20,,READY
4360.mp3,39e5987dbd473eb21626c732bf4c8575737fba59687bbebf734aeba4dff1e627,48000,2,240000,5.000000000,-18.86,-7.58,-13.28,-4.14,,READY
4361.mp3,a3f1fecfe7bf5387bf437175ff0680c8cfd4c39dc167cea9905d9ab9c9cd1dab,48000,2,240000,5.000000000,-22.81,-9.43,-15.38,-0.19,,READY
4362.mp3,4e1015df8a968c1e292175ebcd962b6540fc559444dc2d2baa810cadc787ac49,48000,2,240000,5.000000000,-41.20,-26.36,-16.84,18.20,GAIN_ABOVE_+10_DB,READY
4363.mp3,5b37f94ebad5b9ff98d6ab5c6944c647d796269f814d6b73af117204190ec9db,48000,2,240000,5.000000000,-21.56,-5.58,-17.98,-1.44,,READY
4364.mp3,c3750c6662ff8833c41a52c6dcc890b559d79f284d7973f51003707e65995460,48000,2,240000,5.000000000,-23.21,-11.06,-14.15,0.21,,READY
4365.mp3,ac985b17648e1b1ecbb961946811e4dadeec59501d9851f24716a40a7b259d6b,48000,2,240000,5.000000000,-20.45,-6.39,-16.06,-2.55,,READY
4366.mp3,099145c2bb9701ca1a2921311b9ff99e5a6511ee15d232a3f78408061684587f,48000,2,240000,5.000000000,-22.22,-8.12,-16.10,-0.78,,READY
4367.mp3,bd7ee69e37811f0f9e8e3c61d56858eef6d17849a1abd5ca6f16cf7fed7f3c91,48000,2,240000,5.000000000,-18.44,-2.81,-17.63,-4.56,,READY
4368.mp3,ea49e903a0863710fe95d1c42c2b9bce8c340e594b04a934540cf7a7e737f0cf,48000,2,240000,5.000000000,-17.83,-2.64,-17.19,-5.17,,READY
4369.mp3,464aa91183e58d777c6cddd0cacb87e9a63242f79c542d0452a24c3f947265f9,48000,2,240000,5.000000000,-28.28,-7.29,-22.99,5.28,,READY
4370.mp3,544d35ec92c2579cab846c62150a0a3c451789fbc755b70805e7f3c08de62775,48000,2,240000,5.000000000,-16.72,-3.30,-15.42,-6.28,,READY
4371.mp3,17348bf4399c22b544bb82fa38018f705d606564cebe0c0210b7113b579847fd,48000,2,240000,5.000000000,-32.66,-17.76,-16.90,9.66,,READY
4372.mp3,48b5fd176eae9ba934363d264ff72e984231b0b65473976e97576195992679c5,48000,2,240000,5.000000000,-10.11,-1.19,-10.92,-12.89,ATTENUATION_BELOW_-10_DB,READY
4373.mp3,ccc2238c77913f5ed1e4787b7743ebd09c588dc20de43df1dab76913a8b53269,48000,2,240000,5.000000000,-24.90,-7.81,-19.09,1.90,,READY
4374.mp3,c9b89bce09a6b3d93159c777d87b84381cdfd0e56f9f853a5d7d202e3ffa2daf,48000,2,240000,5.000000000,-28.29,-15.00,-15.29,5.29,,READY
4375.mp3,d2ca26b88f56235b5e325505d27ea43d9249d5a67cde985135ca7458ad3c2888,44100,2,220500,5.000000000,-28.33,-15.91,-14.42,5.33,,READY
4376.mp3,d1a476aeeb996b3f6b4f680a6435a8496419c96c3776dcd8b7ddc04f342936fa,48000,2,240000,5.000000000,-29.38,-15.89,-15.49,6.38,,READY
4377.mp3,e8c62803ea51feab81ee59290958c2b76dfb63f6acc08dfc1862eef60b9c60a9,48000,2,240000,5.000000000,-19.66,-7.46,-14.20,-3.34,,READY
4378.mp3,2be92f2d8ce30eecda6e8f8158c687690dc81d1a3221050ea99710f58287fd33,48000,2,240000,5.000000000,-18.36,-4.19,-16.17,-4.64,,READY
4379.mp3,dd3404f81e0846804a7bf5ffb7ee406bdeff5d1b556d0f2cbdd1f79f2c56bc33,48000,2,240000,5.000000000,-33.64,-19.43,-16.21,10.64,GAIN_ABOVE_+10_DB,READY
4380.mp3,819cc8320dbe425d543912ff5efbf26af8999dfeb8932a54721f1568c330968d,48000,2,240000,5.000000000,-21.13,-8.06,-15.07,-1.87,,READY
4381.mp3,df6e7625131ee1307c19a366f57321466c17d6332f465974c49c565c71f354b0,48000,2,240000,5.000000000,-15.93,-5.01,-12.92,-7.07,,READY
4382.mp3,4843846d145cb6151391abe9b982cbb58afa4ed4143734dd52168cad72a07daa,48000,2,240000,5.000000000,-12.61,-0.18,-14.43,-10.39,ATTENUATION_BELOW_-10_DB,READY
4383.mp3,461f649ec44296d564d7b672e2b198afe61e8f9e591f6a11f89bdf7eb0efff71,48000,2,240000,5.000000000,-33.00,-18.74,-16.26,10.00,,READY
4384.mp3,e92d1d65f3f8fffeebf2d448b5588bd8ef6f5a4089ef09342a6bc6b4bacf1d5e,48000,2,240000,5.000000000,-26.62,-11.66,-16.96,3.62,,READY
4385.mp3,404d37e2156d7ca6160cccca4bc291f0ace63c66b658c415cc2881d32ad05566,48000,2,240000,5.000000000,-22.77,-8.16,-16.61,-0.23,,READY
4386.mp3,f3262c60807060bf279bb65c74e2a04717595b51a11a62491e53bde04cdff19c,48000,2,240000,5.000000000,-32.78,-19.67,-15.11,9.78,,READY
4387.mp3,37156dd7caf00ddd9ab59a2b4e7e983547af2d2ff825e6c9a182ebca1ecfcf82,44100,2,220500,5.000000000,-13.09,-2.30,-12.79,-9.91,,READY
4388.mp3,826890b181d73a69102d4b40b92ddf274d63b1a912c5eff7a0b679aed3758608,48000,2,240000,5.000000000,-49.98,-37.38,-14.60,26.98,GAIN_ABOVE_+10_DB,READY
4389.mp3,292ad243589bf5b670d23110c2bc0a36246986e10af8cbd348d75d25f5f4bb08,48000,2,240000,5.000000000,-19.39,-9.38,-12.01,-3.61,,READY
4390.mp3,4d3086b0f1cf95bfa77c8b9d95c7f9fc2652f15a6d387f4eea84959e7942a9f7,48000,2,240000,5.000000000,-16.94,-4.13,-14.81,-6.06,,READY
4391.mp3,750dd4de9b6420f238f1faae264c6a03a05f9eadbeb188fac2ffd9bc177ac755,48000,2,240000,5.000000000,-27.05,-14.59,-14.46,4.05,,READY
4392.mp3,b5ad3c5f7620d5956c5cfca9d6c3f2acf47293c752fd107b270c28371f0614c4,48000,2,240000,5.000000000,-23.10,-0.14,-24.96,0.10,,READY
4393.mp3,6334a8f55483f7dc69a08ffa5155662d206285a7d4fc61885b124b4ff61c20db,48000,2,240000,5.000000000,-41.33,-26.53,-16.80,18.33,GAIN_ABOVE_+10_DB,READY
4394.mp3,94a3b47e1da54d5da00cabfcb523b38a48bac4390a95112897b390b759bc4c6b,48000,2,240000,5.000000000,-25.49,-13.94,-13.55,2.49,,READY
4395.mp3,ee2b7104af32d1ba592d87b3d3fccb80a59abe5d08fb519bf1ec2a1f3671190b,48000,2,240000,5.000000000,-19.85,-6.20,-15.65,-3.15,,READY
4396.mp3,5c70157d28e01b9073173f8a13cf6a6fc78ccb0d8b5c8c361e6812da00f16d86,44100,2,220500,5.000000000,-23.70,-13.14,-12.56,0.70,,READY
4397.mp3,82e98ba408fa241b5d06d91f82bd1da60ac9d60c6886bc4cf03d36db15843cb7,48000,2,240000,5.000000000,-29.00,-14.42,-16.58,6.00,,READY
4398.mp3,5a19bd71f1e023e93b9dc0e41eea44b33238294dd38b7b90b7aa8fdf19170774,48000,2,240000,5.000000000,-25.50,-12.31,-15.19,2.50,,READY
4399.mp3,adfd98f505ea166584dc06e5c8b9f2c8867a3853868165583a6041c554ccb8b5,48000,2,240000,5.000000000,-31.11,-15.21,-17.90,8.11,,READY
4400.mp3,533acbc6fefa685716fe4256bfd34d54e49727a192fdcb68c6e6864048fdc3a4,48000,2,240000,5.000000000,-43.54,-31.89,-13.65,20.54,GAIN_ABOVE_+10_DB,READY
4401.mp3,03af351f7567f37bb9ebf13d8f6a7905ceb38b82e7267395aee01a561e562b5e,48000,2,240000,5.000000000,-29.20,-19.06,-12.14,6.20,,READY
4402.mp3,da0212f76382b8adcf1742d0410a6cc1fcc3d9b780ec54a216863234934f7cb7,48000,2,240000,5.000000000,-17.30,-4.21,-15.09,-5.70,,READY
4403.mp3,343f376785804d6f0a5fb84afc1d50802a9ae761f4b1c72a301a37761a0134d8,48000,2,240000,5.000000000,-16.45,-3.96,-14.49,-6.55,,READY
4404.mp3,160ec77726a476d2ef10048ef4d22b7a792adebbb9e14e4b333786a5a37b52a8,48000,2,240000,5.000000000,-29.20,-17.61,-13.59,6.20,,READY
4405.mp3,8ef0131fd09a14372d5e0bdd23933ac2bdd67c35aa41e127f1fc09c510bd641d,48000,2,240000,5.000000000,-35.62,-22.88,-14.74,12.62,GAIN_ABOVE_+10_DB,READY
4406.mp3,ded358e4b5cec7cd5bac20f1f7ef9dcfddb4e8ee0a168372985c854b1bd45c09,48000,2,240000,5.000000000,-34.23,-19.91,-16.32,11.23,GAIN_ABOVE_+10_DB,READY
4407.mp3,04c526c697ed73b5eddde91b73cd2bf2dd3a192a927accb5ec41d7d678ce6453,48000,2,240000,5.000000000,-27.19,-15.84,-13.35,4.19,,READY
4408.mp3,493dd9b7395a6a89c90d6249adeefa8075705411badcdf99fee038cd9474e473,48000,2,240000,5.000000000,-9.82,-0.42,-11.40,-13.18,ATTENUATION_BELOW_-10_DB,READY
4409.mp3,5b4a820623dbd557e82bb3c1b570b5b2a62c3357d8152bc34ba84c3ef64cf056,48000,2,240000,5.000000000,-31.08,-16.97,-16.11,8.08,,READY
4410.mp3,6074c57593ca02fb0e3d08b8b8c6954575d2d5ef763cf8e2513877b740897c71,48000,2,240000,5.000000000,-20.15,-8.60,-13.55,-2.85,,READY
4411.mp3,af4a54c104327f498724ad31c577defca56537bb145cdbd7e712284bfb4e1de6,48000,2,240000,5.000000000,-11.08,-1.58,-11.50,-11.92,ATTENUATION_BELOW_-10_DB,READY
4412.mp3,a8695150abedc1ae606779b83ab12af2fe71e0e0764bd15e4c4401119e1ede0b,48000,2,240000,5.000000000,-34.47,-20.17,-16.30,11.47,GAIN_ABOVE_+10_DB,READY
4413.mp3,1a61dfb52aaa626f3fe3b7309fe7c638f3f03e9460e5159fe1d26e0e4c21befa,44100,2,220500,5.000000000,-17.96,-7.23,-12.73,-5.04,,READY
4414.mp3,72836606508e7f30c525489fd4ef6d053c1be720a9336ccd7d4dd8552d8c22e1,48000,2,240000,5.000000000,-33.30,-18.45,-16.85,10.30,GAIN_ABOVE_+10_DB,READY
4415.mp3,0158287151d044b9944ca6c3f62f57392934a7de09445cd51473e0a24ce9b1c0,44100,2,220500,5.000000000,-52.76,-30.84,-23.92,29.76,GAIN_ABOVE_+10_DB,READY
4416.mp3,f86baf5b04c69b42e2de211dbd5b67662205502e952c8b3e0e7d3137069e5c97,48000,2,240000,5.000000000,-25.02,-12.77,-14.25,2.02,,READY
4417.mp3,962a00a38bb6453d23dee02213f6a5df6c4d8e3ed8754947d58bc7dc7647e0d3,48000,2,240000,5.000000000,-20.58,-7.45,-15.13,-2.42,,READY
4418.mp3,c777f7ee303fc82e9a38b7888adea99cd9e97add1141505a09cb800e01cb3f92,48000,2,240000,5.000000000,-24.43,-10.92,-15.51,1.43,,READY
4419.mp3,95c5b4d17ee328325d42cb6dfc6d5dca6c5933f288a4ce30d713737d184e8596,48000,2,240000,5.000000000,-11.78,1.00,-14.78,-11.22,ATTENUATION_BELOW_-10_DB,READY
4420.mp3,6a4c6eba99c3d5a722199bf07d8aa8d4e06aef9056ebc04214aad1857685daae,48000,2,240000,5.000000000,-22.38,-9.74,-14.64,-0.62,,READY
4421.mp3,18ab29c6ab70002577aaddff6c3a4e32a22fc2028b925dee90f3b1423d4e5b89,48000,2,240000,5.000000000,-31.10,-17.16,-15.94,8.10,,READY
4422.mp3,a6d5975e6f97490e7ac0892c309502495cf70f96da1d16f6757a5b6f589816aa,48000,2,240000,5.000000000,-15.99,-4.15,-13.84,-7.01,,READY
4423.mp3,50bc054598596652161e0914a919aaca844e56cd5ecdb23c6ad16387d3be6e76,48000,2,240000,5.000000000,-23.39,-10.47,-14.92,0.39,,READY
4424.mp3,6780a6b5631a77d4ce3e0d303dc131951ca888eb20c681df5501d097cf3df51e,48000,2,240000,5.000000000,-37.91,-18.63,-21.28,14.91,GAIN_ABOVE_+10_DB,READY
4425.mp3,b2a85cb24bac23f9f6b3f2b1a61903adbf31f5dd968794f58eb493c392468270,48000,2,240000,5.000000000,-42.20,-29.54,-14.66,19.20,GAIN_ABOVE_+10_DB,READY
4426.mp3,8ed7963f7b82ed051c807cdaef254065c0afe6950515eb0beef541967cc4182d,48000,2,240000,5.000000000,-34.46,-22.77,-13.69,11.46,GAIN_ABOVE_+10_DB,READY
4427.mp3,42a6201c45eb561a3004bebf2b15bdbf276d156eb25188fcfe3c2ad78161ec88,48000,2,240000,5.000000000,-20.87,-7.11,-15.76,-2.13,,READY
4428.mp3,500fc79b3590a9a444d50398780a495ee3b1c68cebc9e3ebc4c13028c0c35e51,48000,2,240000,5.000000000,-35.48,-18.90,-18.58,12.48,GAIN_ABOVE_+10_DB,READY
4429.mp3,77d1646c93b66b017ec22af4e0e485a11abe57a8ece16683c1978f30a4fd329f,48000,2,240000,5.000000000,-22.18,-9.23,-14.95,-0.82,,READY
4430.mp3,f897bc08473a0e2a527390734764766f6ebb7e05180605c32fe58589c28d02c9,48000,2,240000,5.000000000,-34.31,-19.47,-16.84,11.31,GAIN_ABOVE_+10_DB,READY
4431.mp3,975d70120c72363d9c4e1f407e53d3090325848caebfa5d6dd9d93f86bdd5853,48000,2,240000,5.000000000,-15.78,-4.17,-13.61,-7.22,,READY
4432.mp3,d3b6c27eb8e650883bd84f134656d3ca8ed0c37d6832257533e943e6e75bc9a0,48000,2,240000,5.000000000,-23.86,-11.74,-14.12,0.86,,READY
4433.mp3,fb9d6a9b707ebd68a2874df8bc0ecdaee9305e88668df8fd09a0dea8b5632947,48000,2,240000,5.000000000,-17.26,-6.48,-12.78,-5.74,,READY
4434.mp3,cdeeff3c7f63d352a9c043214c8642bf83b170ac2e0724eab0428ae0a04df995,48000,2,240000,5.000000000,-33.82,-20.05,-15.77,10.82,GAIN_ABOVE_+10_DB,READY
4435.mp3,8a230a623485c1c08152214c9eedaf47b372f3eecd728958a24a220eeed0c3a9,48000,2,240000,5.000000000,-31.50,-18.45,-15.05,8.50,,READY
4436.mp3,78b43afdf023dde9f2d74e339b6db57c28b22234c15af489f669f31955ac7d26,48000,2,240000,5.000000000,-24.61,-9.14,-17.47,1.61,,READY
4437.mp3,5299dc5cff665e2d3ad31658cdad6a962c180212420e5dd16b115cf8f26ffc58,48000,2,240000,5.000000000,-35.10,-19.78,-17.32,12.10,GAIN_ABOVE_+10_DB,READY
4438.mp3,8a982e95ad8fea1933af562abf8c90b7a69d83cc3c0fc1c39dc4eb20a097ba6f,48000,2,240000,5.000000000,-21.13,-10.47,-12.66,-1.87,,READY
4439.mp3,932031d8605a9f72edea9c608695a270ddd2e5d5055a84a09db97a0ca4361445,48000,2,240000,5.000000000,-31.23,-16.93,-16.30,8.23,,READY
4440.mp3,3f613d8068b4ce45f1cfbe8fc092e03561c7d1dcad0e9ef8f2fd1be3f1f95307,48000,2,240000,5.000000000,-30.33,-14.90,-17.43,7.33,,READY
4441.mp3,2dbc14bb2fc97fbc20b798bc161b00a9406502bb91c990148befd089ac59ce3a,44100,2,220500,5.000000000,-31.77,-13.84,-19.93,8.77,,READY
4442.mp3,e454dcb2ebb56002313c37a5dfc93dc76bd92f4de9412447d87ae452d15b8d51,48000,2,240000,5.000000000,-9.24,-2.24,-9.00,-13.76,ATTENUATION_BELOW_-10_DB,READY
4443.mp3,406749ba8f16ed60d640009e2724fd0d576743d9126259b145b1245fa0ae5e3b,44100,2,220500,5.000000000,-13.15,0.69,-15.84,-9.85,,READY
4444.mp3,5df1153836d6016971b9dfaa64deb5075b069a120895b162a60d5bde13433f7d,48000,2,240000,5.000000000,-18.03,-5.95,-14.08,-4.97,,READY
4445.mp3,e8fda352e279508d9a8172ee2f84fb512fcb7808554bee62bee714bf84433a39,48000,2,240000,5.000000000,-25.51,-15.90,-11.61,2.51,,READY
4446.mp3,ef8e91227a209b667e7669141581a5c3c833791d7704ea5d9810a079a2b0f7ef,44100,2,220500,5.000000000,-26.33,-12.09,-16.24,3.33,,READY
4447.mp3,9394b2528e8a4a5376eb4abe856ab2d5f133b8231d46cc3e59da673de383d0c0,48000,2,240000,5.000000000,-24.61,-7.58,-19.03,1.61,,READY
4448.mp3,5d5242c72d39f15dde50b7c73911766088705702f13a93ae3c99e2e8558fde1b,44100,2,220500,5.000000000,-22.99,-5.45,-19.54,-0.01,,READY
4449.mp3,fc6f5b74a4df4beb12f3b72bf78ba86ed8ba388bded56180950a799cfb7b3ee9,48000,2,240000,5.000000000,-50.24,-38.25,-13.99,27.24,GAIN_ABOVE_+10_DB,READY
4450.mp3,6807894540f9c336d382d171cfa1d99bf4872d91b84dd2223ebf3b9ab75227b7,48000,2,240000,5.000000000,-52.83,-43.20,-11.63,29.83,GAIN_ABOVE_+10_DB,READY
4451.mp3,b21d556cc9fc83b6acc233bd5947e5406ccd33fe107b33b68a450eebd0d16866,48000,2,240000,5.000000000,-34.49,-21.57,-14.92,11.49,GAIN_ABOVE_+10_DB,READY
4452.mp3,b50a065d7a78b886f12edaa8a94708461b69c02e853a8c32183137c097055166,48000,2,240000,5.000000000,-34.33,-17.43,-18.90,11.33,GAIN_ABOVE_+10_DB,READY
4453.mp3,1c8aee5bdaf5fb0f26224933da9a5650e30db8555790563a769b5254f4751906,48000,2,240000,5.000000000,-20.52,-12.24,-10.28,-2.48,,READY
4454.mp3,4fba0399f8647a5b4eaeeef27d87de3f682453ba6ea096ba0737b118e263ad04,48000,2,240000,5.000000000,-20.33,-7.49,-14.84,-2.67,,READY
4455.mp3,3005c6194761551df9ffe7f85bddba27438e22e074d1e0ab1e2c8fdfd054b1dd,48000,2,240000,5.000000000,-29.44,-17.42,-14.02,6.44,,READY
4456.mp3,3f3a3de771b82fe252893dfd12672fb7a1a1bd36ca4c00dcf4e925b51de2f791,48000,2,240000,5.000000000,-24.35,-15.54,-10.81,1.35,,READY
4457.mp3,25e49ee07cf73ba560097b365e1ec5dd59b2a0db9173368183278105535c99c7,48000,2,240000,5.000000000,-19.29,-7.20,-14.09,-3.71,,READY
4458.mp3,2be7c968a92d4ff25cb110872dd485603d9327605dd75553a8d13f4b7617fdba,48000,2,240000,5.000000000,-41.02,-21.21,-21.81,18.02,GAIN_ABOVE_+10_DB,READY
4459.mp3,b1ef084f51b6040bc12a6facd9d929a43aa95ea092389bd05b8f5c98a9cde80f,48000,2,240000,5.000000000,-11.90,-1.49,-12.41,-11.10,ATTENUATION_BELOW_-10_DB,READY
4460.mp3,0f34b12201fd8278bb4763f88b952e2a10e86af809b103f4b367e7b40a9167a6,48000,2,240000,5.000000000,-12.68,-2.21,-12.47,-10.32,ATTENUATION_BELOW_-10_DB,READY
4461.mp3,59bb05d18162c1a1ca8b7240978ce9d71b08a6d2370d43a653bb80ff18b7bb28,44100,2,220500,5.000000000,-40.90,-30.97,-11.93,17.90,GAIN_ABOVE_+10_DB,READY
4462.mp3,9d27e6b0df45b630064830acba204148d7b22bce91f5eafa10152ffa7367ed9a,48000,2,240000,5.000000000,-18.33,-4.18,-16.15,-4.67,,READY
4463.mp3,439a1b7d0cca6cbb519c4e4e3719eb13e59987ccf8288bc244fa07a3ab528ea2,44100,2,220500,5.000000000,-26.27,-12.17,-16.10,3.27,,READY
4464.mp3,bab9ba3ac5a931709183f8b0b581b5638e46654268a704f7d1f4d0be5f35e6ae,48000,2,240000,5.000000000,-17.35,-9.08,-10.27,-5.65,,READY
4465.mp3,023701af833a619f4516416361b22c283c25d3a7726ca1e58afff4f9017ec962,48000,2,240000,5.000000000,-26.56,-12.07,-16.49,3.56,,READY
4466.mp3,1e7df3f0ad886bda0284a4d80873c1790bbcc664070e57b889c5310909353ba1,48000,2,240000,5.000000000,-23.54,-16.66,-8.88,0.54,,READY
4467.mp3,cce84cb9c2108dd6f6971a0c48a21e5a3485f339460d77fdcc712cde94b288f1,48000,2,240000,5.000000000,-21.77,-11.06,-12.71,-1.23,,READY
4468.mp3,6a513faf661aea03a2a54267b320104ecc0724a2fa8c3ad628000cbf6d83569f,48000,2,240000,5.000000000,-17.57,-6.42,-13.15,-5.43,,READY
4469.mp3,472ae4aad5e3102e22b208014955d26a98a50458a9d4c7e54a64ddeecea8d41f,44100,2,220500,5.000000000,-21.94,-6.69,-17.25,-1.06,,READY
4470.mp3,812a6f0f1fc29d17c0893568bd12b094957cd07faf429680cc7c6abc1ed0638a,48000,2,240000,5.000000000,-20.21,-7.69,-14.52,-2.79,,READY
4471.mp3,9763ade70a02326ecb6d2d97b0a70a3a1cdb8f91479fc4dcef68241655750be7,48000,2,240000,5.000000000,-41.55,-29.50,-14.05,18.55,GAIN_ABOVE_+10_DB,READY
4472.mp3,0b4eb4e5c6032075cce249cd8f0867cfa034d19390565d2a8f0a5aa5b0f8a666,48000,2,240000,5.000000000,-21.50,-5.76,-17.74,-1.50,,READY
4473.mp3,067b49c2054a5ca58edad57a353d27c4bbc6c359b77da7cf06eaf8ac09b8cb49,48000,2,240000,5.000000000,-26.12,-12.71,-15.41,3.12,,READY
4474.mp3,6e08e86ee1185685c8e279858961f471e01c08c5127ca115e5fe10cfa130839f,48000,2,240000,5.000000000,-28.87,-17.22,-13.65,5.87,,READY
4475.mp3,9a14da601cfdcc71877de965a0246e8ec509cd8d0502ed0288705cb3d7c5ad72,48000,2,240000,5.000000000,-18.48,-1.72,-18.76,-4.52,,READY
4476.mp3,dd8a054b0b2b8937fae70708c8cdaff5c978db883c19e88a3b7791a904067675,48000,2,240000,5.000000000,-11.19,-0.32,-12.87,-11.81,ATTENUATION_BELOW_-10_DB,READY
4477.mp3,604bddc3f900de595b05a151836d3ad09e751d9c4a45fa5096eee5bd30443fac,48000,2,240000,5.000000000,-47.89,-36.38,-13.51,24.89,GAIN_ABOVE_+10_DB,READY
4478.mp3,9f00202036bd3833bd7393391b65bdfbcde2cdfdddbaf5b0f3da67106aceee06,48000,2,240000,5.000000000,-26.61,-13.55,-15.06,3.61,,READY
4479.mp3,6c5a0e4b701e5b597174394e75d0f2e8e55ac800be5b898b9eb5bc5c386abea1,44100,2,220500,5.000000000,-26.72,-12.22,-16.50,3.72,,READY
4480.mp3,84a5b1f638c5ad3187b2cc34d67ad947d0f7f7fd328997a72324cdc7c413bbad,48000,2,240000,5.000000000,-36.22,-23.31,-14.91,13.22,GAIN_ABOVE_+10_DB,READY
4481.mp3,849c7882f5701ed20a31e47c41a184208a4f3f493e1102ae5064ec9ca359d211,48000,2,240000,5.000000000,-30.26,-14.07,-18.19,7.26,,READY
4482.mp3,5bc09a75145b39d1f21537ad3cf21ccb82af3cf17148a794442aca4d578ae23f,48000,2,240000,5.000000000,-34.83,-21.96,-14.87,11.83,GAIN_ABOVE_+10_DB,READY
4483.mp3,9830c8bd83e3db1558ba49103057394f8829a2748f37e037f7eef6e292c14b64,48000,2,240000,5.000000000,-21.47,-9.22,-14.25,-1.53,,READY
4484.mp3,da8f7f65df39c202133e3c90543c1e4f5101d19328ab6c8f526a967a7aa1f91e,48000,2,240000,5.000000000,-33.46,-20.84,-14.62,10.46,GAIN_ABOVE_+10_DB,READY
4485.mp3,d2c36057e82a5ff4f4e525efa6b70db51d1db69a3e985312775d0ba220b56b97,48000,2,240000,5.000000000,-38.14,-22.76,-17.38,15.14,GAIN_ABOVE_+10_DB,READY
4486.mp3,6ccc32160abc4e113be60cfb30b0475426176c2cdca415a0ee129b5d1f56025e,48000,2,240000,5.000000000,-22.11,-6.43,-17.68,-0.89,,READY
4487.mp3,18c75c0fa1bbd3df9191cf7d928f373ccae150be4815a8adb2933bfe9d949945,48000,2,240000,5.000000000,-50.53,-35.29,-17.24,27.53,GAIN_ABOVE_+10_DB,READY
4488.mp3,f17d882be8616bd3c0b98287e73fc6333cc63dfca1af3d26b20affc049395173,48000,2,240000,5.000000000,-25.29,-12.00,-15.29,2.29,,READY
4489.mp3,592b583850a0352d50ddb0c10cbf86ce66f6118543bb0394f11a52582486faa7,48000,2,240000,5.000000000,-16.16,-3.83,-14.33,-6.84,,READY
4490.mp3,002dca987adebdbef0649274ebea8f03b986c5ea2cd611e87f51af3a1547b238,48000,2,240000,5.000000000,-35.65,-23.56,-14.09,12.65,GAIN_ABOVE_+10_DB,READY
4491.mp3,64ea468962f8bd058f4086365f3b0b317a43c68b91d46c4c6e29ae0997f92ea8,48000,2,240000,5.000000000,-38.82,-26.03,-14.79,15.82,GAIN_ABOVE_+10_DB,READY
4492.mp3,cb339709359beca5a3b6ddd118e963e38ebc7c484779cdb116e89c47f5b6557a,48000,2,240000,5.000000000,-18.81,-7.59,-13.22,-4.19,,READY
4493.mp3,0a648d54eed446ed5e1d481825618b82fd0a97b3105e1f0eb8aff7113a973323,48000,2,240000,5.000000000,-30.03,-16.44,-15.59,7.03,,READY
4494.mp3,e8c9ef75a9279616172a30855707d562dfc7c95f1b1b20a91a01e14f3fde33f0,48000,2,240000,5.000000000,-33.61,-24.50,-11.11,10.61,GAIN_ABOVE_+10_DB,READY
4495.mp3,eab478900d1720b611e9a96dcc68c92b1c85a8be756b4f6213a3d75597a52b77,48000,2,240000,5.000000000,-52.38,-39.66,-14.72,29.38,GAIN_ABOVE_+10_DB,READY
4496.mp3,905ef8fdd0ab653fd9eee5c9af2009a136947e095cc4815278c3e64145f648f0,48000,2,240000,5.000000000,-17.99,-4.74,-15.25,-5.01,,READY
4497.mp3,f70ef5aaa6530e908e1aa2e969a18b387e0a7d6ec0499b1e8b724418a0022dd9,48000,2,240000,5.000000000,-48.21,-27.55,-22.66,25.21,GAIN_ABOVE_+10_DB,READY
4498.mp3,7e160f3d53effc37fac2705841ca416142b32e5d207b51ad4edd193160b34b7e,48000,2,240000,5.000000000,-24.49,-12.16,-14.33,1.49,,READY
4499.mp3,8f68d1b091a38eebf7fa059a642108f615151c4351f47696bd491627dbce1d92,48000,2,240000,5.000000000,-23.10,-13.02,-12.08,0.10,,READY
4500.mp3,7198b45707b8f37a74d5c32eec18d58569845753a05c39b8075601b95d4bbd73,48000,2,240000,5.000000000,-40.36,-22.32,-20.04,17.36,GAIN_ABOVE_+10_DB,READY
4501.mp3,4a644c79f180d547f355f528a4528f843e2f1143410f794ece0f5b316b9fffad,48000,2,240000,5.000000000,-24.82,-9.64,-17.18,1.82,,READY
4502.mp3,ad70b0812f192769bee707aa976fb043c6933b5e3b0d305f6050f4547a434d75,48000,2,240000,5.000000000,-22.96,-11.25,-13.71,-0.04,,READY
4503.mp3,a507630707f54574c522292935b22f90a9b535c78821f3b058ab41ebad28a578,48000,2,240000,5.000000000,-38.14,-26.80,-13.34,15.14,GAIN_ABOVE_+10_DB,READY
4504.mp3,b02612c0d3c983d7ce2c705b9a23ddaac48cd68a321e70bad345526791d46ec0,48000,2,240000,5.000000000,-58.07,-47.61,-12.46,35.07,GAIN_ABOVE_+10_DB,READY
4505.mp3,94b025ca6647a705ef9665673ab42a39bee7a2f00ecfe0fa48d5bd90fb025fe3,48000,2,240000,5.000000000,-49.01,-35.86,-15.15,26.01,GAIN_ABOVE_+10_DB,READY
4506.mp3,89a3a9060a31d756542029df81192d7c8c7f575c451bc7d4169c604e7b49f35f,48000,2,240000,5.000000000,-25.74,-13.40,-14.34,2.74,,READY
4507.mp3,3479b53e4b1ace2b4a66ba667556e1fee6d952fd82bafa3da96d3a903e0d2e17,48000,2,240000,5.000000000,-37.71,-20.26,-19.45,14.71,GAIN_ABOVE_+10_DB,READY
4508.mp3,a0a1bcf30977318f03c2d9d418c9fcba9f672dfe53086fb79a8d13c3c2773c4c,48000,2,240000,5.000000000,-20.82,-7.32,-15.50,-2.18,,READY
4509.mp3,5c2cdf35b6eb0cf7084f5871baf3b1c9a448400f8d6067151431ede3b6029b93,48000,2,240000,5.000000000,-34.21,-19.40,-16.81,11.21,GAIN_ABOVE_+10_DB,READY
4510.mp3,6f33170387ba88f46cf339d36909819fd2904acd3209af65b5d6d02f75d22c34,48000,2,240000,5.000000000,-28.57,-18.37,-12.20,5.57,,READY
4511.mp3,ce1b98f4ea14b65015b1506d0680645689b6c65e71387c1da7edb18f14204615,48000,2,240000,5.000000000,-33.14,-19.62,-15.52,10.14,GAIN_ABOVE_+10_DB,READY
4512.mp3,4451b766a8d9cbb364610c4031f57e2efdba87d20b80f3cb8a04fb9ff649f108,48000,2,240000,5.000000000,-57.69,-44.89,-14.80,34.69,GAIN_ABOVE_+10_DB,READY
4513.mp3,4da0ce348779d978e5ebc14af40900f6eb91f5cb3804eef2b2ef3525aee5699a,48000,2,240000,5.000000000,-29.42,-12.18,-19.24,6.42,,READY
4514.mp3,7716fd7632ec8545eb0d41f126cf073820cd6ebf5a3b4cfe5d191a764bb0196b,48000,2,240000,5.000000000,-51.88,-37.18,-16.70,28.88,GAIN_ABOVE_+10_DB,READY
4515.mp3,1a049128cfac669603f02ff820b7c56c8ad8c0265fde8ab058e6d38f81a6f473,48000,2,240000,5.000000000,-24.75,-10.53,-16.22,1.75,,READY
4516.mp3,da80120466215d7ff3224b2879dfff9d595e76dc5c05b46b6a20c4560c5bbaf7,48000,2,240000,5.000000000,-33.68,-13.88,-21.80,10.68,GAIN_ABOVE_+10_DB,READY
4517.mp3,ee806eab02fc98f17283e1c2322e11e3a084da367e79b598b6915648ea4088dd,48000,2,240000,5.000000000,-28.43,-15.25,-15.18,5.43,,READY
4518.mp3,56072b105f0651e7c6a5de589ad57c3f368bc78fc1c877ebdf1b7846cdbd89f7,48000,2,240000,5.000000000,-17.37,-7.48,-11.89,-5.63,,READY
4519.mp3,2fbcae4b7e338a6c38b64ae10fdd57d592a6e3ddbb7ffc16d4d59c507781e109,48000,2,240000,5.000000000,-63.87,-35.84,-30.03,40.87,GAIN_ABOVE_+10_DB,READY
4520.mp3,c1021d751c9d7a920aeb6d1f8161cf2b38ef3c77d43930dbb98fcd5937d1a952,48000,2,240000,5.000000000,-42.41,-26.18,-18.23,19.41,GAIN_ABOVE_+10_DB,READY
4521.mp3,286eb0d4c2eaeba19ad791569b4b93822c9cdfce02bd172ac071c4dfa3e073a1,48000,2,240000,5.000000000,-18.18,-5.57,-14.61,-4.82,,READY
4522.mp3,36ba4ef62655d1b2bc8d4d9e7f454a8ccbddb4e8ee5267303a683eb2afa285dc,48000,2,240000,5.000000000,-48.32,-37.23,-13.09,25.32,GAIN_ABOVE_+10_DB,READY
4523.mp3,b7f86896a64ce585e303b3c7a0c53609ac0dd24cfa49d9f3fedeeeeefc4ee186,48000,2,240000,5.000000000,-21.54,-8.78,-14.76,-1.46,,READY
4524.mp3,d96f15b67091c6b973cf619c07c6974c98160a751d6278b871d419c0355131e7,48000,2,240000,5.000000000,-22.41,-6.16,-18.25,-0.59,,READY
4525.mp3,305a177b5ba18511b29e888151b3a649fe72da9ca4f0b5afd91680e365bf1f81,48000,2,240000,5.000000000,-17.07,-6.08,-12.99,-5.93,,READY
4526.mp3,7902e7bd5b631fd117c7cf4cae87b1bf371782b1f21ba5f406e0f07129d14430,48000,2,240000,5.000000000,-15.72,-4.13,-13.59,-7.28,,READY
4527.mp3,6cf192fdf1f4ff5d87aa6ec1774fc49e5c56a0c42bf3d8977bbf29ea390f2b69,48000,2,240000,5.000000000,-42.47,-29.16,-15.31,19.47,GAIN_ABOVE_+10_DB,READY
4528.mp3,b9f2b52edaaa4dc0d63de8debba62c48437a1b1670cb9389ea6d3f38e642e180,48000,2,240000,5.000000000,-14.94,-1.34,-15.60,-8.06,,READY
4529.mp3,af8c4080ef1d65daf65d91c6553140793a21242f80446099a19967c6269892c5,48000,2,240000,5.000000000,-29.21,-13.21,-18.00,6.21,,READY
4530.mp3,00d3e8ed889d2cb3fab03c9c96742a19eee02594a9af714ac90dee2a09fb7d1e,48000,2,240000,5.000000000,-17.22,-4.20,-15.02,-5.78,,READY
4531.mp3,4f38776d3b3eebddf0e666f01a1bf686073aa6c3ea1d972f6c61d294974a28e0,48000,2,240000,5.000000000,-40.52,-23.07,-19.45,17.52,GAIN_ABOVE_+10_DB,READY
4532.mp3,b85e94e86476bf0a7475424a5bc2fe3e4e0df3d66be95a75a5c237381d0da69c,44100,2,220500,5.000000000,-41.44,-31.42,-12.02,18.44,GAIN_ABOVE_+10_DB,READY
4533.mp3,35e9df6270d89700f05ecba59355c3d3942ad2d35bc1c0cf539880da4b2798c8,48000,2,240000,5.000000000,-28.33,-12.81,-17.52,5.33,,READY
4534.mp3,9bbbd803cf1b2e9852e6ff7ab0b759f45837ee2324d2b9f9c16697403957c380,48000,2,240000,5.000000000,-10.99,-1.15,-11.84,-12.01,ATTENUATION_BELOW_-10_DB,READY
4535.mp3,b81422bdcb916e158d5d276878e0acdf865be9b0bf23e26f71a384182ab6a43f,48000,2,240000,5.000000000,-31.50,-18.64,-14.86,8.50,,READY
4536.mp3,77c12d333f56d6397895af393acf2c8e23508388db024c8cd5246ee753ac10ef,48000,2,240000,5.000000000,-30.05,-18.66,-13.39,7.05,,READY
4537.mp3,74fd0573ee886b75890bedd9a0fe0b79fdfaa4e10cce6ac6ac62827e4a26f91e,48000,2,240000,5.000000000,-19.28,-5.63,-15.65,-3.72,,READY
4538.mp3,f6228fa9d1c7d3784a0a1a3175eefc2df5c9bbca07fa2c709857c7fcc5a5b0ee,48000,2,240000,5.000000000,-45.64,-36.77,-10.87,22.64,GAIN_ABOVE_+10_DB,READY
4539.mp3,2f84ef75159eece7e9584ae2988492329ea441a95f4918afde445e9b73abe8fe,48000,2,240000,5.000000000,-21.31,-7.34,-15.97,-1.69,,READY
4540.mp3,c6500bf3ff24fcee897ec807a1d58a895ef868682ec395991b6705d5b57d7db6,44100,2,220500,5.000000000,-44.29,-32.70,-13.59,21.29,GAIN_ABOVE_+10_DB,READY
4541.mp3,382469d26739c798bdc10c4d8db987afbce13bdc83a05f6f3836725e0d1a2827,48000,2,240000,5.000000000,-17.48,-5.99,-13.49,-5.52,,READY
4542.mp3,d3c14c2083fcb725f8f5fcf3ffa387308b863090dffa1a318fd51d479d86d669,48000,2,240000,5.000000000,-14.97,-4.99,-11.98,-8.03,,READY
4543.mp3,e60ccbbc2e612e7d90c079f0b49f5120ce2c2cf70b2ba23e5fa5caf17d976ecc,48000,2,240000,5.000000000,-11.26,0.42,-13.68,-11.74,ATTENUATION_BELOW_-10_DB,READY
4544.mp3,d9c10d59c53f17386d09b723332844f2fedae1caa420ea38c764287cad0a1f1c,48000,2,240000,5.000000000,-33.98,-20.15,-15.83,10.98,GAIN_ABOVE_+10_DB,READY
4545.mp3,5a44bf397b6736e30ccd3476921e8d6e3d222ba8ff4589a115314270a580c9cf,48000,2,240000,5.000000000,-23.76,-0.03,-25.73,0.76,,READY
4546.mp3,9974e49994cdc059b3caa89aa8e7be804d5a19e0e1df7290e91b0f8dc6f30f0e,48000,2,240000,5.000000000,-29.18,-15.39,-15.79,6.18,,READY
4547.mp3,b6b2c43a54cf30679e693c2a85147a219a01ea292341f8de683eee84e632c549,48000,2,240000,5.000000000,-22.60,-10.94,-13.66,-0.40,,READY
4548.mp3,1538e4656013885ff3ef772ef7dfc7d8436be060aac4acb4260cc1a6fddb564c,48000,2,240000,5.000000000,-45.81,-27.85,-19.96,22.81,GAIN_ABOVE_+10_DB,READY
4549.mp3,44a1c37862f2f457fe93e6e94a9ce0f82a3e95fe2a071b7acc3f4ad6754361a7,44100,2,220500,5.000000000,-22.35,-10.00,-14.35,-0.65,,READY
4550.mp3,b87e9911789dc54db0e07cf7a405e24cef466f17ddb41e023361d81776206db5,48000,2,240000,5.000000000,-33.60,-22.00,-13.60,10.60,GAIN_ABOVE_+10_DB,READY
4551.mp3,6ef1d988b966c4f677cf5ea896b04de2825d4bf393fa8525a94f48647bd4e9fa,48000,2,240000,5.000000000,-34.96,-20.84,-16.12,11.96,GAIN_ABOVE_+10_DB,READY
4552.mp3,766ecb7d63f913c2f2179eaaf2019f44981e56d054b3542e52b521edb56e4783,48000,2,240000,5.000000000,-14.15,-3.17,-12.98,-8.85,,READY
4553.mp3,2dbcc55a1604279edc454dae16d425ac634de6f13ce677f23517c2c35b63fb17,48000,2,240000,5.000000000,-24.68,-8.35,-18.33,1.68,,READY
4554.mp3,2b8a09618926c9de1b66e95ab237de15064fcda4164c09e37cfd918ee43fa47a,48000,2,240000,5.000000000,-17.89,-5.54,-14.35,-5.11,,READY
4555.mp3,a4b0129f6e245c57eebc1678775f2f5f2ebd2490452d9076767a30e1db260660,48000,2,240000,5.000000000,-47.80,-37.39,-12.41,24.80,GAIN_ABOVE_+10_DB,READY
4556.mp3,87b3783042e397a738447448484ae32169f2f5cc02ac64c4580eeaa80feb268f,48000,2,240000,5.000000000,-18.85,-0.83,-20.02,-4.15,,READY
4557.mp3,217c9585fe0a2d36005b7927e25552c9a06d332fab5f14d8b0ff001593ac01dc,48000,2,240000,5.000000000,-26.16,-11.34,-16.82,3.16,,READY
4558.mp3,33f539715ebb27c099fe4b4f1de05edd6752f3c4a5731e325454db127bfe8a64,48000,2,240000,5.000000000,-15.91,-3.56,-14.35,-7.09,,READY
4559.mp3,d93077bd8b09c495d6d42edf5cecf94967c5343cd5ab298cf52f4b743cd4a289,48000,2,240000,5.000000000,-33.65,-17.61,-18.04,10.65,GAIN_ABOVE_+10_DB,READY
4560.mp3,d5a992ebd5f06374de5e11c879cbae213b91e1cf13ee9aa3e9e6d86cb226a9b9,48000,2,240000,5.000000000,-14.57,-2.83,-13.74,-8.43,,READY
4561.mp3,b77fdda0b08080b57c4653fac3d24fb2f7506e87597d8ab8fc13dbb67f184339,48000,2,240000,5.000000000,-21.07,-7.43,-15.64,-1.93,,READY
4562.mp3,3a44563aa934888006736876b1a62058454d6c2c49a996d7c8d8caa5276a82ac,48000,2,240000,5.000000000,-37.66,-17.20,-22.46,14.66,GAIN_ABOVE_+10_DB,READY
4563.mp3,95cb9eaa8cff021093c206b424b8978bd987c7ec6a4eb450a5a5b173d5af40c9,48000,2,240000,5.000000000,-24.35,-9.38,-16.97,1.35,,READY
4564.mp3,f0988acc50f7442af285fffd22ddda45f6320534879da5cbd3fb9cff766bd846,48000,2,240000,5.000000000,-28.68,-12.64,-18.04,5.68,,READY
4565.mp3,8bf4c9e45fb2cb9980b57804baccbb7946da67a98a8652ae861891c7568fa64f,48000,2,240000,5.000000000,-28.23,-13.97,-16.26,5.23,,READY
4566.mp3,743584de12bbebd218f9a2a6f28994b4de105e01b64723e9ed74369c185debc6,48000,2,240000,5.000000000,-13.45,-3.06,-12.39,-9.55,,READY
4567.mp3,5b1ae1b4eb7a7965cc11b298df46bd7497b77a77a065db2282165af9564627ee,48000,2,240000,5.000000000,-31.71,-20.07,-13.64,8.71,,READY
4568.mp3,dadae0128f9de7aa579f1594754693428c99bcd249acbbfcc16fd3dd775f1d50,44100,2,220500,5.000000000,-11.01,-1.06,-11.95,-11.99,ATTENUATION_BELOW_-10_DB,READY
4569.mp3,e6cc8c83341b8fe5bab1b85f770632b9acd0fe796a9e9b9a7711bedc3b0ef539,48000,2,240000,5.000000000,-31.88,-18.80,-15.08,8.88,,READY
4570.mp3,96bf828487fae4d2fd9abd5b1e8fee13c2ac8bb925ce30918a95d46985dd46c9,48000,2,240000,5.000000000,-15.96,0.03,-17.99,-7.04,,READY
4571.mp3,ffe2ad68a16ee9d05151599055db5330a9bd3a446fd7c9cde4e4f5f46efdc07f,48000,2,240000,5.000000000,-8.01,-3.36,-6.65,-14.99,ATTENUATION_BELOW_-10_DB,READY
4572.mp3,c2db20cc8c163787889ff229121585fe9fa00689560a6c261d7dd972881b9e0d,48000,2,240000,5.000000000,-32.00,-21.07,-12.93,9.00,,READY
4573.mp3,40ec633a2d7e46a046e07d02f0040745c6cb8428c55bf6aa0994629a14d20bf9,48000,2,240000,5.000000000,-30.59,-19.14,-13.45,7.59,,READY
4574.mp3,eb56c4d724be89515c673abc57dda15b598afce65198d1561ef2e9edc1240fa8,48000,2,240000,5.000000000,-28.13,-18.59,-11.54,5.13,,READY
4575.mp3,72f4f3663e521410670235d217cc27eee31aee6c7e2c7c2bf18c4e0c14c0f2f7,48000,2,240000,5.000000000,-19.28,-3.98,-17.30,-3.72,,READY
4576.mp3,d43114e64f4dcfe60130b5ac314bea4675f760ba883c9acd37bd5a6a2524996a,48000,2,240000,5.000000000,-30.44,-17.98,-14.46,7.44,,READY
4577.mp3,e46b8b5f3e74e902ecd51aa15313f131837f07a05a757968ac595686ac8bf4a7,48000,2,240000,5.000000000,-19.18,-8.63,-12.55,-3.82,,READY
4578.mp3,c8e463051bee54f09bf9361d9805f59a23667584c9c2eab91ffa33c6fa1d4a0d,48000,2,240000,5.000000000,-28.90,-16.15,-14.75,5.90,,READY
4579.mp3,b688d0f4199d177c82aafbc740ec6cce47a13b0906a16d2fff3f83e14976a5ae,48000,2,240000,5.000000000,-30.04,-15.95,-16.09,7.04,,READY
4580.mp3,4e00a994e077631a40b1e6049c36c0b2d7db49d7ac1c46240c4010dbd320cd4e,48000,2,240000,5.000000000,-43.58,-30.04,-15.54,20.58,GAIN_ABOVE_+10_DB,READY
4581.mp3,5c6d787380237b92edc1183006280b31be50dda49671e7fd6fc193eea8f0164b,48000,2,240000,5.000000000,-36.44,-25.94,-12.50,13.44,GAIN_ABOVE_+10_DB,READY
4582.mp3,0a9a517e8b5031c0dca97988468bc8a9ba35002807ef7008fc6528ad31f75e3c,48000,2,240000,5.000000000,-26.69,-14.95,-13.74,3.69,,READY
4583.mp3,b27bc677aaf367d9d827257b4b4431d69ab0d0e97725d13146e115d1a0157cae,48000,2,240000,5.000000000,-15.48,-1.07,-16.41,-7.52,,READY
4584.mp3,772cd367e8cf14465b6fd176c9e3723d0594b33e353fdb1061bfe9b008f08502,44100,2,220500,5.000000000,-23.84,-10.03,-15.81,0.84,,READY
4585.mp3,f66ab75e75f93dbbb3733398123eb2b597b1a19d94a18c0776e6cafb3a18cc2a,48000,2,240000,5.000000000,-29.51,-18.60,-12.91,6.51,,READY
4586.mp3,a462ce587cdd0dabf42906176802ae3604c8a92c844e6fac4a3289a29b1eb700,48000,2,240000,5.000000000,-26.92,-9.85,-19.07,3.92,,READY
4587.mp3,4585b928d6bc5071a59cc34a0c8e4c9e273d54d878a2b98496ae3ce6f8a081c0,48000,2,240000,5.000000000,-28.97,-16.35,-14.62,5.97,,READY
4588.mp3,2dce2034ce35b270cbcc51fecef378cdf42a85df9b221c2e4a1cef174901f64f,48000,2,240000,5.000000000,-31.54,-18.31,-15.23,8.54,,READY
4589.mp3,eeb6d0f2acbea198a846f273b5d00ae3dd3bbf20ffd5332aabc846916f49b3e0,48000,2,240000,5.000000000,-16.55,-5.32,-13.23,-6.45,,READY
4590.mp3,b44454d63130cc66c17c3842b6f6a5b418fe042c0e17f042b427b5e0269b2ab8,48000,2,240000,5.000000000,-31.47,-16.14,-17.33,8.47,,READY
4591.mp3,a5c039ca56e2cfc81be00c1192c25a0490286293e1156ce1cf54b429948f301d,48000,2,240000,5.000000000,-20.41,-7.94,-14.47,-2.59,,READY
4592.mp3,2267be0fdc7b0a3a5c59ad99bdd52f091a413f524f01a7dc48d81d729d7eeb2c,48000,2,240000,5.000000000,-30.67,-20.29,-12.38,7.67,,READY
4593.mp3,a805d3234d8f59027ca59525a2d1ce5b18f1fb7c14d60f54d2eb3a421c3f1e0c,48000,2,240000,5.000000000,-34.24,-20.80,-15.44,11.24,GAIN_ABOVE_+10_DB,READY
4594.mp3,0b64bd9f4eb89c7b0c02575769c4529b5be059556f55ead2d020f3bd222fc5f1,44100,2,220500,5.000000000,-21.94,-7.43,-16.51,-1.06,,READY
4595.mp3,d79dec4ef7aae4d5564b7a444961154655bc4633fc2e8e691d13fefc3c29133f,48000,2,240000,5.000000000,-61.61,-45.40,-18.21,38.61,GAIN_ABOVE_+10_DB,READY
4596.mp3,c85995819fac64afdbe92a73ce199df2fd55f54453e91b8ac6b2168cf20139ee,48000,2,240000,5.000000000,-34.76,-19.28,-17.48,11.76,GAIN_ABOVE_+10_DB,READY
4597.mp3,b426c882a7b8d49159f23c8bd89be860e7e1ca269e89b10709a2051d469fbf74,48000,2,240000,5.000000000,-31.57,-13.91,-19.66,8.57,,READY
4598.mp3,010d829e1b7cb34a8e1cf53cc53c1bf46ae497e90d57b6d517138da7ea926207,48000,2,240000,5.000000000,-47.92,-33.17,-16.75,24.92,GAIN_ABOVE_+10_DB,READY
4599.mp3,2bca2d3665c23fc6a3fa131b512db50473ea874a1ffe73f93358f8d587f327e7,48000,2,240000,5.000000000,-31.03,-10.08,-22.95,8.03,,READY
4600.mp3,da11c610bbde3ef6f4fe33fd75a9eeeb720f60361b3025580d8d9ff5d6ed17a1,48000,2,240000,5.000000000,-34.51,-19.35,-17.16,11.51,GAIN_ABOVE_+10_DB,READY
4601.mp3,855c63600c5665d74f1ca1d99bbe45f91626ba53223d16ccde28e3e99a56ee45,48000,2,240000,5.000000000,-20.88,-9.58,-13.30,-2.12,,READY
4602.mp3,cb062ec6894b52763a20723e328d8c9b8ea85965c845dd7b35618c056d57224a,48000,2,240000,5.000000000,-24.01,-10.12,-15.89,1.01,,READY
4603.mp3,414d0258f932fb9c50ed55c31ca0882a2ddc39617edf8aa9942c6a2bef4be28f,48000,2,240000,5.000000000,-30.39,-19.78,-12.61,7.39,,READY
4604.mp3,951d5e988502dcb526d6c4b4ed86d6e12819687fef043ed69d92f36d58de0a78,48000,2,240000,5.000000000,-28.32,-14.92,-15.40,5.32,,READY
4605.mp3,a2bf5262b485627edf4b05d69c2284c53f96c4f8e6f555a10eb85bd640c4bda0,48000,2,240000,5.000000000,-21.52,-10.74,-12.78,-1.48,,READY
4606.mp3,427e6124eca20ff642c9304f1c07efc22faf2659f3780d59172140237a9e6e70,48000,2,240000,5.000000000,-28.40,-14.07,-16.33,5.40,,READY
4607.mp3,41fdac4111196e048c1cac1508f9fe80242f58ab44479f35d83109fe3c5f0ee0,48000,2,240000,5.000000000,-33.23,-21.34,-13.89,10.23,GAIN_ABOVE_+10_DB,READY
4608.mp3,50ca78302e328fc7375e157553b28e3988bdbc68dcdf24a33b3b17236198267d,48000,2,240000,5.000000000,-21.81,-6.86,-16.95,-1.19,,READY
4609.mp3,c4966fe3b3811dfe779f82c00f858c9eea0970e187fb3b0b01b379ea33426aaf,48000,2,240000,5.000000000,-25.55,-5.74,-21.81,2.55,,READY
4610.mp3,245ced0f78cb4f68db38ccd177f5018c6635ade1a91f0a60bbd300115f109bc4,48000,2,240000,5.000000000,-28.91,-16.00,-14.91,5.91,,READY
4611.mp3,acc8e21d46abf922e88a889fffc89857186c679b4779d0e76d8c033039f3892a,48000,2,240000,5.000000000,-21.84,-11.78,-12.06,-1.16,,READY
4612.mp3,595afb6ed3b61e02cdcb206c6da0654d8d52a030e328a907fb1d30fbbc84d0bc,48000,2,240000,5.000000000,-44.06,-27.91,-18.15,21.06,GAIN_ABOVE_+10_DB,READY
4613.mp3,a159c1f51acf04e2f17b48a805837884139a382fb79f6b5636abcdf88a7fe4a3,48000,2,240000,5.000000000,-37.61,-22.91,-16.70,14.61,GAIN_ABOVE_+10_DB,READY
4614.mp3,da88c3e714fcb1d4bd2de38e8f665d869e6b0ec4824f2ab6876f8a022e68328a,48000,2,240000,5.000000000,-24.01,-13.31,-12.70,1.01,,READY
4615.mp3,a00c325a09aa7403becd6f955596d8835d2bb6fd1cafb91212a7ff074e87b270,48000,2,240000,5.000000000,-25.77,-13.72,-14.05,2.77,,READY
4616.mp3,4a4c8c7846aff74c101fcd3b88e09d54af05d12df0034b5c5af8f69f702ecfd5,48000,2,240000,5.000000000,-30.13,-13.88,-18.25,7.13,,READY
4617.mp3,d43e77b82215a4576c03a2de423ea17d7db24d02f64a38b95afd2520bb16abeb,48000,2,240000,5.000000000,-38.42,-25.78,-14.64,15.42,GAIN_ABOVE_+10_DB,READY
4618.mp3,d2e72b1aaf775f4d2e2aadaff4fbf67fb31c7456ca4e7177d157bf433a324121,48000,2,240000,5.000000000,-43.94,-34.06,-11.88,20.94,GAIN_ABOVE_+10_DB,READY
4619.mp3,1dc34f7fb749e820b98de0f062ff2ce55fa77e9f643b9bfcb60f767b635d7abb,48000,2,240000,5.000000000,-29.09,-15.14,-15.95,6.09,,READY
4620.mp3,1041349f94abb02e052fd81e7e76260d54deddb9f143c59fc1a8655078164751,48000,2,240000,5.000000000,-42.39,-32.99,-11.40,19.39,GAIN_ABOVE_+10_DB,READY
4621.mp3,11969a095994e8896bf2c579c90294474d1f05cc19cbb3059f251f0c8538124c,48000,2,240000,5.000000000,-42.99,-29.94,-15.05,19.99,GAIN_ABOVE_+10_DB,READY
4622.mp3,a31c361db398104dc2c9aeb867e7f4dd69aab8826f1b8b6f4e6965e56f89b2eb,48000,2,240000,5.000000000,-29.54,-17.64,-13.90,6.54,,READY
4623.mp3,16083ce5802ff8f6ec55658576fb9a83e3c7d93fcc48078b15fc34e457709b86,48000,2,240000,5.000000000,-28.39,-14.81,-15.58,5.39,,READY
4624.mp3,e2a3ee9c7406f5035585b04e388901e0dd21e3102ea24648ab6406e36bc49ac5,48000,2,240000,5.000000000,-31.57,-19.05,-14.52,8.57,,READY
4625.mp3,7716e56bc4534e986b6a5b15b2b8e0c11ba0b32bcaaa6801008b474ece60d585,44100,2,220500,5.000000000,-21.04,-8.15,-14.89,-1.96,,READY
4626.mp3,cc0a6f990add2be72a90ab7355b69e156a20eb4a0b96f23f0e7da7d4973acfc4,48000,2,240000,5.000000000,-41.29,-27.21,-16.08,18.29,GAIN_ABOVE_+10_DB,READY
4627.mp3,4606c83b32ce77004935fdfe6a8d41722dc10624414bafeee6fc0e26927c0d0a,48000,2,240000,5.000000000,-13.42,1.26,-16.68,-9.58,,READY
4628.mp3,504a052cbee2f970b5e8c83ee98314f23c8c98fead9f290b35913e25cfedf2c2,48000,2,240000,5.000000000,-18.27,-7.07,-13.20,-4.73,,READY
4629.mp3,dfc414f6b5c2f5ca4437c8c21d12f88e79fd08c3b84a644ed629b4de9ea67fd4,44100,2,220500,5.000000000,-18.00,-5.08,-14.92,-5.00,,READY
4630.mp3,27510ee04d7d25b3ac6e038742c11932527837c7b0b3f80d78714ba5b9c0e3ea,48000,2,240000,5.000000000,-32.83,-18.29,-16.54,9.83,,READY
4631.mp3,d2d5595d6cf34aa3724e5d6685e0ce1a4cb0534be088bb18f2cd70fcb7cfdccf,48000,2,240000,5.000000000,-30.03,-16.04,-15.99,7.03,,READY
4632.mp3,fbec49da2b86378a5336c35c24fc77598f7c2ae10a72c523d7ff8947a218a97f,48000,2,240000,5.000000000,-37.28,-28.87,-10.41,14.28,GAIN_ABOVE_+10_DB,READY
4633.mp3,9f7fc6572b9f3454dabbde125a9c81445e469a62adac17706427637c15c5169f,48000,2,240000,5.000000000,-17.31,-5.80,-13.51,-5.69,,READY
4634.mp3,3b297e2d808cfddda96f540d7da4230f0472a13fb432956ea1bfc5feeb894f0f,48000,2,240000,5.000000000,-20.30,-6.82,-15.48,-2.70,,READY
4635.mp3,48b714b6e4a1641efc0f35c8e0c8bccaf86dd03caf0dbf6186e97810001d1eab,44100,2,220500,5.000000000,-8.00,-3.69,-6.31,-15.00,ATTENUATION_BELOW_-10_DB,READY
4636.mp3,8dd7f0f93f9b7ebb7e320e9de4bb29ef4404222ceef9703d57922bd3e3aa09f6,44100,2,220500,5.000000000,-24.54,-15.14,-11.40,1.54,,READY
4637.mp3,050cc865732f964f4b86a0bd25c70153b74c6bc6d0fc4193fcb09e3729f249cc,48000,2,240000,5.000000000,-42.65,-25.20,-19.45,19.65,GAIN_ABOVE_+10_DB,READY
4638.mp3,05f54e17490c4350049ef987afdeac5e8c619f821dbf2300de2aa83c68dc5bef,44100,2,220500,5.000000000,-32.66,-14.86,-19.80,9.66,,READY
4639.mp3,e15061a619aa7b0b6799f26137ea286f6a55093d892c7510043a09e523214f61,48000,2,240000,5.000000000,-17.66,-3.99,-15.67,-5.34,,READY
4640.mp3,2802b03dd0029f80c5899e9563d29522edf3232c6b0da2060a547d659f3060e4,48000,2,240000,5.000000000,-16.26,-5.16,-13.10,-6.74,,READY
4641.mp3,f109afb688bfd23cc10de488f45c5da96598d77e5d13979628bcd09ac97b7d22,48000,2,240000,5.000000000,-28.78,-15.45,-15.33,5.78,,READY
4642.mp3,c5a0a3e751326c0bfce0a4a88079532765c006db3439ab7863ca8aebb3804227,48000,2,240000,5.000000000,-26.29,-12.70,-15.59,3.29,,READY
4643.mp3,87315eebc229f11db369044869cde7396db19efc8d764de7e793368e61d7342a,48000,2,240000,5.000000000,-26.96,-12.08,-16.88,3.96,,READY
4644.mp3,b84db36eb838ecec69a2df2ed4228fd942efd758bcf75ab1ea7f8aca2a67b8d6,48000,2,240000,5.000000000,-56.00,-36.66,-21.34,33.00,GAIN_ABOVE_+10_DB,READY
4645.mp3,e5ec3ad4d972375b00b5ba43a5e69b9bf20cf8ce7e8193b6edee92b3eb463d81,48000,2,240000,5.000000000,-15.57,-3.51,-14.06,-7.43,,READY
4646.mp3,542f2a82a0951921bcd146a415f6b3f0d4b6e6777536803aa8890be92ceba2f3,48000,2,240000,5.000000000,-45.56,-31.45,-16.11,22.56,GAIN_ABOVE_+10_DB,READY
4647.mp3,768e99b27f5026899189d44b89ee5e7ae439ae54c57ca3f18d4e9ce0964b83f7,48000,2,240000,5.000000000,-45.82,-33.67,-14.15,22.82,GAIN_ABOVE_+10_DB,READY
4648.mp3,81e226b3ca363daf9c4f6a91eabe501f3a19d2f4c33b39e25b0a74de0508e959,48000,2,240000,5.000000000,-21.98,-7.38,-16.60,-1.02,,READY
4649.mp3,1da3c52055c91bca926989ed91316bfaf2c44439bf54314e976ec9bd5a04d742,44100,2,220500,5.000000000,-35.11,-17.86,-19.25,12.11,GAIN_ABOVE_+10_DB,READY
4650.mp3,91ec032fa7e6cfc01799cd14035256b378416fe6d16ede3cda1a485cd3c77c5b,48000,2,240000,5.000000000,-38.65,-23.78,-16.87,15.65,GAIN_ABOVE_+10_DB,READY
4651.mp3,9e6b10d30836249b1d2a37a44c89d479bda3db59e1ef5cc84a8082c5c371e605,48000,2,240000,5.000000000,-22.71,-12.62,-12.09,-0.29,,READY
4652.mp3,7ce996f1fd74b0361402abd9cd578de2960c89f29646f9a4c2677270271a8076,48000,2,240000,5.000000000,-26.43,-9.49,-18.94,3.43,,READY
4653.mp3,12baa341612a3ca98731eabf8d8946991a83cef8d92b26ca4c951febeb9e609c,48000,2,240000,5.000000000,-17.73,-5.50,-14.23,-5.27,,READY
4654.mp3,9cca843976a0c18c0378c6877690bd1265aa6f71c06b220868ab45122d09f193,48000,2,240000,5.000000000,-26.67,-9.89,-18.78,3.67,,READY
4655.mp3,819ba50607447f9fc38b28554a1a5fb15fa5f8404bb96c5ce751288dca221e68,48000,2,240000,5.000000000,-27.54,-8.10,-21.44,4.54,,READY
4656.mp3,c81c3ceb9a26482a8c089909a8fefb1233a8b65652363f7c4e6846b693cf6f74,48000,2,240000,5.000000000,-17.40,0.37,-19.77,-5.60,,READY
4657.mp3,6267119496ce0d6ce42d776ccfe7afee586363bfaa4edf1f6a5860a5850bf745,48000,2,240000,5.000000000,-32.66,-18.18,-16.48,9.66,,READY
4658.mp3,0ed0b1965ac937a1e0820d1b7565f35c05a2643cfc08c6280d0e78408bb7787a,48000,2,240000,5.000000000,-33.33,-15.17,-20.16,10.33,GAIN_ABOVE_+10_DB,READY
4659.mp3,ed0c37ba812c6e5577440f5ba2a2de555b1eaa7e0147754f8cf1dc145063f76d,48000,2,240000,5.000000000,-13.93,-1.21,-14.72,-9.07,,READY
4660.mp3,580deab6a77fae3c40ee8bfca1a9aaeb32d2e51b8a0adeb8f655af64eb7dee8c,48000,2,240000,5.000000000,-22.13,-8.38,-15.75,-0.87,,READY
4661.mp3,f5ecdbe8375f5b155dfc4acd96483d5faf7271e20367076160f6ea01e185327e,48000,2,240000,5.000000000,-45.48,-34.52,-12.96,22.48,GAIN_ABOVE_+10_DB,READY
4662.mp3,4a01cec37d8e71cf7c9ea54abba00938271a3aeaa52a48ed23995d741d8e313d,44100,2,220500,5.000000000,-15.34,-2.98,-14.36,-7.66,,READY
4663.mp3,3ecfe1acb52aaebb3cbc76b11e0c01fadb1d374026453d9ea706452e676ff2b5,48000,2,240000,5.000000000,-20.53,-9.99,-12.54,-2.47,,READY
4664.mp3,4b86c545f4d383a988ad4017cf054df79a8328ffb29a925e578a31bcb9a2cea1,44100,2,220500,5.000000000,-17.41,-3.08,-16.33,-5.59,,READY
4665.mp3,d4de76237ed4302454c23a5c5e1b8c9f3424581e121c6789ed8b97aeef049ac1,48000,2,240000,5.000000000,-32.93,-19.16,-15.77,9.93,,READY
4666.mp3,c6a633d73b5333de9bfa143deb686f508f3e2c39b7c53416f54522636f22fd2e,48000,2,240000,5.000000000,-16.03,-2.29,-15.74,-6.97,,READY
4667.mp3,3c47d5502687565c8315458de3ced9f8dce05bd0be801dfd7f95a81f6197358d,48000,2,240000,5.000000000,-36.51,-17.89,-20.62,13.51,GAIN_ABOVE_+10_DB,READY
4668.mp3,79a343ba21948f2a7403c6353f62f8faf62ea8083051fb9da07d33e492d59712,48000,2,240000,5.000000000,-55.37,-31.69,-25.68,32.37,GAIN_ABOVE_+10_DB,READY
4669.mp3,0035f18fe86594edcc61ce81d8fb4a936bd5e2a440a36af0d5589e986e771913,48000,2,240000,5.000000000,-26.57,-8.23,-20.34,3.57,,READY
4670.mp3,ff43a7562ac5535cd4946ea8cdd78d2448d27d75b4d857a52ba404b03e27a73e,48000,2,240000,5.000000000,-24.88,-9.66,-17.22,1.88,,READY
4671.mp3,a92fe37b84e0de36d5683f34a8af70b2faf9e31efbbc66b9a15c6fd2f3e0e2b7,48000,2,240000,5.000000000,-46.41,-34.67,-13.74,23.41,GAIN_ABOVE_+10_DB,READY
4672.mp3,754e2a64abe877bd6a6311ad7c12d105164dd8ff043d82e22b45e9e37d378cd3,48000,2,240000,5.000000000,-30.11,-14.08,-18.03,7.11,,READY
4673.mp3,41a1afff602a0da8459a4118e08a36468a29ec999c971e3ccbf388a4d1f971e1,48000,2,240000,5.000000000,-16.85,-4.75,-14.10,-6.15,,READY
4674.mp3,e184e19c1a94f0440b4d456e333945a4aba036b5f5bfcafe549714c4d1f66b54,48000,2,240000,5.000000000,-16.48,-4.61,-13.87,-6.52,,READY
4675.mp3,1166af19075369fa8aacd3b36ef21840ad960db4adc6a06277a94dc923f15923,48000,2,240000,5.000000000,-24.12,-9.90,-16.22,1.12,,READY
4676.mp3,28b41dc7609c48045197b6d7591b16f3f84624be9f6224e193de04eec2d7c256,48000,2,240000,5.000000000,-24.14,-10.45,-15.69,1.14,,READY
4677.mp3,e16e0942b01d34f81575478778a783ef7930b63e4f87d46932b8c861a40bb313,44100,2,220500,5.000000000,-28.82,-16.37,-14.45,5.82,,READY
4678.mp3,c76653f6b5b4b6c5a919f16b3eca2f2840790d4bae0efd11ac1b629b29353c90,48000,2,240000,5.000000000,-16.13,-4.71,-13.42,-6.87,,READY
4679.mp3,70f769edd7f5d42f4f6a6b6e3c35fe0ac0a353b9daccfd911c267dc5d28c157d,48000,2,240000,5.000000000,-19.33,-8.93,-12.40,-3.67,,READY
4680.mp3,94c5c030d549ebe05f001dc80885f8d009f823c7f3e12abc9618e4821062386b,48000,2,240000,5.000000000,-16.62,-7.67,-10.95,-6.38,,READY
4681.mp3,184f4cb88bd283d1a3ba6c06221c272a2c21f6184c1fb6bdb5351d7f4208f42a,48000,2,240000,5.000000000,-29.94,-18.18,-13.76,6.94,,READY
4682.mp3,4fbd139a6cfbdc8d56dfd91b406f524daf53ec14e41830f5ab2a8c309b9255e8,48000,2,240000,5.000000000,-44.44,-33.38,-13.06,21.44,GAIN_ABOVE_+10_DB,READY
4683.mp3,a86fa2bb6703364704212a7584cddf654e6468ed147272bf46fc9db7cc80836b,48000,2,240000,5.000000000,-30.71,-21.21,-11.50,7.71,,READY
4684.mp3,1106ae0a9b188740e6bd0ac63630fa5efe60441dddc644b86b14c422127a2080,48000,2,240000,5.000000000,-34.84,-19.26,-17.58,11.84,GAIN_ABOVE_+10_DB,READY
4685.mp3,62cb29b770653f30188f7507eaac1c0613831a54246efecf5ef120c6367396cd,48000,2,240000,5.000000000,-36.23,-23.06,-15.17,13.23,GAIN_ABOVE_+10_DB,READY
4686.mp3,9e27cf9a394801b31149e1932a7cbb0373977290be830999480b5288cbedc5a8,48000,2,240000,5.000000000,-30.25,-15.82,-16.43,7.25,,READY
4687.mp3,a548b3352440b88c31baa854777cd99d61f120dcb3ff958607305d4769574ded,48000,2,240000,5.000000000,-17.59,-3.61,-15.98,-5.41,,READY
4688.mp3,8908a326093b911c843bb897849f488fec5e1e3e7e7fef18cbdff23f3799c06e,48000,2,240000,5.000000000,-25.28,-14.19,-13.09,2.28,,READY
4689.mp3,441ec095286b5855ddd98de32b1c59626507ae31878e94bfa05e70bdd92c4055,48000,2,240000,5.000000000,-19.30,-4.56,-16.74,-3.70,,READY
4690.mp3,98fc18f6a6af94dcfd59169244febd3b4a37ba84183c320c2b03bb8e22481cfb,48000,2,240000,5.000000000,-14.74,-2.76,-13.98,-8.26,,READY
4691.mp3,5fbaa6aaefba6e9a89ee59b6f3f8526f5c9bc914601de0323e0a36c8ad041ac2,48000,2,240000,5.000000000,-37.65,-26.42,-13.23,14.65,GAIN_ABOVE_+10_DB,READY
4692.mp3,7387c64ff90d77e7886e852adbf9f27ac42791d1fdd3fa858e281e70e1c53725,48000,2,240000,5.000000000,-35.92,-23.02,-14.90,12.92,GAIN_ABOVE_+10_DB,READY
4693.mp3,024fad5872f54b3341e83393d97a3b70909d24c6ada1181a6706c43139401fb1,48000,2,240000,5.000000000,-36.91,-23.76,-15.15,13.91,GAIN_ABOVE_+10_DB,READY
4694.mp3,dd35cb5e4613dbaf648c32c5973284edf79ac02251181062e15fe408b59b8893,48000,2,240000,5.000000000,-16.69,-0.41,-18.28,-6.31,,READY
4695.mp3,2ed47347bbb00508a7bfcb90c59d16f4d9619db7d7fa43acfee0f7ee0fcc377a,48000,2,240000,5.000000000,-40.02,-20.82,-21.20,17.02,GAIN_ABOVE_+10_DB,READY
4696.mp3,d8f9aae7f90d87acefc1962150df85c6afdf3e66d2cad54df532acbd5488089a,48000,2,240000,5.000000000,-32.88,-19.16,-15.72,9.88,,READY
4697.mp3,8b22a6e34b38fcb6527d4bb55f53eb11835542d6d935846ffa6e36eeeb70f8ee,48000,2,240000,5.000000000,-44.42,-31.19,-15.23,21.42,GAIN_ABOVE_+10_DB,READY
4698.mp3,45b3ee07bf9eb8c07770e5429a7f5b8f6b863d5bdd003e63ef1f92f937100239,48000,2,240000,5.000000000,-24.88,-12.42,-14.46,1.88,,READY
4699.mp3,989b437d0570ee20dcf04f75547c1d3568006306549edda7c27e0e0117727204,48000,2,240000,5.000000000,-40.80,-24.96,-17.84,17.80,GAIN_ABOVE_+10_DB,READY
4700.mp3,5158797a150b9ebcbe7277444c290de4a8a3a5ea2a88e16e3db95dcb75e46912,48000,2,240000,5.000000000,-28.31,-14.41,-15.90,5.31,,READY
4701.mp3,abb1567ab0835199e108bc8ea37a9d0bf54b94aac9914414b6e85676ac9978ea,48000,2,240000,5.000000000,-20.97,-11.88,-11.09,-2.03,,READY
4702.mp3,571aa5d2915ff1c098475ddbb389934583a7cf1883e23d056f77ebd2909edc05,48000,2,240000,5.000000000,-28.36,-18.30,-12.06,5.36,,READY
4703.mp3,cb30a1f2b318982d439857d5641847eb08da95effb040d371a96280d80b56944,48000,2,240000,5.000000000,-35.52,-22.46,-15.06,12.52,GAIN_ABOVE_+10_DB,READY
4704.mp3,29b87c3a32df674bc0269fe4269da1be0c0a056d83a1639c274f02280acf4632,48000,2,240000,5.000000000,-39.19,-24.82,-16.37,16.19,GAIN_ABOVE_+10_DB,READY
4705.mp3,2f0c7da707c953effbc4227b65e5c6f26d21bc18f8a019c90bae98a1f3d9e1aa,48000,2,240000,5.000000000,-19.36,-6.90,-14.46,-3.64,,READY
4706.mp3,366e90111fc6c01fa9c827600ccfbab289e77a25f8a4e17e5143ad4d52297af8,48000,2,240000,5.000000000,-39.68,-27.53,-14.15,16.68,GAIN_ABOVE_+10_DB,READY
4707.mp3,fb70c5567d09c31ba10f026936021aab2ba260706ccb26b36decabd28c06210f,48000,2,240000,5.000000000,-40.26,-26.28,-15.98,17.26,GAIN_ABOVE_+10_DB,READY
4708.mp3,3629641713d43e0a734bbbd46fadaefa7195f7565b15a49e848cc6c0c56d8434,48000,2,240000,5.000000000,-15.20,-2.80,-14.40,-7.80,,READY
4709.mp3,ef1b9918468d6ef1f3fefb4f5f7b1900593ce07db2a4b10ff5a5396a9b0509aa,48000,2,240000,5.000000000,-37.55,-25.55,-14.00,14.55,GAIN_ABOVE_+10_DB,READY
4710.mp3,29d0efca339c4a2914a2d831d884605da0bcf2b4e0791682002ab30e06d0373c,48000,2,240000,5.000000000,-30.77,-15.46,-17.31,7.77,,READY
4711.mp3,2e5f3b66909ae6c02b6124dbe96918e168543dba51931352e0298fe4bef9e02b,48000,2,240000,5.000000000,-51.18,-40.52,-12.66,28.18,GAIN_ABOVE_+10_DB,READY
4712.mp3,d127b8d48dcbb8c042f490c3d52af77afaae64f23cba9faa99b783b69c203256,48000,2,240000,5.000000000,-32.32,-19.85,-14.47,9.32,,READY
4713.mp3,61538f22021157cda5d66b7fc7640db389fe22368f50d8c251032b4065d61bd4,48000,2,240000,5.000000000,-30.34,-17.74,-14.60,7.34,,READY
4714.mp3,9d9b505d04fc5830de26f113431f0c0d72adeef3f4756999eb319b951f9bb4f8,48000,2,240000,5.000000000,-31.79,-16.28,-17.51,8.79,,READY
4715.mp3,12665dd5bc64bec2568748f47721770a96d550b9ca4e1093c643b106874c54e9,48000,2,240000,5.000000000,-36.60,-23.42,-15.18,13.60,GAIN_ABOVE_+10_DB,READY
4716.mp3,dd0e6e080da8494a44874f4072fc1cea4bb8e58dd670cafb61c6779c93959644,48000,2,240000,5.000000000,-34.92,-23.68,-13.24,11.92,GAIN_ABOVE_+10_DB,READY
4717.mp3,45ca3b2c9b8d5b202885fbd98b9881aa145968883efbfdd127fc2da4ebc47426,48000,2,240000,5.000000000,-50.54,-39.57,-12.97,27.54,GAIN_ABOVE_+10_DB,READY
4718.mp3,322a58b64b5b5fe8ce7ef5efe571aed3265e1a11fb41e2182c56d982f026aded,48000,2,240000,5.000000000,-15.77,-0.79,-16.98,-7.23,,READY
4719.mp3,c473fee8e3e1147b64967b9e4c74e5f9dc10ba1d6d0cd251d127ec850be6d7b1,44100,2,220500,5.000000000,-46.53,-34.68,-13.85,23.53,GAIN_ABOVE_+10_DB,READY
4720.mp3,a2bb46dee383c2839401b7d936af7729793a7a9626420ecfcbd55a3fa94bfff0,48000,2,240000,5.000000000,-10.05,-1.80,-10.25,-12.95,ATTENUATION_BELOW_-10_DB,READY
4721.mp3,8c36a6313c48d0357d04cf2710e86ab34c2a63037414c90ca72af5af1f9dc322,48000,2,240000,5.000000000,-23.00,-2.01,-22.99,0.00,,READY
4722.mp3,b57d454215e19d820c6d07ff41b3a2faf87dccfad6b4a58252856e0d574b2073,48000,2,240000,5.000000000,-32.93,-12.45,-22.48,9.93,,READY
4723.mp3,1d566fb55e41da1dad80a4addc30335b56e25fbf783de79499acee0f965fab04,48000,2,240000,5.000000000,-19.22,-7.00,-14.22,-3.78,,READY
4724.mp3,6cb1a8f696a3f4b1e4008245eed846025bd8c576d275350726834c8a3d952a69,48000,2,240000,5.000000000,-16.92,-5.50,-13.42,-6.08,,READY
4725.mp3,17448588ed0a66b10c466e630819cf5f21d06a65943e8183f89a9ea1671895f3,48000,2,240000,5.000000000,-31.48,-16.07,-17.41,8.48,,READY
4726.mp3,71a329353e02b446e3c264ce8cc9ec6102481cc4b04985d3d292705814118a29,48000,2,240000,5.000000000,-41.67,-32.15,-11.52,18.67,GAIN_ABOVE_+10_DB,READY
4727.mp3,27fb8d330fb9eb662b62cac6bae78a985a30b5091025b1ffb2a440e07606dcd8,48000,2,240000,5.000000000,-27.69,-10.74,-18.95,4.69,,READY
4728.mp3,ae46f35f4ab56666597a252afe78ac0ed91068f36e3f7a13287ad43d3bbb310b,48000,2,240000,5.000000000,-44.73,-28.96,-17.77,21.73,GAIN_ABOVE_+10_DB,READY
4729.mp3,b1159627cf619adc671135743b225dc36e85218218d111f5c3e263c306c1ab6b,48000,2,240000,5.000000000,-25.38,-10.10,-17.28,2.38,,READY
4730.mp3,6a1d2f3afc70b7ebdafe8cde2393e2e427ed8d076c66002484c606949cbe4e69,48000,2,240000,5.000000000,-22.85,-2.71,-22.14,-0.15,,READY
4731.mp3,7fa1af9b7ce43cc6f8a4c43bfb97446205ec695d8a8619086f5d6f1d3ed9759a,48000,2,240000,5.000000000,-29.29,-16.52,-14.77,6.29,,READY
4732.mp3,886016178b764de59889a831e54c18ec5deec02d18c94329c78d3232af9de890,48000,2,240000,5.000000000,-23.38,-8.50,-16.88,0.38,,READY
4733.mp3,1cb092951525895a67d314f5b7ac6a806c37e14884b115bc259f2c9dfe5511af,48000,2,240000,5.000000000,-21.26,-6.85,-16.41,-1.74,,READY
4734.mp3,c58adb4930939d08fcb0374d5178506cb59b59a7f638734b975f218dff5f520a,48000,2,240000,5.000000000,-22.62,-9.03,-15.59,-0.38,,READY
4735.mp3,0b710a85fa966a038470635e5fe2170f4e631ec784904adfb16375a526504e57,48000,2,240000,5.000000000,-43.51,-28.31,-17.20,20.51,GAIN_ABOVE_+10_DB,READY
4736.mp3,0b0f8609d4ec72757052ebf35f184154dc5802b2b85a67967053707d1d5eed60,48000,2,240000,5.000000000,-42.14,-25.63,-18.51,19.14,GAIN_ABOVE_+10_DB,READY
4737.mp3,6cba0c355a81e484ce579e7fe29da6d9048899d4c57b55de29d242ef00a030e7,48000,2,240000,5.000000000,-40.59,-25.28,-17.31,17.59,GAIN_ABOVE_+10_DB,READY
4738.mp3,acebfd460f7ad022c049090dc08654fc46bac66cd10daf138ac7e5f60a2f1b18,48000,2,240000,5.000000000,-45.54,-23.41,-24.13,22.54,GAIN_ABOVE_+10_DB,READY
4739.mp3,ac7cc978a0cc2c5e50eccab1dd8a5b9f928baeca1f910258660bba8e573a689a,48000,2,240000,5.000000000,-21.38,-2.46,-20.92,-1.62,,READY
4740.mp3,4b1a8f81fbf62fa5ccc5b678b783e718c49954f59ff1091b3195579e2c09b833,48000,2,240000,5.000000000,-34.37,-21.65,-14.72,11.37,GAIN_ABOVE_+10_DB,READY
4741.mp3,c59c30eb75ad295e0735d21e0ca632e9f2f84227184c1ba19066a9921cec4738,48000,2,240000,5.000000000,-34.33,-18.68,-17.65,11.33,GAIN_ABOVE_+10_DB,READY
4742.mp3,77d7cc68ea43b98bbab97418c48384efe1c9aafaaf6fcae92b4707519e300eb9,44100,2,220500,5.000000000,-45.99,-26.66,-21.33,22.99,GAIN_ABOVE_+10_DB,READY
4743.mp3,39acce74e50e7cd1c781ecf3d9d5c95535ae1684bc14b49602a148014944f7c0,48000,2,240000,5.000000000,-33.87,-18.70,-17.17,10.87,GAIN_ABOVE_+10_DB,READY
4744.mp3,2e422eb1a5b14526bf15946073c87a1a61018771cb3bc79eb692c4f1424274a0,48000,2,240000,5.000000000,-22.62,-11.74,-12.88,-0.38,,READY
4745.mp3,0ef650bcd05f9385693b2795242dd41c1490efc0c02e680a8277cb4faba62906,48000,2,240000,5.000000000,-14.08,-0.05,-16.03,-8.92,,READY
4746.mp3,d3a65ff5352129864effcfab65f21bb5966b60ec742dc408a9460e84f9f891b0,48000,2,240000,5.000000000,-36.36,-18.64,-19.72,13.36,GAIN_ABOVE_+10_DB,READY
4747.mp3,bea8261ee655c715c81027066a0bfebfc68d46a61490cb5286045824a4ed4442,48000,2,240000,5.000000000,-28.12,-16.39,-13.73,5.12,,READY
4748.mp3,bace722874a984d6addf9be92768f2464e892ca33b359906a85daf60832795b4,48000,2,240000,5.000000000,-28.45,-13.21,-17.24,5.45,,READY
4749.mp3,ef04a46063dcb13239e64caa82fff9c1a65af5847f66e9b4c434b222069dab31,48000,2,240000,5.000000000,-27.08,-10.14,-18.94,4.08,,READY
4750.mp3,c6825438c63c3b912f5a7ae104157286a5b3e9ebb4f704922f6bd119d633e372,44100,2,220500,5.000000000,-21.50,-6.95,-16.55,-1.50,,READY
4751.mp3,4325fa6986eed7f374b0e97abf3bbfe918159da5e271a898dc6a9653a366cbdf,48000,2,240000,5.000000000,-16.26,-0.35,-17.91,-6.74,,READY
4752.mp3,4f15e4105b76f84e9fe4b5da3ca120192ccdd6b30a45d32e7f93adbdb02f27a7,48000,2,240000,5.000000000,-21.32,-5.66,-17.66,-1.68,,READY
4753.mp3,41b494778afce0a9a50aae86f07b33d71e2eb47edbb75602662f7a3ebd866168,48000,2,240000,5.000000000,-32.79,-23.92,-10.87,9.79,,READY
4754.mp3,a88a70865618bce0c69b4e407d19f5fe949396f3532c978a4189afb48db31321,48000,2,240000,5.000000000,-43.70,-24.19,-21.51,20.70,GAIN_ABOVE_+10_DB,READY
4755.mp3,ce14fe4c6d9bb9c6e85a6eb717e6411115d75b3040bf09c71c2ae88d298aa5b4,48000,2,240000,5.000000000,-21.93,-11.02,-12.91,-1.07,,READY
4756.mp3,faf74895e31cda2dc7de9a532448b84bf174d3d161d7e64fd47abebd18d8c2dd,48000,2,240000,5.000000000,-30.79,-18.87,-13.92,7.79,,READY
4757.mp3,f0ca1bdc836f7046c864507358fadaca784fcff3f956b2d6781f08bebd6ab51a,48000,2,240000,5.000000000,-23.39,-11.13,-14.26,0.39,,READY
4758.mp3,7f423c1b6d474c4660f01b85976e1cf22c4d0d99aeea730034d01f2c32c3c460,48000,2,240000,5.000000000,-25.92,-12.51,-15.41,2.92,,READY
4759.mp3,18330b9fefb4b183974f5f016fc7afcf86b8e06f48f2b251b9eb1d0190e83c6c,48000,2,240000,5.000000000,-26.72,-10.47,-18.25,3.72,,READY
4760.mp3,a1bce9ca35d5a943da387753b464ea163f7275cbd54c7b93d374a947ff1ef39e,48000,2,240000,5.000000000,-18.53,-3.17,-17.36,-4.47,,READY
4761.mp3,e396b661a0d95507ea21794a42964c469ab57e7af840bbb4b620ae498e22d43f,48000,2,240000,5.000000000,-33.90,-25.77,-10.13,10.90,GAIN_ABOVE_+10_DB,READY
4762.mp3,5b4125bb07553fa8e4ebb418b4d671bd2aa877bb67f6ce2713ee1067d5502fd6,48000,2,240000,5.000000000,-66.47,-54.25,-14.22,43.47,GAIN_ABOVE_+10_DB,READY
4763.mp3,bb082d4ee65df4c18e792b840d4afd724a867cd8152316a02b41e77e6bf9b09f,48000,2,240000,5.000000000,-25.36,-12.00,-15.36,2.36,,READY
4764.mp3,095dd880f191db3cbebc9bc19273866723b08e4c2118f4abc8ea5d142fbb66b9,48000,2,240000,5.000000000,-39.53,-19.55,-21.98,16.53,GAIN_ABOVE_+10_DB,READY
4765.mp3,c4e2c3066a6080fe83b4df9e24f8bfd2b2dd0e0eee7aaa42287660c28716a448,48000,2,240000,5.000000000,-26.36,-13.88,-14.48,3.36,,READY
4766.mp3,7a4f7ec1488c4917eaf84edbd8b6a2ce19abb6af67af388f45391dd6dc554059,48000,2,240000,5.000000000,-17.23,-1.84,-17.39,-5.77,,READY
4767.mp3,e4d169514020a4339dd27ec797d38baa3d3f633f33f0c5e500555bbcfce3e7a9,48000,2,240000,5.000000000,-48.74,-35.28,-15.46,25.74,GAIN_ABOVE_+10_DB,READY
4768.mp3,638fe823b73378de96c6aec3b952ceec60b01b7b55184fa2cde06d995bc92231,48000,2,240000,5.000000000,-26.19,-15.00,-13.19,3.19,,READY
4769.mp3,1b30731c2dde99a465182f4525ab584cfa69cbd3a6d316059fd2b5335a7077f4,48000,2,240000,5.000000000,-24.55,-7.67,-18.88,1.55,,READY
4770.mp3,ab25eca706abd9517e3b9f62d7b9704c3e06cec8fc370ca03b5abc5c45a74432,48000,2,240000,5.000000000,-14.24,0.33,-16.57,-8.76,,READY
4771.mp3,38a62bdd401f55a7bee4cc3967b37577739fa4c2bbcae0ef39d4bfea5ce37436,48000,2,240000,5.000000000,-13.55,-1.41,-14.14,-9.45,,READY
4772.mp3,be85d9efeae5f110c1d46234911cf65891a07c9cf94801886d94a0545935fdd1,48000,2,240000,5.000000000,-41.55,-26.93,-16.62,18.55,GAIN_ABOVE_+10_DB,READY
4773.mp3,aa04accbfab0553ef3a37df67308dbce23c5e29f7e4753151fbead1085079fe4,48000,2,240000,5.000000000,-15.15,-4.03,-13.12,-7.85,,READY
4774.mp3,89f404107731ab21e481eeaad92327b295a00a1ac86fbf14466a181b0a91aef4,48000,2,240000,5.000000000,-20.51,-6.30,-16.21,-2.49,,READY
4775.mp3,451cc05509f38002dc725f7bc3692eb0f4395289a114f8030c8f65c4422ae03f,48000,2,240000,5.000000000,-56.16,-31.90,-26.26,33.16,GAIN_ABOVE_+10_DB,READY
4776.mp3,0d9fafb149be3d577f40732b1b9b12dd78d0bbd0bbf5dbfe652a4b7c96f21ee5,48000,2,240000,5.000000000,-22.34,-10.19,-14.15,-0.66,,READY
4777.mp3,41d73ca87608d4b798a978f7ba1f7ce89a8be65a3a94771e7481f118d8b74278,48000,2,240000,5.000000000,-61.77,-42.23,-21.54,38.77,GAIN_ABOVE_+10_DB,READY
4778.mp3,7c2da277e6af4abdf61343005b5d101aa76f24ee00e0ccdd41e0ba4d455a1a8d,48000,2,240000,5.000000000,-14.55,-1.95,-14.60,-8.45,,READY
4779.mp3,ecf871c40e855aa7168e28d6edd70c1f47ea8e1b253939b9847af0cdb8d75931,44100,2,220500,5.000000000,-9.77,-0.21,-11.56,-13.23,ATTENUATION_BELOW_-10_DB,READY
4780.mp3,a46ea91f249d5de925f84de20fb1d145bd9f112bc089540ca9e40ecf65ef4fd0,48000,2,240000,5.000000000,-17.96,-2.24,-17.72,-5.04,,READY
4781.mp3,14e4d73ce97f58350bdf9c8414516f6da267a3b6bc00ad6918e42397223cfe27,48000,2,240000,5.000000000,-19.38,-5.97,-15.41,-3.62,,READY
4782.mp3,0bfc33b49fc42f6addcc4744ba1022eb79a1c8582d6e1539ec82763d976e8f19,48000,2,240000,5.000000000,-16.89,-6.00,-12.89,-6.11,,READY
4783.mp3,e7ff6ff072b3a8a2a8d6907a1353e76b1ad0ecba27ab0cf521dfed9dbd602bd6,48000,2,240000,5.000000000,-40.83,-23.45,-19.38,17.83,GAIN_ABOVE_+10_DB,READY
4784.mp3,417dcc6e279d2f890c04c83b85f3dc5618f77ce754f227f09321f3f90008186d,48000,2,240000,5.000000000,-53.17,-36.67,-18.50,30.17,GAIN_ABOVE_+10_DB,READY
4785.mp3,6d90b0fbd49bd4c5425fe8ade6437b9187aa9f29e19014aec4fad43f99b8b356,48000,2,240000,5.000000000,-20.75,-6.34,-16.41,-2.25,,READY
4786.mp3,8f272ab2cdf18715bb843c59a8c570f3c40fcc462cac503ffd73a7bb3199be26,48000,2,240000,5.000000000,-46.12,-23.73,-24.39,23.12,GAIN_ABOVE_+10_DB,READY
4787.mp3,740abb386bb20313785acbcc1ec1d7680e2eee6758c820be3a93cf3a53310adf,48000,2,240000,5.000000000,-47.84,-29.08,-20.76,24.84,GAIN_ABOVE_+10_DB,READY
4788.mp3,4e41bd6808d7d5e3d6c74432ec449096c0835107c41fbb6455a13df1843c5230,48000,2,240000,5.000000000,-28.44,-20.76,-9.68,5.44,,READY
4789.mp3,d7f9c79de0054bad80aa5593e293d2aa9fb78f075220fdca574227e2ab401492,48000,2,240000,5.000000000,-29.73,-18.39,-13.34,6.73,,READY
4790.mp3,c06d084e034487c2af4f470c07f0e8093588861eec2b335778cead8ea0c0524e,48000,2,240000,5.000000000,-33.33,-11.71,-23.62,10.33,GAIN_ABOVE_+10_DB,READY
4791.mp3,b75e964b94d0273ef10e244c1069d9a007764ccd4959c04844f7f5cefc4ae80e,48000,2,240000,5.000000000,-18.64,-5.05,-15.59,-4.36,,READY
4792.mp3,c134e096aa8149bbbd406bd68f7cf6582424b54a886b43617866a0d25e7ef7f1,48000,2,240000,5.000000000,-24.43,-7.99,-18.44,1.43,,READY
4793.mp3,30b96ef74f53f5ae68856d81f3537d95dd6a860e81dbb2a57f011e02219eda7e,48000,2,240000,5.000000000,-23.23,-7.50,-17.73,0.23,,READY
4794.mp3,3210354a2236ae970abaede22fe0b8d0883bad85f6e9bd851aaa4b7ab6a8f57c,48000,2,240000,5.000000000,-26.84,-14.30,-14.54,3.84,,READY
4795.mp3,781d50e84d0e985fcb7ae1aa11a512f8dba52555cedac6a50f18508d2527d380,48000,2,240000,5.000000000,-20.94,-8.80,-14.14,-2.06,,READY
4796.mp3,2d7a3c4a5a40e05d3594f23edd1aa9694bd4636d138a46c3e14819867ea4b926,48000,2,240000,5.000000000,-21.95,-5.21,-18.74,-1.05,,READY
4797.mp3,2178c3f23c312170972a30919cc45fdfe22ea65e691160f8a477e29a851169b7,48000,2,240000,5.000000000,-28.68,-18.54,-12.14,5.68,,READY
4798.mp3,965a1f46a410ccf4cb675a997221f0af8961567525ecfb0dc2d05c6942673e00,44100,2,220500,5.000000000,-21.13,-7.23,-15.90,-1.87,,READY
4799.mp3,3a0d2e470eeb591767e47476f224a340dd405540d19f1d7d42b8439ce8191cdf,48000,2,240000,5.000000000,-9.26,-3.02,-8.24,-13.74,ATTENUATION_BELOW_-10_DB,READY
4800.mp3,786efd8aca1dea47ecaa4dc450927e99c07cde815cd305ebe6979adcdf63f487,48000,2,240000,5.000000000,-31.21,-19.40,-13.81,8.21,,READY
4801.mp3,31b60ffa35551675b47742356b15e0151cf41d216db3be9ddc94aa2d32596eed,48000,2,240000,5.000000000,-21.91,-6.67,-17.24,-1.09,,READY
4802.mp3,3917e2c3484cb2ecb69ebb7a7de4036983ced843f3e213695f378d3ac2fa41d6,48000,2,240000,5.000000000,-26.23,-13.36,-14.87,3.23,,READY
4803.mp3,217ea9264ba5bf43c88bc9e6d03a4f81be510b306218da7cc3128aeedc5e87ef,48000,2,240000,5.000000000,-22.44,-8.19,-16.25,-0.56,,READY
4804.mp3,023bc8d1386c6f34114ddac86de7f799ec8b3e751f43d264f85d1c5e8a1c1af0,48000,2,240000,5.000000000,-25.03,-13.29,-13.74,2.03,,READY
4805.mp3,8dd56f6ca52d29a8b06f7043fc68e8617d6bebd38ed2e55184403d70100917b0,48000,2,240000,5.000000000,-26.85,-13.79,-15.06,3.85,,READY
4806.mp3,5554f7b7532b7f2e0616c07cfb159f66f2549a1cb421f9a6c26ab4c32294c94d,48000,2,240000,5.000000000,-11.16,0.24,-13.40,-11.84,ATTENUATION_BELOW_-10_DB,READY
4807.mp3,96d5b22ae437766ac22602c8b2725a5339960db764067cb5cd53f1e69baff66e,48000,2,240000,5.000000000,-38.56,-26.32,-14.24,15.56,GAIN_ABOVE_+10_DB,READY
4808.mp3,b9f14a4f123f500a0c8e3bdfd348dd43c53e83eaac816a745e801ebb903968ed,48000,2,240000,5.000000000,-28.43,-18.92,-11.51,5.43,,READY
4809.mp3,6f145ca9ba51ffd3196a01f6c25beff58a7e68c936c9294f6b9cb63f7c60a510,48000,2,240000,5.000000000,-22.56,-11.07,-13.49,-0.44,,READY
4810.mp3,34a6776495d1aa5005e6c7ed830a7b38c6666a91a1c1932e4283ef3165675a8f,48000,2,240000,5.000000000,-28.35,-12.05,-18.30,5.35,,READY
4811.mp3,85ddb75069270c37e7bc129c7b6b2d4500cab50adcfca1f2771ba136e65aa188,48000,2,240000,5.000000000,-17.00,-5.57,-13.43,-6.00,,READY
4812.mp3,c051046dad89b1e0527b7d6080305a99a273ac8d48543e7a1ab273935322ae40,48000,2,240000,5.000000000,-23.58,-6.89,-18.69,0.58,,READY
4813.mp3,96ff35059d50cf6330bf760000843aa2f50da8738bb68af2aa353cebcc2460c4,48000,2,240000,5.000000000,-39.69,-26.21,-15.48,16.69,GAIN_ABOVE_+10_DB,READY
4814.mp3,4760c1edb97cdcef7bb6ec036698ecb0f66cfe25acacaf8600df342840e43b46,48000,2,240000,5.000000000,-37.49,-12.81,-26.68,14.49,GAIN_ABOVE_+10_DB,READY
4815.mp3,83a364b92ef2bf7fb3509baf3d9bc2cd18a495c64df565226b5fc1ef57941124,48000,2,240000,5.000000000,-29.34,-16.31,-15.03,6.34,,READY
4816.mp3,7ab40046ee96b788059a8b496081cf55849e93c866a03a3b7a18a39848f5f4e9,48000,2,240000,5.000000000,-24.22,-13.87,-12.35,1.22,,READY
4817.mp3,e830325d18576173fc198304a72a7ab045df34a98e13198592f00d3d69396131,48000,2,240000,5.000000000,-19.54,-3.13,-18.41,-3.46,,READY
4818.mp3,da9232e2d8f5ca31bb3d5022fe1c674fb02260eb64b3cd51174ee7c613150d3f,48000,2,240000,5.000000000,-25.37,-7.93,-19.44,2.37,,READY
4819.mp3,c7b6baba4607bf28e880870e3a03055d9cb61bf641c5a6a3278ba83d16bb751b,48000,2,240000,5.000000000,-52.16,-36.48,-17.68,29.16,GAIN_ABOVE_+10_DB,READY
4820.mp3,68f17ca7677faf4e14ca226eae8bf7751e5a0afef59cb9542ac7af8ac0873f2e,48000,2,240000,5.000000000,-29.11,-14.74,-16.37,6.11,,READY
4821.mp3,dbaa44b4159ec5cc2bb1a894feb0a2e144a46242373674763053141709967ae2,48000,2,240000,5.000000000,-20.33,-9.73,-12.60,-2.67,,READY
4822.mp3,81bcdcccc6d292b72e9f83a7bbdee2057bca8cf9b58a04920a09dce45f3d0306,48000,2,240000,5.000000000,-27.91,-16.93,-12.98,4.91,,READY
4823.mp3,0f7ba1b767da5555c80ff0bb54d60fafdf9fe04cc3f8386cb552276ce817cd00,48000,2,240000,5.000000000,-37.89,-29.60,-10.29,14.89,GAIN_ABOVE_+10_DB,READY
4824.mp3,c8ab373b8fe8ec3c68bcbe64eabef9ff13ffd832f1b7cece746206f479b71782,48000,2,240000,5.000000000,-20.59,-8.23,-14.36,-2.41,,READY
4825.mp3,79868288b1e66da517f9e2bcb33ceb3a50d50197d196c529458bdb76d45803a9,48000,2,240000,5.000000000,-54.75,-28.91,-27.84,31.75,GAIN_ABOVE_+10_DB,READY
4826.mp3,98a49e4a761840b69f5f5a6e286900db771cb87fccc6da4af74d898b6e4aa5a7,48000,2,240000,5.000000000,-35.60,-21.35,-16.25,12.60,GAIN_ABOVE_+10_DB,READY
4827.mp3,abe1ed1f1cb2681aa65624a4cf9c45746ed4789f31a9ac033815cfd30957b0b2,48000,2,240000,5.000000000,-18.84,-0.56,-20.28,-4.16,,READY
4828.mp3,2eaa57f4f4ef329c32f3b864bc7e047c81c0bc1fe150cf722c716c61fb14ed1f,48000,2,240000,5.000000000,-21.06,-1.58,-21.48,-1.94,,READY
4829.mp3,b05257270ab45b484fa9fb2be011fde8382a378debcd1dfc551a71624d283b96,48000,2,240000,5.000000000,-48.97,-38.08,-12.89,25.97,GAIN_ABOVE_+10_DB,READY
4830.mp3,b6fc4d6ef220a106f5b491a66b542ea154188590b15f1d054487ba65672ce729,48000,2,240000,5.000000000,-66.82,-50.74,-18.08,43.82,GAIN_ABOVE_+10_DB,READY
4831.mp3,f1397b273565c552423f0f9a23233bab974f37783d39f02efd98104508b63aee,48000,2,240000,5.000000000,-26.95,-17.36,-11.59,3.95,,READY
4832.mp3,ccae6e4bb122998c0abe3e88c9f69b56e65222c4ba455936fb7019306b1e18ed,48000,2,240000,5.000000000,-23.05,-13.43,-11.62,0.05,,READY
4833.mp3,baaa6441116ef8e2209c3508fe8e544bf01adbadc387ff9ae239f265e17667da,48000,2,240000,5.000000000,-17.62,-5.92,-13.70,-5.38,,READY
4834.mp3,09dcb662a01dfcd179d52435f7e4fb45eb371eece3b33f82536d48ed91dbe128,48000,2,240000,5.000000000,-24.52,-15.79,-10.73,1.52,,READY
